nan-TW-Latn-pehoeji,nan-TW-Latn-tailo,zh-Hant-TW,en-US
á | á-sī,á | á-sī,或 | 或是 | 還是,or
Lí chai á m̄ chai?,,你知道還是不知道？,Do you know or not?
Lí ài chia̍h Bí-kok hun á-sī Tâi-oân hun?,,你喜歡抽美國煙還是台灣煙？,Do you like to smoke American or Taiwanese cigarettes?
a,a,阿,a honorific prefix to names
a-chó͘ | lāi-chó͘,a-tsóo | lāi-tsóo,曾祖父 | 曾祖母,father's grandparents
"Lāu-pē ê a-kong, a-má hō-chò a-chó͘ (lāi-chó͘).",,父親的祖父，祖母叫做曾祖父（母）,A father’s grandfather or grandmother is called “[a-chó͘]” [(lāi-chó͘)].
a-chó͘ | gōa-chó͘,a-tsóo | guā-tsóo,曾祖父 | 曾祖母,mother's grandparents
"Lāu-bú ê a-kong, a-má ā-sī kiò-chò a-chó͘ (gōa-chó͘).",,母親的祖父，祖母也是叫做曾祖父（母）,A mother’s grandfather or grandmother is also called “[a-chó͘]” ([gōa-chó͘]).
a-kong | lāi-kong,a-kong | lāi-kong,爺爺 | 內祖父,
Lāu-pē ê lāu-pē kiò-chò a-kong.,,父親的父親叫做祖父（內祖父）,A father’s father is called [“a-kong”].
a-kong | gōa-kong,a-kong | guā-kong,公公 | 外祖父,
Lāu-bú ê lāu-pē kiò-chò gōa-kong.,,母親的父親叫做外祖父。,A mother’s father is called “[gōa-kong]”. (The natives very often omit the “[gōa]” here and simply say “[a-kong]”).
a-má | lāi-má,a-má | lāi-má,奶奶 | 內祖母,
Lāu-pē ê lāu-bú kiò-chò a-má (lāi-má).,,父親的母親叫做祖母（內祖母）,A father’s mother is called “[a-má]”.
a-mà | gōa-má,a-mà | guā-má,婆婆 | 外祖母,
Lāu-bú ê lāu-bú kiò-chò gōa-má.,,母親的母親叫做外祖母,A mother’s mother is called “[gōa-má]”. (The natives often omit the “[gōa]” and simply say “[a-má]”).
a-ko͘,a-koo,姑姑 | 姑母,
Lāu-pē ê chí-mōe kiò-chò a-ko͘.,,父親的姐妹叫做姑母,A father’s sisters are called [a-ko͘].
ko͘-tiūⁿ,koo-tiūnn,姑父,
a-kū,a-kū,舅舅 | 舅父,
Lāu-bú ê hiaⁿ-tī kiò-chò a-kū.,,母親的兄弟叫做舅父,A mother’s brothers are called “[a-kū]”.
a-kīm,a-kīm,舅母,
A-kū ê thài-thài chiū-sī a-kīm.,,舅父的太太就是舅母,A-kū’s wife is a-kīm.
a-î,a-î,姨母,
Lāu-bú ê chí-mōe kiò-chò a-î.,,母親的姐妹叫做姨母,A mother’s sisters are called “[a-î]”.
î-tiūⁿ,î-tiūnn,姨父,
a-peh,a-peh,伯伯 | 伯父,
Lāu-pē ê a-hiaⁿ kiò-chò a-peh.,,父親的哥哥叫做伯父,A father’s older brother is called “[a-peh]”.
a-ḿ,a-ḿ,伯母,
A-peh ê thài-thài hō-chò a-ḿ.,,伯父的太太叫做伯母,A-peh’s wife is called “[a-ḿ]”.
a-chek,a-tsik,叔叔 | 叔父,
Lāu-pē ê sió-tī kiò-chò a-chek.,,父親的弟弟叫做叔父,A father’s little brother is called “[a-chek]”.
a-chím,a-tsím,嬸嬸 | 叔母,
A-chek ê thài-thài chiū-sī a-chím.,,叔父的太太叫做叔母,[A-chím] is a-chek’s wife.
a-hiaⁿ,a-hiann,哥哥,
a-só,a-só,嫂嫂,
A-hiaⁿ ê khan-chhiú kiò-chò a-só; sió-tī ê khan-chhiú kiò-chò tē-hū.,,哥哥的妻子叫做嫂嫂，弟弟的妻子叫做弟婦,A big brother’s wife is called “[a-só]”; a younger brother’s wife is called “[tē-hū]”.
a-chiu,a-tsiu,亞洲,Asia.
a-phiàn,a-phiàn,鴉片,Opium
āⁿ,ānn,餡,bean-jam
àⁿ lo̍h-khì,ànn lo̍h-khì,彎腰 | 俯下去,to stoop down
"Thô͘-kha ū ka-la̍uh chîⁿ, àⁿ-lo̍h-khì khioh--khí-lâi.",,地上有遺落的錢，俯下去拾起來,Some money has dropped on the floor. Stoop down and pick up.
ah | ah-á,ah | ah-á,鴨,a duck
ah-bú | ah-bó,ah-bú | ah-bó,母鴨,a duck
ah-kang,ah-kang,公鴨,a drake
ah-nn̄g,ah-nn̄g,鴨蛋,duck eggs
ah-bah,ah-bah,鴨肉,duck meat
ài,ài,要 | 愛 | 喜歡,to wish | desire | want | need | should | will | love | like | sign of future
chin-ài,tsin-ài,很喜歡,to like very much | to want very much
Góa chin ài o̍h Thian-chú-kàu ê tō-lí.,,我很喜歡學天主教的道理,I like very much to learn the Catholic doctrine.
chin-bô-ài,tsin-bô-ài,很不喜歡,very much not like (want) to | very much dislike
Góa chin bô ài kā lâng kà Eng-gí.,,我很不喜歡教別人英語,I very much dislike teaching people English.
khah-ài,khah-ài,比較喜歡 | 寧願,to prefer to
khah bô-ài,khah bô-ài,比較不喜歡,to prefer not to
"Góa khah ài chē bah-suh, khah bô ài chē hóe-chhia.",,我比較喜歡坐巴士，比較不喜歡坐火車,"I prefer to ride in buses, I prefer not to ride in trains."
lóng-ài,lóng-ài,都喜歡,to like entirely (all of)
"Tâi-oân ê liāu-lí, góa lóng-ài chia̍h.",,台灣的菜餚，我都喜歡吃,I like all kinds of Taiwanese dishes.
lóng bô-ài,lóng bô-ài,都不喜歡,not to like at all
Góa lóng bô ài lim chiú.,,我(都)不喜歡喝酒,I don’t like to drink wine at all.
bô sím-mih ài,bô sím-mih ài,不怎麼喜歡,not to be particularly fond of
Góa bô sím-mih ài lim khì-chúi.,,我不怎麽喜歡喝汽水,I am not particularly fond of soda pop.
ke̍k-ài,ke̍k-ài,最喜歡,to be extremely fond of
put-chí-ài,put-tsí-ài,很喜歡,to be exceedingly fond of
hui-siông ài,hui-siông ài,非常喜歡,to be unusually fond of
Hit ūi sîn-hū ke̍k-ài kóng chhiò.,,那位神父最喜歡講笑話,That priest is extremely fond of joking.
siōng-ài,siōng-ài,最喜歡,To like the most
"Lín saⁿ ūi sîn-hū, sím-mih lâng siōng-ài siû-chúi?",,你們三位神父，那一位最喜歡游泳？,"Of you three Fathers, who likes to swim the most?"
tē it ài,tē it ài,最喜歡,To be the most fond of
"Lín saⁿ ūi sîn-hū, sím-mih lâng siōng-ài siû-chúi?",,你們三位神父，那一位最喜歡游泳？,"Of you three Fathers, who likes to swim the most?"
ài,ài,有‧‧‧之癖的,to be apt to | to be prone of
Hit ê lâng ài kap lâng oan-ke.,,那個人很喜歡跟人打架,That fellow is prone to quarrel (to fight and fuss) with others.
ài-bō͘,ài-bōo,愛慕,to love ardently
ài-khùn,ài-khùn,愛睡的,to be sleepy
Lí ē ài-khùn--bē? Góa chin ài-khùn.,,你睏嗎？我很睏,Are you sleepy? I am very sleepy.
ài-jîn,ài-jîn,愛人 | 意中人,a sweetheart
ài-chêng,ài-tsîng,愛情,love | affection
"Pē-bú ê ài-chêng sī pí soaⁿ khah koân, pí hái khah chhim.",,父母的愛情是比山還高，比海還深。,Parent’s love is higher than the mountains and deeper than the sea.
ài-kok-sim,ài-kok-sim,愛國心,patriotism
I sī chi̍t ê chin ū ài-kok-sim ê eng-hiông.,,他是一個很有愛國心的英雄,He is a hero of patriotism.
ai-kiû,ai-kiû,哀求 | 懇求,to entreat | petition | request
I ai-kiû góa tio̍h chi̍t chheng kho͘ chioh--i.,,他懇求我得把壹千元借給他,He is requesting me to lend him a thousand dollars.
ai-keng,ai-king,哀矜,works of mercy | charitable deeds
"Chò bô lâng khòaⁿ--kìⁿ ê ai-keng, Thian-chú lóng ē chai-iáⁿ.",,做沒有被別人看到的哀矜，天主都會知道,"If one does a charitable deed, which no one sees, God will know all about it."
ai-ki̍p,ai-ki̍p,埃及,Egypt
ài-māi,ài-māi,曖昧,underhand | deceitful
Tùi kim-chîⁿ chi̍t-sut-lá to m̄-thang ài-māi.,,對金錢一點也不要曖昧(馬虎),Don’t be deceitful (underhand) about the least bit of money.
āiⁿ,āinn,背,to carry a person on one's back
Hit ê hū-jîn-lâng āiⁿ (or iāng) chi̍t ê gín-ná.,,那個婦人背一個小孩子,That woman is carrying a child on her back.
ak-hoe,ak-hue,澆水 | 澆花,to water flowers
ak-hō͘,ak-hōo,淋雨,to be caught in the rain
M̄-thang chhut-khì gōa-bīn ak hō͘.,,不要出去外面淋雨,Don’t go outside and get caught in the rain.
ak-tio̍h-hō͘,ak-tio̍h-hōo,淋著雨,past participle of [ak-hoo7]
Góa cha-hng khì sàm-pō͘ ê sî ū ak-tio̍h hō͘.,,我昨天去散步的時候淋到了雨,"Yesterday, when I went for a walk, I was caught in the rain."
"Saⁿ m̄-thang phi tòa hia, ē ak-tio̍h hō͘.",,衣服不要晾在那裡，會淋到雨,"Don’t hang out the clothes over there, they will be soaked in the rain."
ak-chúi,ak-tsuí,澆水,to water | to sprinkle
"Chin kú bô lo̍h-hō͘, hoe tio̍h ài ak chiú.",,很久沒有下雨，花木要澆水,"It has not rained for a long time, the flowers must be watered."
ak-chhiú,ak-tshiú,握手,a hand-shake | to shake hand
I ū kap góa ak-chhiú.,,他和我握手,He shook hands with me.
àm-sî,àm-sî,晚上,at night
àm,àm,暗,dark
eng-àm,ing-àm,今天晚上,tonight
chang-àm,tsang-àm,昨天晚上,last-night
boeh-àm-á | boeh-àm-á-sî,bueh-àm-á | bueh-àm-á-sî,黃昏,at dusk
I boeh-àm-á chiū ē tńg--lâi.,,他傍晚就會囘來,He will come back at dusk.
àm-khò,àm-khò,晚課,night prayers
liām àm-khò,liām àm-khò,念晚課,to say night prayers
ám | khó,ám | khó,泔,rice water | watery
ám-môe,ám-muê,稀飯,congee | rice boiled very soft and watery
àm-kì,àm-kì,暗記 | 背念,memorizing | to memorize
Chit khò tio̍h-ài àm-kì khí--lâi.,,這課你要暗記(背念)起來,You must memorize this lesson.
àm-siōng,àm-siōng,背誦,to recite | recitation
Lí ē-hiáu àm-siōng Siōng Téng Thòng-hóe Keng--bē?,,你會不會背誦(背念)上等痛悔經嗎？,Can you recite the act of perfect contrition?
àm-hō,àm-hō,暗號,a cipher | a code-word | a password | a signal
àm-sek,àm-sik,暗室,a dark room for photography
àm-sat,àm-sat,暗殺,to assassinate
Hit ê lâng siūⁿ boeh àm-sat Bí-kok chóng-thóng.,,那個人想要暗殺美國總統,That fellow is planning to assassinate the president of America.
àm-sī,àm-sī,暗示,a hint | to suggest
"Chit tiâu soàn-su̍t, lí nā kā I àm-sī, i chiū ē hiáu sǹg.",,這題算術你若給他暗示，他就會算,"If you would give him a hint, he would be able to solve this problem (in mathematics)."
âm-khang,âm-khang,暗渠 | 暗溝,an underdrain | a subterranean drain
"Âm-khang that-le chúi bē lâu, ài chheng-chheng--lè!",,暗溝堵塞着水不流，把他清一清,The drain is stopped up; it must be cleared.
án-chóaⁿ | chái-iūⁿ | ná,án-tsuánn | tsái-iūnn | ná,怎麼,Why? How?
án-ni,án-ni,這樣 | 如此,thus | so
ân,ân,緊,tight
an-choân,an-tsuân,安全,safe | reliable | safety
an-choân tē-it,an-tsuân tē-it,安全第一,Safety first!
an-sim,an-sim,放心,to feel at ease | peace of mind | free from anxiety
"Lí ê pīⁿ it-tēng ē hó, chhiáⁿ lí an-sim.",,你的病一定會好，請你放心,"You certainly will recover from your sickness, please be at ease."
an-lo̍k,an-lo̍k,安樂,peaceful | comfortable
Tâi-oân sī chin an-lo̍k ê só͘-chāi.,,台灣是很安樂的地方,Formosa is a very peaceful place.
an-ún,an-ún,安穩,quiet | peaceful | safety
An-ún kòe-ji̍t.,,安穩過日,To live in peace and quiet. (To pass the days peacefully)
an-ùi,an-uì,安慰,to comfort | console
"I sí chi̍t ê gín-ná, sim-koaⁿ it-tēng chin kan-khó͘, lán lâi-khì kā i an-ùi.",,他失掉一個孩子心肝一定真艱苦我們來去安慰他,"He just lost a child, he is very much grieved, let’s go and console him."
àn-sǹg,àn-sǹg,打算,intend to | presume | expect
Lí àn-sǹg boeh tòa Tâi-pak kúi ji̍t?,,你打算在台北住幾天,How many days do you expect to stay in Taipei?
"Góa àn-sǹg ē hó thiⁿ, soah bô tòa hō͘-sòaⁿ lâi.",,我打算天會放晴，所以沒有帶雨傘來,"I thought the weather would be good, so I did not bring an umbrella."
àn-kiāⁿ,àn-kiānn,案件,a case
Lu̍t-su kóng chit ê àn-kiâⁿ chin hùi-khì.,,律師說這個案件很麻煩,The lawyer said this case is very troublesome.
âng,âng,紅,red
âng-sek,âng-sik,紅色,red color.
âng-tê,âng-tê,紅茶,black tea
âng-iⁿ-á | âng-eⁿ-á,âng-inn-á | âng-enn-á,嬰孩,an infant
seⁿ âng-eⁿ-á | siⁿ âng-iⁿ-á,senn âng-enn-á | sinn âng-inn-á,生嬰孩,to give birth to a baby
ang-á,ang-á,玩偶 | 洋娃娃 | 卡通,a doll | drawings
ang-á tô͘,ang-á tôo,卡通 | 圖畫,cartoons | comics
Gín-ná ài khòaⁿ ang-á tô͘.,,孩子們喜歡看卡通,Kids like to look at cartoons. (comics)
ang,ang,丈夫,husband
Ang tio̍h-ài thàn chîⁿ chhī bó͘-kiáⁿ.,,丈夫必須賺錢養妻子,A husband ought to earn money to support his wife and rear his children.
ang-bó͘,ang-bóo,夫妻,husband and wife
âng-phôe-chhài | kiô,âng-phuê-tshài | kiô,茄子,an egg plant (lit. red skin vegetable)
âng-mô͘-thô͘ | âng-mn̂g-thô͘ | chúi-nî,âng-môo-thôo | âng-mn̂g-thôo | tsuí-nî,水泥,cement
Chhù-lāi ê thô͘-kha lóng ài boah âng-mô͘-thô͘.,,家裡的地板都要塗上水泥,All the floors in the house must be made of cement.
a̍p,a̍p,盒,a little box
ap-pek,ap-pik,壓迫,to press | pressure | to oppress | to force
M̄-thang ap-pek lâng chò bô-lí ê tāi-chì.,,不要壓迫他人做無理的事情,Don’t force people to do things that are unreasonable.
at,at,折,"to break | to snap (things which have the classifier ""[KI]"")"
Chit ki tek-á lí at khòaⁿ ē tn̄g--bē.,,這根竹竿你折得斷嗎？,See if you can break this piece of bamboo in two.
āu,āu,後,behind
āu-piah,āu-piah,後面,behind
āu-bīn,āu-bīn,後面,behind
āu-pái,āu-pái,下次 | 往後,next time | in the future
āu-lâi,āu-lâi,後來,after | afterwards
āu--ji̍t,āu--ji̍t,後天,the day of tomorrow
āu-ji̍t,āu-ji̍t,後來 | 以後,on some indefinite day in the future
āu,āu,後 | 下,next | the one following
āu-kù,āu-kù,下句,the next sentence
āu lé-pài,āu lé-pài,下個禮拜 | 下個星期,next week
āu-chú-ji̍t,āu-tsú-ji̍t,下個主日,next Sunday
āu-kó͘-goe̍h,āu-kóo-gue̍h,下個月,next month
āu-goe̍h-ji̍t,āu-gue̍h-ji̍t,下個月,next month
āu lé-pài gō͘,āu lé-pài gōo,下個禮拜五,next Friday
āu-nî,āu-nî,將來,some future year
āu--nî,āu--nî,後年,year after next
au-á,au-á,甌 | 杯子,cup
tê au-á,tê au-á,茶杯,tea cup
chi̍t au tê,tsi̍t au tê,一杯茶,a cup of tea
chi̍t au chúi,tsi̍t au tsuí,一杯酒,a cup of wine
au-chiu,au-tsiu,歐洲,Europe
àu,àu,腐,rotten
Chit tè ti-bah àu--khì--à.,,這塊猪肉腐爛了,This piece of pork is spoiled.
áu,áu,折,to bend
Chit ki tek-á áu bē tn̄g.,,這根竹子折不斷,This stick of bamboo will not break when it is bent.
āu-bú | āu-bó,āu-bú | āu-bó,後母 | 繼母,a stepmother
bā,bā,碼,one yard | 3 ft.
bâ,bâ,麻痹,numb
"Góa kūi chin kú, só͘-í kha chin bâ.",,我跪了很久，所以脚很麻,"I have been kneeling for a long time, so my legs are numb."
bâ-io̍h,bâ-io̍h,麻醉藥,a narcotic | an anaesthetic
bā | ba̍t,bā | ba̍t,緊 | 密合的 | 密閉的,(to shut or to cover) tight | fast
Chit sìⁿ mn̂g koaiⁿ bē bā (or ba̍t).,,Chit sìⁿ mn̂g koaiⁿ bē bā (or ba̍t).,This door is not closed tight.
Chit ê a̍p-á-kòa khàm ē bā (or ba̍t).,,Chit ê a̍p-á-kòa khàm ē bā (or ba̍t).,The cover of this box is on very tight.
Chit ê pêng-iú kap góa chin bā (but not ba̍t).,,Chit ê pêng-iú kap góa chin bā (but not ba̍t).,This friend is very close to me.
bah,bah,肉,meat
ti-bah,ti-bah,猪肉,pork
gû-bah,gû-bah,牛肉,beef
iûⁿ-bah,iûnn-bah,羊肉,mutton
ke-bah,ke-bah,鷄肉,chicken
ah-bah,ah-bah,鴨肉,duck
chiaⁿ-bah | sán-bah,tsiann-bah | sán-bah,瘦肉,lean meat
pûi-bah,puî-bah,肥肉,fat
bah-thng,bah-thng,肉湯,gravy
Bah-thng siuⁿ kiâm.,,肉湯過鹹,The gravy is too salty.
bah-suh,bah-suh,公共汽車 | 巴士,a bus
bái,bái,醜,ugly | bad
bāi,bāi,看,a suffix | to try
chhì khòaⁿ-bāi,tshì khuànn-bāi,試試看,to try
"Lí kóng ē-hiáu chò, chhì khòaⁿ-bāi--lè!",,你説你會做，試試看,"You say you can do it, go try it!"
chia̍h khòaⁿ bāi,tsia̍h khuànn bāi,吃吃看,to try to eat | to taste
khì khòaⁿ bāi,khì khuànn bāi,去看看,go and take a look
chò khòaⁿ-bāi,tsò khuànn-bāi,做做看,try to do it
phīⁿ khòaⁿ bāi,phīnn khuànn bāi,聞聞看,smell it
ba̍k-chiap,ba̍k-tsiap,眼淚,tears
ba̍k-sái,ba̍k-sái,眼淚,tears
ba̍k-chiu,ba̍k-tsiu,眼睛,eyes
chi̍t ba̍k nih-á,tsi̍t ba̍k nih-á,一瞬間,one twinkle of the eyes | A very time | an instant
ba̍k-iû,ba̍k-iû,目油 | 眼淚,water from the eyes
Hun kah lâu ba̍k-iû.,,燻得流出眼淚來,So smoky that the eyes water.
ba̍k-bâi,ba̍k-bâi,眉毛,eyebrows
ba̍k-chiu-mo͘,ba̍k-tsiu-moo,睫毛,eye-lashes
ba̍k-chiu-jîn,ba̍k-tsiu-jîn,眼珠,an eyeball
ba̍k-chiu-phôe,ba̍k-tsiu-phuê,眼瞼,an eyelid
ba̍k-io̍h,ba̍k-io̍h,眼藥,eye-lotion | eyewash
ba̍k-sái-ko,ba̍k-sái-ko,眼脂,eye-mucus
ba̍k-kiàⁿ,ba̍k-kiànn,眼鏡,eye-glass | spectacles
kòa ba̍k-kiàⁿ,kuà ba̍k-kiànn,戴眼睛,to wear spectacles | to wear glasses.
ba̍k-chhiūⁿ-sai-hū,ba̍k-tshiūnn-sai-hū,木匠,carpenter
ba̍k-chúi,ba̍k-tsuí,墨水,ink
bak chúi,bak tsuí,玩水,dabbling in water
"Gín-ná, lín m̄-thang bak chúi.",,孩子，你們不要玩水,You kid should not play with water.
ba̍k-kia̍h,ba̍k-kia̍h,木屐,wooden shoes worn in Taiwan
bān,bān,慢 | 緩,slow
bān,bān,萬,10 | 000
chi̍t pah bān,tsi̍t pah bān,一百萬,1 | 000
bān-it,bān-it,萬一,if perchance | by any chance | should there be
"Bān-it nā ū chiàn-cheng, lí boeh tńg-khì Bí-kok--bô?",,萬一有戰爭，你要囘美國嗎？,"If by chance there should be a war, would you return to America?"
bān-liân pit,bān-liân pit,自來水筆 | 萬年筆 | 鋼筆,fountain pen
bán,bán,採 | 摘,to pick | to pull | to pluck
bán tê,bán tê,採茶葉,to pick tea leaves
bán ông-lâi,bán ông-lâi,摘鳳梨,to pick pineapples
bán hoe,bán hue,採花,to pluck flowers
bán chhài,bán tshài,摘菜,to pick vegetables
bân,bân,慢,indolent | to neglect one's duty
"Chit ê gín-ná chin bân, lóng kiò bā kiâⁿ.",,這個孩子很怠慢，都叫不動,"This child is very negligent, he won’t do what he is told."
bāng,bāng,夢,a dream
bāng-kìⁿ,bāng-kìnn,夢見,to dream
Chang-àm góa bāng-kìⁿ chi̍t ê bāng chin chhù-bī.,,昨夜做了一個夢很有趣,I had a very interesting dream last night.
báng | báng-á,báng | báng-á,蚊子,a mosquito
báng-tà,báng-tà,蚊帳,a mosquito net
bāng-á,bāng-á,網,a net
bāng-á-mn̂g,bāng-á-mn̂g,網屏,screens
bāng-kiû,bāng-kiû,網球,tennis
bāng,bāng,希望,a hope | a prospect | to expect
ū bāng,ū bāng,有希望,hopeful | promising
bô bāng,bô bāng,沒有希望 | 絕望,hopeless | desperate
"Chit ê gín-ná khiáu koh kut-la̍t, chiong-lâi it-tēng chin ū bāng.",,這個孩子既聰明又勤勉，將來一定很有希望,This lad is clever and diligent; his future is very promising.
Chit ê pīⁿ-lâng bāng Thian-chú ê pó-iū í-gōa bô sím-mih hoat-tō͘--a.,,這個病人望天主保佑他以外沒有什麽辦法了,"Besides hope in God’s protection, nothing can be done for this sick person."
bat,bat,曾經,have been + verb
m̄-bat,m̄-bat,未曾,never
ba̍t-sat,ba̍t-sat,臭蟲,a bed bug
bat,bat,認識,to know | to recognize
M̄ jīn bat Thian-chú.,,不認識天主,Not to acknowledge that there is a God.
M̄ sio-bat.,,不相識,do not know each other.
ba̍t,ba̍t,密,secretly | closely
Chhàng khah ba̍t--lè,,,to hide it more secretly.
Khǹg khah ba̍t--lè,,,"to put closer together, to hide it more secretly."
Khiā khah ba̍t--lè,,,to stand closer together
Chèng khah ba̍t--lè,,,to plant more closely together
ba̍uh | pau-pān,ba̍uh | pau-pān,包辦 | 承辦,to contract for a piece of work
Chit keng chhia-khò͘ hō͘ lí ba̍uh khí ài kúi ê chîⁿ?,,這間車庫給你包辦建築要多少錢？,How much would be your contract for this garage?
bē hiáu,bē hiáu,不會,not understand | not to know to
bé,bé,馬,a horse
khiâ bé,khiâ bé,騎馬,to ride a horse
bé,bé,買,to buy
bē,bē,賣,to sell
bé-bē,bé-bē,買賣,trade | bussiness
bē,bē,不,not able
bē ēng--tit,bē īng--tit,不行 | 不能用的,improper | not alright
bē-kì-tit,bē-kì-tit,忘記,do not remember | to forget
bē sìn--tit,bē sìn--tit,不能信的,can not be believed | can not believe | do not believe
"I kóng ê ōe, góa lóng bē sìn--tit.",,他說的話，我都不能相信,I don’t believe anything he says.
bē jīn--tit,bē jīn--tit,不認得,can not recognize | can not be recognized | do not recognize
"Hit ê lâng ê bīn, lí ē jīn--tit--bē?",,那個人的臉，你認得嗎？,Do you recognize that fellow’s face?
bē-tàng,bē-tàng,不能,can not
bê-sìn,bê-sìn,迷信,superstitions
Bê-sìn it-tēng ài phah-phòa.,,迷信一定要打破,Superstitions certainly must be destroyed.
bé-chô,bé-tsô,粖槽,a crib
bé-tiâu,bé-tiâu,馬廄,a stable
bē-tiâu,bē-tiâu,不牢,not firmly fixed | fastened or tied
kì bē-tiâu,kì bē-tiâu,記不牢,can not memorize
"Chit kù chin chhim, kì lóng bē tiâu (or chin oh àm-kì).",,這句很深，都記不住（很難背誦）,"This is a very difficult sentence, I can not memorize it."
khó bē-tiâu,khó bē-tiâu,考不上,can not pass entrance exam
Lí nā m̄ tha̍k chheh ē khó bē tiâu.,,你要是不讀書，你會考不取,"If you won’t study, you will not be able to pass the examination."
liâm bē-tiâu,liâm bē-tiâu,黏不牢,will not stick on
Chng-á kap chng-á bô ēng âng-mô͘-thô͘ liâm bē tiâu.,,磚子和磚子間，不用水泥就粘不着,"If you don’t use cement, one brick will not stick to the other."
khiā bē-tiâu,khiā bē-tiâu,站不住,can't stand up | can't remain standing
Góa lâng kan-khó͘ kah khiā bē tiâu.,,我身體不舒服以致於站不住,I am so sick that I can’t stand on my feet.
pa̍k bē-tiâu,pa̍k bē-tiâu,縛不牢 | 綁不住,can not tie up
"Chit chiah káu ēng soh-á pa̍k bē tiâu , liâm-piⁿ ē kā--tn̄g.",,這隻狗用繩子綁不住，馬上就咬斷,"You can’t tie up this dog with a rope, he immediately bites it in two."
khùn bē-tiâu,khùn bē-tiâu,睡不着,can not stay in bed
"I-seng kiò góa m̄-thang peh--khí-lâi, góa m̄-kú khùn bē tiâu.",,醫生叫我不要起床，但是我再也躺不住了,"The doctor told me not to get up, but I can’t stay in bed."
chia̍h bē-tiâu,tsia̍h bē-tiâu,吃不牢,can't hold anything down
"Chit ê gín-ná io̍h-á chia̍h lóng bē tiâu (pak), liâm-piⁿ thò͘-thò͘--chhut-lâi.",,這個孩子醫藥都吃不下肚子，一會兒就吐出來,"This youngster can’t hold any medicine down, he immediately throws it up."
bê,bê,迷 | 誘惑 | 奪魂,tempt | charm | fascinate
Lí m̄-thang hō͘ pháiⁿ cha-bó͘ bê--khì.,,你不要被壞女人誘惑（迷）,Don’t be fascinated by a wicked woman.
be̍h-á,be̍h-á,麥,wheat
be̍h-á-chiú,be̍h-á-tsiú,啤酒 | 麥酒,beer
hoan-be̍h,huan-be̍h,玉米 | 玉蜀黍,maize | corn
beh | boeh,beh | bueh,要,to want | wish | will | sign of future
Hit ê lâng teh boeh (beh) sí--à!,,那個人快要死了！,That man is on the point of death. (in articulo mortis)
be̍h-á | boe̍h-á,be̍h-á | bue̍h-á,襪子,socks | stockings
chi̍t siang boe̍h-á,tsi̍t siang bue̍h-á,一雙襪子,a pair of socks (or stockings)
be̍k-léng-siâⁿ,bi̍k-líng-siânn,白冷城,Bethlehem
be̍k-sióng,bi̍k-sióng,默想 | 沉思,meditation | to meditate
I teh be̍k-sióng i só͘ chò ê tāi-chì.,,他在默想他所做的事,He is meditating (pondering over) on all he has done.
be̍k-sī,bi̍k-sī,默示,revelation
be̍k-sī lo̍k,bi̍k-sī lo̍k,默示錄,the book of Revelation | the Apocalypse
bêng-pe̍k,bîng-pi̍k,明白,to understand | clear
Lí thiaⁿ ū bêng-pe̍k--bô?,,你有沒有聽明白？,Did you hear it clearly?
bêng-bêng,bîng-bîng,明瞭地,clearly
"Lí bêng-bêng kóng boeh khì, àn-chóaⁿ kàu sî chiah kóng m̄ khì?",,你明明說要去，怎麽到時候才説不去？,"You clearly said you were going, how come, when the time came, you said you were not going."
bêng-sìn phiàn,bîng-sìn phiàn,明信片,post-card
bēng,bīng,命,to order | an order
Lí tio̍h-ài thiaⁿ pē-bú ê bēng.,,你必須聽從父母的命令,You must obey your parent’s commands.
kài-bēng,kài-bīng,誡命,a commandment of God.
bēng-lēng,bīng-līng,命令,to order | an order
Hit ê gín-ná m̄ thiaⁿ sian-siⁿ ê bēng-lēng.,,那個小孩子不聽老師的命令,That kid does not obey the teacher’s orders.
béng,bíng,猛,fierce
béng-siù,bíng-siù,猛獸,a beast of prey
bí-kok,bí-kok,美國,America
bí-kok lâng,bí-kok lâng,美國人,an American
bí-su̍t,bí-su̍t,美術,fine art
Lí ài Tang-iûⁿ ê bí-su̍t--bô?,,你喜歡東方的美術嗎？,Do you like Oriental art?
bí-su̍t-ka,bí-su̍t-ka,美術家,an artist
bí-iông-īⁿ,bí-iông-īnn,美容院,a beauty parlour
bī,bī,謎 | 猜,a riddle | a puzzle | to solve a riddle
Góa chò chi̍t ê bī hō͘ lí chhai.,,我做一個謎給你猜,I’ll make up a riddle for you to solve.
bí,bí,米,rice
chu̍t-bí,tsu̍t-bí,糯米,glutinous rice
chāi-lâi bí | pún-tó bí,tsāi-lâi bí | pún-tó bí,在來米,the customary rice | the old rice | local rice.
hōng-lâi-bí,hōng-lâi-bí,蓬萊米,the exotic rice | the improved rice
bí-lē,bí-lē,美麗,pretty
bí-jîn,bí-jîn,美人,pretty girl
bí-móa | bí-boán,bí-muá | bí-buán,美滿,perfect | harmonious | peaceful
Góa ǹg-bāng lín ang-bó͘ kiàn-siat chi̍t ê bí-móa (bí-boán) ê ka-têng.,,我希望你們夫婦建設一個美滿的家庭,"I hope that you, husband and wife, will establish a perfect family."
bián | m̄ bián,bián | m̄ bián,不必 | 不要,no need | not necessary
bián khì | m̄ bián khì,bián khì | m̄ bián khì,不必去,no need to go
m̄ bián kiaⁿ,m̄ bián kiann,不要害怕,Don't be afraid.
bián-lē,bián-lē,勉勵,to exhort
"Chit ê gín-ná bô sím-mih ài tha̍k chheh, chhiáⁿ lí kā i bián-lē (or kó͘-lē).",,這個孩子不怎麽喜歡讀書，請你給他鼓勵一番,"This lad doesn’t like to study very much, please give him some encouragement."
bián-chit,bián-tsit,免職,to dismiss | dismissal
"I chò m̄-tio̍h ê tāi-chì, hō͘ lâng bián-chit.",,他做錯了事情，被人家免職,He did something wrong and was dismissed.
biān-chú | biān-bo̍k,biān-tsú | biān-bo̍k,面子 | 面目,honour | face
thé-biān | thé-bīn,thé-biān | thé-bīn,體面,"a less mandarinized expression for ""face"" | honour"
sit thé-biān,sit thé-biān,失體面,"lose ""face"""
bô thé-biān,bô thé-biān,失去面子,"no ""face"""
ū thé-biān,ū thé-biān,有體面,"have ""face"""
kò͘ thé-biān,kòo thé-biān,顧體面,save face | to consider (to pay regard to) one's face
Lí tio̍h-ài kò͘ lín lāu-pē ê thé-biān.,,你應該保持你父親的體面,You should have regard for your father’s face. (reputation)
bia̍t,bia̍t,滅,perish | be destroyed
Hiah ê chhù hō͘ tōa-chúi bia̍t-liáu-liáu.,,那些房屋被水災所毀滅,Those houses were completely destroyed by a flood.
bia̍t-bông,bia̍t-bông,滅亡,destruction | be destroyed
Ū chi̍t ji̍t pháiⁿ-lâng lóng ē bia̍t (or bia̍t-bông).,,歹徒終有遭滅亡的一天,There will be a day when the wicked will be destroyed.
bih,bih,隱匿 | 躲,to hide oneself
bih sio chhōe,bih sio tshuē,捉迷藏,hide and seek
Bih tòa chhiū-á kha khah bē hō͘ hō͘ ak--tio̍h. (bē ak tio̍h hō͘),,躱在樹下較不會給雨淋到,If one takes shelter under a tree he is less likely to be soaked by rain.
bīn,bīn,面,face
gōa-bīn,guā-bīn,外面,outside
lāi-bīn,lāi-bīn,內面,inside
téng-bīn,tíng-bīn,上面,above
ē-bīn,ē-bīn,下面,below | under
bīn-sek,bīn-sik,面色,complexion
"Lí kīn-lâi bīn-sek bô sím-mih hó, sin-thé ū toh-ūi m̄ hó--bô?",,你近來的面色不大好，身體有什麽地方不好？,"Lately, your complexion has not been very good, is there something wrong with you?"
bîn-ná-chài,bîn-ná-tsài,明天,tomorrow
bîn-ná-ji̍t,bîn-ná-ji̍t,明天,tomorrow
bîn-ná chái-khí,bîn-ná tsái-khí,明天早上,tomorrow
bîn-ná tiong-tàu,bîn-ná tiong-tàu,明天中午,tomorrow at noon
bîn-ná ē-tàu,bîn-ná ē-tàu,明天下午,tomorrow from P.M. 12 - 2.
bîn-ná ē-po͘,bîn-ná ē-poo,明天下午,tomorrow afternoon
bîn-ná àm,bîn-ná àm,明天晚上,tomorow night
bîn-chhn̂g,bîn-tshn̂g,床,a bed
bîn-bāng,bîn-bāng,夢 | 作夢,a dream | to dream
Chang-àm bāng-kìⁿ chi̍t ê bîn-bāng chin chhù-bī.,,昨晚做了一個很有趣的夢,I dreamt a very interesting dream last night.
bín,bín,刷,to brush
Góa ê ê kā góa bín khah kim--lè!,,我的鞋給我擦光一點,Shine up my shoes for me!
bín-á,bín-á,刷子,a brush
khí-bín | khí-bín-á,khí-bín | khí-bín-á,牙刷,a tooth brush
bîn-bîn,bîn-bîn,矇矓,between sleeping and waking
Góa bîn-bîn ū thiaⁿ-kìⁿ i ê siaⁿ.,,朦朧中我聽見了他的聲音,"I heard his voice, when I was half awake."
bīn-kin | bīn-pò͘,bīn-kin | bīn-pòo,面巾 | 面布 | 毛巾,face towel
bīn-tháng,bīn-tháng,面盆,basin
bīn-chú | biān-chú,bīn-tsú | biān-tsú,面子,face
"Lí nā án-ni kóng, i ē sit bīn-chú.",,你如這樣說，他會失面子,"If you say that, he will lose face."
bîn-bōng,bîn-bōng,民望,confidence of the people
bîn-ì,bîn-ì,民意,the people's will | public opinion
Chèng-hú ài chun-tiōng bîn-ì.,,政府要尊重民意,The government must respect the will of the people.
bîn-soán,bîn-suán,民選,popular election | elected by the people
bîn-chú tek,bîn-tsú tik,民主的,democratic
bîn-chú kok,bîn-tsú kok,民主國,a democratic state
bîn-chú tóng,bîn-tsú tóng,民主黨,a democratic party | the Democrats
bîn-chú chú-gī,bîn-tsú tsú-gī,民主主義,democracy
bîn-chiòng,bîn-tsiòng,民眾,the people | the multitude
bîn-cho̍k,bîn-tso̍k,民族,a rice
bîn-ná-chài ê chím-má,bîn-ná-tsài ê tsím-má,明天此時,tomorrow at this time
biō,biō,廟,a temple
bió,bió,秒,second (time)
biô,biô,描,to trace
"Chit tiuⁿ tē-tô͘ chin pháiⁿ ōe, ēng biô ê khah khoài.",,這張地圖很難畫，用描的較快些,"This is a very difficult map to draw, it would be easier to trace it."
bi̍t,bi̍t,蜜,honey
bi̍t-phang,bi̍t-phang,蜜蜂,honey bee
Góa sàng lí chiah ê bi̍t sī góa ka-tī ê bi̍t-phang chò--ê.,,我送給你這些蜜是我自己的蜜蜂做的,"The honey which I gave you, was made by my own bees."
bi̍t-goa̍t,bi̍t-gua̍t,蜜月,a honeymoon
bi̍t-goa̍t lí-hêng,bi̍t-gua̍t lí-hîng,蜜月旅行 | 新婚旅行,a honeymoon trip
bi̍t-hōe,bi̍t-huē,密會,to meet in secret (N.V.)
bi̍t-kò,bi̍t-kò,密告,secret information (N.V)
bi̍t-tâm,bi̍t-tâm,密談,a secret talk (N.V.)
bi̍t-gī,bi̍t-gī,密議,a secret conference (N.V.)
bô,bô,無 | 沒有,not to have | there is not | there are not | negative with verb
bô sím-mih,bô sím-mih,沒有什麼⋯⋯,[bo5 sim2-mih] + an adjective = not particularly
bô-chhái,bô-tshái,可惜,regrettable | unfortunate
"Góa ê ti chhī kah chin tōa chiah chiah sí--khì, chin bô-chhái.",,我的猪養到很大纔死去，真可惜,"I raised my pigs until they were very big ones, then they died; it was very unfortunate."
bô--khì,bô--khì,掉了,gone | disappeared
bô--khì-à,bô--khì-à,死了,is dead | died
bô thâu-náu,bô thâu-náu,沒有腦袋 | 沒有頭腦 | 沒有頭蠢,stupid
bô-tùi,bô-tuì,不對,wrong | incorrect
bô lé-māu,bô lé-māu,沒有禮貌,implite
bō-á,bō-á,帽子,a hat | a cap
tì bō-á,tì bō-á,戴帽子,to wear a hat
liù bō-á,liù bō-á,脫帽子,to take off a hat
bô lūn,bô lūn,無論,not disscussing | no matter what
bô-lūn sím-mih,bô-lūn sím-mih,無論甚麼,no matter what | whatever
bô-lūn sím-mih lâng,bô-lūn sím-mih lâng,無論甚麼人,no matter who | whoever
bô-lūn toh-ūi,bô-lūn toh-uī,無論甚麼地方,no matter where | whereever
bô-lūn sím-mih só͘-chāi,bô-lūn sím-mih sóo-tsāi,無論甚麼地方,no matter where
bô chhái-kang,bô tshái-kang,徒勞,wasted effort | in vain
"Chit ê gín-ná chin put-hàu, bô chhái kang teh chhī.",,這個小孩子很不孝，養的徒勞,"This child is very disrespectful, it’s a waste of effort to raise him."
bú-chhin | bó-chhin,bú-tshin | bó-tshin,母親,mother
bô lō͘ ēng,bô lōo īng,沒有用處,useless
Chit ê lâng chin bô lō͘-ēng.,,這個人不中用,This guy is completely useless.
bô su-iâⁿ,bô su-iânn,不分勝負,a draw game
"Kin-ná-ji̍t ê pí-sài, saⁿ hun tùi saⁿ hun, bô su-iâⁿ.",,今天的比賽三分對三分，不分勝負,The score of today’s game was three to three; it was a draw.
bô iàu-kín,bô iàu-kín,不要緊,not important | never mind | it does not matter
bô koan-hē,bô kuan-hē,沒有關係,not important | never mind | it does not matter
bô lí ê koan-hē,bô lí ê kuan-hē,沒有你的關係,none of your business
bô lí ê tāi-chì,bô lí ê tāi-tsì,這不是你的事,none of your business
bô chú-ì | bô sè-jī,bô tsú-ì | bô sè-jī,不注意的,careless | carelessly
bô tiuⁿ-tî,bô tiunn-tî,不是故意的,unwillingly | inadvertently
"Góa bô tiuⁿ-tî kā lí that--tio̍h, chhiáⁿ lí m̄-thang siū-khì.",,我不小心把你踢到，請你不要生氣,"I did not kick you on purpose, please don’t be angry."
bô iân-kò͘ | bô lí-iû,bô iân-kòo | bô lí-iû,沒有緣故 | 沒有理由,unreasonably | no connection with
"Góa kap lí bô sím-mih iân-kò͘, góa ná tio̍h chhiáⁿ--lí?!",,我和你沒有什麽緣故（關係），我爲什麽要請你,"I have no special relation with you, why should I invite you?!"
bó͘,bóo,妻,a wife
bó͘-bó͘,bóo-bóo,某某,Mr. so and so
"Lí teh thèng-hāu bó͘-bó͘ lâng, góa chai-iáⁿ.",,你在等候某人，我知道,"I know that you are waiting for so and so. (Almost the same as, I know for whom you are waiting.)"
cha-bó͘,tsa-bóo,女性,female
cha-bó͘--ê,tsa-bóo--ê,女的,feminine
cha-bó͘ gín-ná,tsa-bóo gín-ná,女孩子,girl
cha-bó͘ kiáⁿ,tsa-bóo kiánn,女兒,a daughter
bō͘-e̍k,bōo-i̍k,貿易,commerce | trade
Bí-kok kap So͘-liân bô teh bō͘-e̍k.,,美國和蘇俄沒有貿易,America is not trading with Russia (Soviet).
bō͘ e̍k siong,bōo i̍k siong,貿易商,an importer or exporter | a trader
bō͘-chi̍p,bōo-tsi̍p,募集,to collect | (to appeal for subscriptions)
bō͘-koan,bōo-kuan,募捐,to collect by subscription
"Kàu-hōe teh bō͘-koan (or bō͘-chi̍p chîⁿ), boeh kiù-chè sàn-lâng.",,教會正在募捐爲的是要救濟窮人,The Church is making an appeal for contribution; it wants to give relief to the poor.
bô͘-hoān,bôo-huān,模範,example
"Lí sī tōa hiaⁿ, tio̍h-ài chò hó bô͘-hoān hō͘ sió-tī sió-mōe khòaⁿ.",,你是大哥，要做好榜樣給弟弟妹妹看,"You are the oldest brother, you must give a good example to your younger brothers and sisters."
boah,buah,抹,to apply | rub on
boah iû,buah iû,抹油,to use hair grease
boah io̍h-á,buah io̍h-á,抹藥,to apply a plaster (medicine)
boah ba̍k io̍h,buah ba̍k io̍h,抹目藥,to apply eye medicine
boah piah,buah piah,抹壁,to plaster a wall
boah-hún,buah-hún,抹粉,to powder one's face
bōe | iáu-bōe,buē | iáu-buē,還沒 | 尚未,not yet
bóe,bué,尾,tail | end | (Cl. for crawling things)
chi̍t bóe chôa,tsi̍t bué tsuâ,一條蛇 | 一尾蛇,a snake
"ū thâu, bô bóe",ū thâu | bô bué,有頭無尾,start without finishing
"hó͘ thâu, niáu-chhí bóe",hóo thâu | niáu-tshí bué,虎頭鼠尾,start with enthusiasm | end up with gusto.
bô thâu bô bóe,bô thâu bô bué,沒有頭緒,
"Chit ê gín-ná chò tāi-chì ū thâu (bô-thâu) bô bóe, thô͘-kha sàu bô chi̍t pòaⁿ, chiū cháu chhut-khì chhit-thô.",,這個孩子做事有頭無尾，地還沒掃一半，就跑出去玩耍,"This child is very unreliable in his actions, if he is sweeping the floor, before he gets it half swept, he runs out to play."
"Hit ê àn-kiâⁿ, kèng-chhat tiâu-cha kah bô thâu bô bóe. (ū thâu bô bóe)",,那個案件，警察調查得沒有頭緖,"The police have investigated the case, but have found no clue."
bóe,bué,,
Lâng lóng m̄ chai sè-kài ê soah-bóe ji̍t (boa̍t-ji̍t) (chòe-āu ê ji̍t-chí) sī tang-sî.,,人們都不曉得世界的末日是什麽時候,No man knows when the last day will be.
thâu chi̍t ê | thâu--a hit ê,thâu tsi̍t ê | thâu--a hit ê,頭一個,The first one
chòe āu hit ê | siōng lō͘ bóe hit ê | bóe--a hit ê,tsuè āu hit ê | siōng lōo bué hit ê | bué--a hit ê,最後那個,The last one
thâu chi̍t ji̍t | thâu--a hit ji̍t,thâu tsi̍t ji̍t | thâu--a hit ji̍t,頭一天,The first day
bóe ji̍t | lō͘-bóe ji̍t | bóe--a hit ji̍t,bué ji̍t | lōo-bué ji̍t | bué--a hit ji̍t,最後一天,The last day
thâu--a hit nn̄g ê,thâu--a hit nn̄g ê,頭兩個,The first two
bóe--a hit nn̄g ê | chòe-āu hit nn̄g ê,bué--a hit nn̄g ê | tsuè-āu hit nn̄g ê,最後兩個,The last two
thâu chi̍t kù | thâu--a hit kù,thâu tsi̍t kù | thâu--a hit kù,頭一句,The first sentence
bóe--a hit kù | chòe-āu hit kù,bué--a hit kù | tsuè-āu hit kù,最後那句,The last sentence
thâu--a hit gō͘ phiⁿ,thâu--a hit gōo phinn,頭那五頁,The first five pages
bóe--a hit gō͘ phiⁿ | chòe-āu hit gō͘ phiⁿ,bué--a hit gōo phinn | tsuè-āu hit gōo phinn,最後五頁,The last five pages
thâu--a hit nn̄g pái,thâu--a hit nn̄g pái,頭兩次,The first two times
bóe--a hit nn̄g pái | chòe-āu hit nn̄g pái,bué--a hit nn̄g pái | tsuè-āu hit nn̄g pái,最後兩次,The last two times
thâu--a hit saⁿ kù,thâu--a hit sann kù,頭三句,The first three sentences
bóe--a hit saⁿ kù | chòe-āu hit saⁿ kù,bué--a hit sann kù | tsuè-āu hit sann kù,最後三句,The last three sentences
goe̍h thâu hit nn̄g ji̍t,gue̍h thâu hit nn̄g ji̍t,月初那兩天,The first two days of the month
goe̍h bóe hit nn̄g ji̍t,gue̍h bué hit nn̄g ji̍t,月末那兩天,The last two days of the month
nî thâu hit nn̄g saⁿ ji̍t,nî thâu hit nn̄g sann ji̍t,年頭那兩三天,The first two or three days of the year
nî bóe hit nn̄g saⁿ ji̍t,nî bué hit nn̄g sann ji̍t,年末那兩三天,The last two or three days of the year
chi̍t nî ê thâu chi̍t ji̍t,tsi̍t nî ê thâu tsi̍t ji̍t,一年的頭一天,The first day of the year
chi̍t nî ê chòe āu hit ji̍t | kòe-nî-ji̍t,tsi̍t nî ê tsuè āu hit ji̍t | kuè-nî-ji̍t,一年的最後那天,The last day of the year
lō͘-bóe,lōo-bué,最後 | 終於,the last | at last
"Lí siōng lō͘-bóe lâi, bô lí ê hūn.",,你最後來，沒有你的份,"You came at the very end (the very latest), there is no portion for you."
soah bóe-á kiáⁿ,suah bué-á kiánn,最小的兒子,"the youngest (latest, smallest) child."
bôe-á,buê-á,梅子,plum
bôe-á tê,buê-á tê,梅子茶,plum tea
boeh,bueh,要 | 將要,to wish | want | willl | sign of future
"Góa boeh khì, lí boeh--bô?",,我要去，你要嗎？,"I am going, are you going?"
boeh,bueh,,This word is sometimes used to express a conditional clause
"Boeh bô lo̍h-hō͘, tiū-á í-keng koah-liáu--ah.",,若不是下雨，稻子已經割完了,If it had not rained the rice would be already cut.
"Boeh chai-iáⁿ i bô lâi, góa chiū m̄ lâi.",,早知道他沒有來，我就不來了,"If I had known that he was not coming, I would not have come."
"Boeh i-seng tī--leh, i chiū bē sí.",,要是醫生在，他就不會死,If a doctor had been here he would not have died.
"Boeh chai-iáⁿ ē khí-kè, góa chiū bô ài bē.",,早知道會漲價，我就不賣,"If I had known that the price would go up, I would not have sold it."
"Boeh chai-iáⁿ ē hó-thiⁿ, góa chiū bô gia̍h hō͘-sòaⁿ lâi.",,要是知道會放晴，我就不帶雨傘來,"If I had known the weather would be nice, I would not have brought an umbrella."
boeh àm-á,bueh àm-á,黃昏,dusk
boeh hó--à,bueh hó--à,快好,about finished
teh boeh,teh bueh,將要,about to
"I teh-boeh sí--à, chhun bô chi̍t tiám-cheng ê sìⁿ-miā.",,他快死了，剩下不到一個鐘頭的生命,"He is at the point of death, there isn’t an hour of life left."
boe̍h-á,bue̍h-á,襪子,stockings | socks
bo̍k-tiûⁿ,bo̍k-tiûnn,牧場,a meadow | a pasture
bo̍k-châi | châi-bo̍k,bo̍k-tsâi | tsâi-bo̍k,木材,timber | lumber wood
bo̍k-tông,bo̍k-tông,牧童,a shepherd
bo̍k-su,bo̍k-su,牧師,a minister
bo̍k-te̍k,bo̍k-ti̍k,目的,aim | purpose
"Lí chò chit hāng tāi-chì, ūi-tio̍h sím-mih bo̍k-te̍k?",,你做這件事情，爲了什麽目的？,For what purpose are you doing this? (What is your aim in doing this?)
bo̍k-te̍k-tē,bo̍k-ti̍k-tē,目的地,destination
Lán koh kúi tiám-cheng chiah ē kàu bo̍k-te̍k-tē?,,我們再過幾點鐘才能到目的地？,In how many hours shall we reach our destination?
bong,bong,摸,to touch
"Góa chit niá sin saⁿ, lí m̄-thang kā góa bong.",,我這件新衣服，你不要摸它,Don’t you touch this new shirt of mine.
bōng,bōng,墓,a tomb
bông,bông,霧,fog
"Chái-khí-sî nā tà-bông, it-tēng ē hó thiⁿ.",,早上如果有霧，一定會放晴,"If it is foggy in the morning, it will certainly be good weather."
tà bông,tà bông,霧深的,be foggy | misty
bông-bông | bông-bông biáu-biáu,bông-bông | bông-bông biáu-biáu,矇矇渺渺,to hang in thick clouds | mist or vapor | very obscure | indistinct
bông-tn̂g,bông-tn̂g,盲腸,the blind gut | appendix
bông-tn̂g-iām,bông-tn̂g-iām,盲腸炎,appendicitis
bú | bó,bú | bó,母 | 雌,female of animals
bú-hāu,bú-hāu,母校,alma mater
bû-hoa-kó,bû-hua-kó,無花果,a fig
bû-só͘-put-lêng,bû-sóo-put-lîng,無所不能,omnipotent
bû-só͘-put-chāi,bû-sóo-put-tsāi,無所不在,omnipresent
bú-chhin | a-bú | lāu-bú,bú-tshin | a-bú | lāu-bú,母親 | 媽媽,mama | mother
bù-khì,bù-khì,武器,a weapon
bú-jio̍k,bú-jio̍k,侮辱,to slight | insult
"Lí nā ē bú-jio̍k lâng, ū-sî chiū ē hō͘ lâng bú-jio̍k.",,如你要侮辱他人，有時就會被人侮辱,"If you insult others, you will at times be insulted by them."
bú-le̍k,bú-li̍k,武力,military power | the sword
bú-khì,bú-khì,武器,arms | a weapon
Ba̍k-sai sī cha-bó͘-lâng ê bú-khì.,,眼淚是女人的武器,Tears are women’s weapons.
bú-chong,bú-tsong,武裝,arms | armaments
bú-chong kái-tî,bú-tsong kái-tî,解除武裝,disarmament (N.V.)
bú-gē,bú-gē,武藝,military arts (accomplishments)
bú-tâi,bú-tâi,舞臺,the stage
bū,bū,視力弱的,eyes dim | blurred
"Góa chím-má ba̍k-chiu khah bū, bô kòa ba̍k-kiàⁿ lóng bô khòaⁿ--kìⁿ.",,我現在眼睛的視力較弱，沒有戴眼鏡都看不見,"My eyes are now rather dim, if I don’t wear glasses, I can not see at all."
būn-tê,būn-tê,問題,problem | exam questions
būn-tap,būn-tap,問答,questions and answers | a dialogue | a catechism
bûn-ha̍k,bûn-ha̍k,文學,literature
bûn-kho,bûn-kho,文科,The Literature Department
bûn-hòa,bûn-huà,文化,culture | civilization
Tâi-oân kap Bí-kok bûn-hòa chha bô lōa chē.,,台灣文化和米國差不多,Taiwanese and American culture are not very different.
bûn-si,bûn-si,文書,a document | writing
kong-bûn-si,kong-bûn-si,公文書,Archives
bûn-bêng,bûn-bîng,文明,civilization
bûn-hoat,bûn-huat,文法,grammar
Eng-gí ê Bûn-hoat chin ho̍k-cha̍p.,,英語的文法很複雜,English grammar is very complicated.
bûn-chiuⁿ,bûn-tsiunn,文章,composition
bu̍t-lí,bu̍t-lí,物理,physics
bu̍t-chit,bu̍t-tsit,物質,matter | a substance
bu̍t-chit chú-gī,bu̍t-tsit tsú-gī,物質主義,materialism
So͘-liân sī bu̍t-chit chú-gī ê kok-ka.,,蘇俄是物質主義的國家,Russia (Soviet) is a materialist nation.
bu̍t-kè,bu̍t-kè,物價,prices (of commodities) of various articles
bu̍t-sek,bu̍t-sik,物色,to look for | hunt up
Pài-thok lí kā góa tàu bu̍t-sek chi̍t keng chhù.,,拜托你帮我物色一間房子,Will you be so kind as to help me look for a house.
bu̍t-chu,bu̍t-tsu,物資,goods | commodities | materials
Bí-kok ê bu̍t-chu chin hong-hù.,,美國的物資很豐富,American commodities are plentiful.
cha,tsa,,"A better and more accurate Romanization for this sound is ""Tsa"" | and the Ts should be pronoced as in the combination HATS-OFF | which is quite different from the CH sound when followed by ""T"" or ""E"" as in CATCH-IT."
cha-bó͘ lâng,tsa-bóo lâng,女人,woman
cha po͘ lâng,tsa poo lâng,男人,man | male
cha-po͘ kiáⁿ,tsa-poo kiánn,男兒子,a son
cha bó͘ kiáⁿ,tsa bóo kiánn,女兒子,a daughter
cha-po͘ gín-ná,tsa-poo gín-ná,男孩子,a boy
cha-bó͘ gín-ná,tsa-bóo gín-ná,女孩子,a girl
cha-po͘--ê,tsa-poo--ê,男的,masculine
cha-bó͘--ê,tsa-bóo--ê,女的,feminine
chá,tsá,早,early
chá-khò,tsá-khò,早課,morning prayer
gâu-chá,gâu-tsá,早安,good morning
chá-bān,tsá-bān,遲早 | 總有一天,sooner or later | some day | eventually
"Lí nā boeh o͘-pe̍h chia̍h, chá-bān ē phòa-pīⁿ.",,如果你亂吃，總有一天會得病,"If you eat anything at all without discretion, some day you will get sick."
chá-sí,tsá-sí,早死,early | death | to die young
chà-khi,tsà-khi,詐欺,fraud | defraud | imposture
chà-tôaⁿ,tsà-tuânn,炸彈,a bomb
chà | po̍k-ke̍k,tsà | po̍k-ki̍k,炸,to bomb
"Tē jī chhù sè-kài-tāi-chiàn ê sî, Tâi-oân ū chin chē só͘-chāi hō͘ Bí-kun chà hāi--khì.",,第二次世界大戰的時候，台灣有很多地方被美軍炸壞了,During the second world war many places in Taiwan were bombed by the American Army.
cha-hng,tsa-hng,昨天,yesterday
cha-ji̍t,tsa-ji̍t,昨天,yesterday
cha-hng ê tiong-tàu,tsa-hng ê tiong-tàu,昨天中午,yesterday at noon
chá-chêng,tsá-tsîng,早前 | 從前,formerly
cha̍h,tsa̍h,遮,to screen
Goe̍h-niû hō͘ hûn cha̍h--le.,,月亮被雲遮蔽,The moon is obscured by the clouds.
chah,tsah,帶 | 攜,to take | carry along with one
Góa bē-kì-tit chah chîⁿ.,,我忘記帶錢,I forgot to bring some money.
chái-khí | chá-khí,tsái-khí | tsá-khí,今天早上,this morning
chái-khí-sî,tsái-khí-sî,早晨 | 早上 | 上午,in the morning
chai-iáⁿ,tsai-iánn,知道,to know a fact
chài,tsài,載,to carry on a vahicle
Góa ēng gû-chhia chài chin chē lé-bu̍t boeh lâi sàng--lí.,,我用牛車載很多禮物來贈給你,I have brought a lot of presents on an ox-cart. I want to present them to you.
chài saⁿ chài sì,tsài sann tsài sì,再三再四,again and again
"Góa chài-saⁿ chài-sì kā lí kóng, lí àn-chóaⁿ m̄ thiaⁿ?",,我再三再四對你講，你怎麽都不聽？,"I have spoken to you again and again (a number of times), why don’t you listen? (why don’t you do what you are told?)"
chāi,tsāi,在,to be | to be present
Thian-chú bû-só͘ put-chāi.,,天主處處都在,God is present everywhere (no place not in).
châi-bu̍t,tsâi-bu̍t,財物,money and things | property
châi-lêng,tsâi-lîng,才能,talents | capacities
"Lí bô hit khoán ê châi-lêng, àn-chóaⁿ boeh chò hit khoán ê tāi-chì?",,你沒有那種的才能，爲何要做那種事情？,"You haven’t that kind of talent, why do you want to do that kind of thing?"
chāi-lâi,tsāi-lâi,向來,customary | hitherto | up to this time | conventional
Chit hāng khang-khòe chāi-lâi lóng i teh chò.,,這件事情一向是他做的,"Up to this time, this work has always been done by him."
chāi-lâi-bí,tsāi-lâi-bí,在來米,the customary (ordinary) rice
chāi-hiong kun-jîn,tsāi-hiong kun-jîn,在鄉軍人,soldiers whose term of service has expired
châi-goân,tsâi-guân,財源,a source of revenue | financial resources
Bô châi-goân thang siu-lí sèng-tn̂g.,,沒有財源可以修理聖堂,We have no source of money with which to repair the Church.
châi-sán,tsâi-sán,財產,property | an estate
châi-sán-ka,tsâi-sán-ka,富翁,a man of wealth (property)
châi-liāu,tsâi-liāu,材料,material | raw material | data
Chiah ê chhài lóng ēng te̍k-pia̍t ê châi-liāu.,,這些菜餚都用特別的材料,This food is all prepared with special material.
Góa bô sím-mih châi-liāu thang kóng.,,我沒有什麽材料可以講,I haven’t much of anything to say (material to talk about).
chai-lān,tsai-lān,災難,a calamity
"Lâng nā siū sím-mih chai-lān ê sî, tio̍h-ài ióng-kám lâi jím-nāi chiah hó.",,人們若受什麽災難的時候要勇敢忍耐才好,"If people suffer any calamity, they should patiently endure it."
cháiⁿ-iūⁿ | àn-chóaⁿ | ná,tsáinn-iūnn | àn-tsuánn | ná,怎樣,why? how?
Lí cháiⁿ-iūⁿ cha-hng bô lâi?,,你怎樣昨天沒有來？,Why did you not come yesterday?
chām,tsām,砍斷,to chop
"Chiah ê chhiū-á oe chām-chām--lè, thang hiâⁿ hóe.",,砍斷這些樹枝，可以燒火,Chop off these branches to make a fire.
chàm,tsàm,踐踏 | 踩,to trample
Lí m̄-thang chàm sí góa ê niau-á!,,你不要踩死我的猫,Don’t you tramp on my cat and kill it. (Don’t trample my cat to death.)
chàn,tsàn,層,a story (of building) | a step (of stairs) | a rung (of a ladder)
saⁿ chàn lâu,sann tsàn lâu,三層樓,a three story building
tē saⁿ chàn | tē saⁿ chàn-lâu,tē sann tsàn | tē sann tsàn-lâu,第三層 | 三樓,the third floor
chàn-sêng,tsàn-sîng,贊成,agree with | approve
Tāi-ke ū chàn-sêng--bô?,,大家贊成不贊成？,Do you all approve?
Góa bô chàn-sêng.,,我不贊成,I disagree.
chán,tsán,漂亮 | 好,nice (slang) | pretty
Chit siang ê chin chán.,,這雙鞋子很好,This is a pretty pair of shoes.
chàn-bí,tsàn-bí,讚美,to praise | adoration | glorify
chàn-bí thian-chú,tsàn-bí thian-tsú,讚美天主,Praised be to God
chàn-chō͘,tsàn-tsōo,贊助,support | back up | aid
chân-jím,tsân-jím,殘忍,brutal | cruel
Siōng chân-jím chiū-sī chiàn-cheng.,,最殘忍的就是戰爭,War is the most brutal thing there is.
chang chái-khí,tsang tsái-khí,昨天早上,yesterday morning
chang ē-tàu,tsang ē-tàu,昨天下午,yesterday from
chang ē-po͘,tsang ē-poo,昨天下午,yesterday after noon
chang àm,tsang àm,昨天晚上,yesterday evening
châng,tsâng,棵,classifier for trees
cha̍p-chì,tsa̍p-tsì,雜誌,magazine
chāp-hun,tsāp-hun,十分,full | enough | sufficient | very
cha̍p-hun khiáu,tsa̍p-hun khiáu,十分聰明,very clever (Lit. ten parts clever)
cha̍p-chhap,tsa̍p-tshap,干涉 | 多事,to meddle | to poke one's nose in
"Bô lí ê tāi-chì, mài cha̍p-chhap!",,沒有你的事情，不要多事（干渉）！,"This is none of your business, don’t be poking your nose in."
cha̍p-liām,tsa̍p-liām,雜念,worldly thoughts
cha̍p-bū,tsa̍p-bū,雜務,avocations | miscellaneous duties
cha̍p-hùi,tsa̍p-huì,雜費,incidental expenses
cha̍p-hòe,tsa̍p-huè,雜貨,general merchandise
cha̍p-hòe-tiàm,tsa̍p-huè-tiàm,雜貨店,a general shop
cha̍p-chéng,tsa̍p-tsíng,雜種,a hybrid | a mongrel | a bastard
cha̍p tâm,tsa̍p tâm,雜談,a chat | to have a chat
cha̍p hūn káu hūn,tsa̍p hūn káu hūn,十分當中九分,in nine cases out of ten
chat,tsat,節,a passage | a verse | a section
"tē cha̍p gō͘ chiuⁿ, tē jī cha̍p saⁿ chat",tē tsa̍p gōo tsiunn | tē jī tsa̍p sann tsat,第十五章 | 第二十三節,Chapter fifteen | verse twenty threee
cha̍t,tsa̍t,密 | 擠,full | close
Sèng-tn̂g lâng chin cha̍t.,,聖堂裡面人很擠,The Church is crowded.
chāu,tsāu,找,to give change on a purchase
"Góa the̍h cha̍p kho͘ kā lí bé, lí iáu-bōe chāu--góa.",,我拿十元向你買，你還未找我,"I gave you $10.00, when I bought it (from you), you have not given me any change yet."
chàu-kha,tsàu-kha,廚房,kitchen
cháu,tsáu,跑 | 走,to run
cháu-lâi cháu-khì,tsáu-lâi tsáu-khì,跑來跑去,to run about
cháu-toh--ê,tsáu-toh--ê,跑堂,a waiter
chàu,tsàu,亂說 | 奏,to report to the throne | to tattle to superiors
Lí kā sîn-hū chàu pháiⁿ-ōe.,,你向神父亂說我的壞話,You tattled to the priest about my faults.
chàu,tsàu,奏 | 樂器,to play music
Sím-mih lâng ē-hiáu chàu hong-khîm?,,什麽人會奏風琴？,Who knows how to play the organ?
chè-tō͘,tsè-tōo,制度,system
chè-hān,tsè-hān,限度,a limit | to limit
"Pn̄g bô kā lín chè-hān, ē chia̍h chò lín chia̍h.",,飯不給你們限制，吃的下隨你們吃,"We are not rationing the rice, eat as much as you can."
chē,tsē,多,many | much
chē,tsē,坐,to sit | to ride
chè-tâi,tsè-tâi,祭台,an alter
chè-i tû,tsè-i tû,祭衣廚,vestment case
chè-i keng,tsè-i king,祭衣間,sacristy
ché-hu,tsé-hu,姐夫,big sister's husband
chè-tô͘,tsè-tôo,製圖,to draw plans | to make blue prints
bí-kok chè,bí-kok tsè,美國製,made in U.S.A.
che,tse,這,this
chê,tsê,齊,orderly | to be equal | to be even | together
Ko-keng tio̍h-ài ū chê chiah ē hó thiaⁿ.,,歌經要唱齊，才好聽,"Unless you sing together, it doesn’t sound nice. (You must sing together before it sounds nice.)"
chè | chè-bū | hū-chè,tsè | tsè-bū | hū-tsè,債 | 負債,a debt | a liability
chè-chú,tsè-tsú,債主,creditor
"I hū-chè chin chē, chè-chú tiāⁿ-tiāⁿ teh chhōe i thó chîⁿ.",,他負債了很多，債主常常向他討錢,"He owes a great debt, the creditor is always looking for him and demanding payment."
chek-hoa̍t,tsik-hua̍t,責罰,to punish
"Thian-chú ê chek-hoa̍t nā m̄-sī tī seng-chiân, to sī tī sí āu.",,天主的責罰如不是在生前，都是在死後,"God will punish, if it is not during life, it will be after death."
chek-jīm,tsik-jīm,責任,responsibility | duty | obligation
Chò tāi-chì tio̍h-ài ū chek-jīm.,,做事必須負責任,When doing things one must have (a sense of) responsibility.
chij-pī,tsij-pī,遣責 | 責備,to reprove
"Lí nā siuⁿ kā i chek-pī, i ē khì sí!",,你若太責備他，他會去死,"If you reprimand him too much, he will go and die."
chek-sî,tsik-sî,即時,immediately
chek-sí,tsik-sí,即死,to die instantly
"Nn̄g ê lâng chek-sí, saⁿ ê lâng tiōng-siong.",,兩個人卽死，三個人重傷,Two died immediately; three were seriously injured.
chek-tâi,tsik-tâi,燭台,candle stick
a-chek,a-tsik,叔父,father's younger brother
a-chím,a-tsím,叔母 | 嬸母,[a-chek]'s wife
chek-peh hiaⁿ-tī,tsik-peh hiann-tī,堂兄弟,cousins
chek-peh chí-mōe,tsik-peh tsí-muē,堂姊妹,cousins
cheng,tsing,鐘,a clock | a bell
chêng,tsîng,前,in front of
chêng-bīn,tsîng-bīn,前面,in front of
tī chêng-bīn,tī tsîng-bīn,在前面,in the front
chèng,tsìng,種植,to plant
"Lí ē-hiáu chèng hoe, chèng chhiū-á--bē?",,你能植花和樹嗎？,Do you know how to plant flowers and trees?
chèng-kì | chèng-kìⁿ,tsìng-kì | tsìng-kìnn,證據,a proof
"Lí kóng thiⁿ-tē sī Thian-chú chō--ê, ū sím-mih chèng-kì--bô?",,你説天地是天主造成的，有什麽證據嗎？,"You say heaven and earth are made by God, do you have any proof?"
chèng-thâu,tsìng-thâu,疾病 | 病狀,sickness | disease
"Chit khoán ê chèng-thâu (or pīⁿ), bô io̍h-á thang i.",,這種疾病沒有藥可以醫,There is no medicine to heal this type of disease.
chèng-hú,tsìng-hú,政府,a government
tiong-hôa bîn-kok chèng-hú,tiong-huâ bîn-kok tsìng-hú,中華民國政府,The Government of the Republic of China
tâi-oân séng chèng-hú,tâi-uân síng tsìng-hú,台灣省政府,The Provincial Government of Taiwan
séng,síng,省,
Séng Chèng-hú,Síng Tsìng-hú,省政府,
Séng Chú-sek,Síng Tsú-sik,省主席,
chhī (Séng Hat chhī),tshī (Síng Hat tshī),市 | 省轄市,
Chhī Chèng-hú,Tshī Tsìng-hú,市政府,
Chhī Tiúⁿ,Tshī Tiúnn,市長,
koān,kuān,縣,
Koān Chèng-hú,Kuān Tsìng-hú,縣政府,
Koān Tiúⁿ,Kuān Tiúnn,縣長,
khu,khu,區,
Khu Kong-só͘,Khu Kong-sóo,區公所,
Khu Tiúⁿ,Khu Tiúnn,區長,
chhī (Koān Hat Chhī),tshī (Kuān Hat Tshī),市 | 縣轄市,
Chhī Kong-só͘,Tshī Kong-sóo,市公所,
Chhī tiúⁿ,Tshī tiúnn,市長,
tìn,tìn,鎮,
Tìn Kong-só͘,Tìn Kong-sóo,鎮公所,
Tìn Tiúⁿ,Tìn Tiúnn,鎮長,
hiong,hiong,鄉,
Hiong Kong-só͘,Hiong Kong-sóo,鄉公所,
Hiong Tiúⁿ,Hiong Tiúnn,鄉長,
lí,lí,里,
Lí Pān-kong-chhù,Lí Pān-kong-tshù,里辦公處,
Lí Tiúⁿ,Lí Tiúnn,里長,
chhoan,tshuan,村,
Chhoan Pān-kong-chhù,Tshuan Pān-kong-tshù,村辦公處,
Chhoan Tiúⁿ,Tshuan Tiúnn,村長,
séng chèng-hú,síng tsìng-hú,省政府,The Provincial Government
Choân Tiong-kok lóng-chóng ū saⁿ cha̍p gō͘ Séng. Tâi-oân sī kî-tiong ê chi̍t Séng.,,全中國一共有三十五省，台灣是其中的一省,The whole of China altogether has thirty five provinces. Formosa is one province among them.
chhī chèng-hú,tshī tsìng-hú,市政府,The City Government
"Choân Tâi-oân lóng-chóng ū gō͘ ê Séng Hat Chhī. Chiū-sī Ki-liông, Tâi-pak, Tâi-tiong, Tâi-lâm kap Ko-hiông.",,全台灣一共有五個省轄市，就是基隆，台北，台中，台南和高雄,"Formosa has five municipalities (five provincially ruled cities). These five municipalities are Keelung, Taipei, Taichung, Tainan and Kaohsiung."
koān chèng-hú,kuān tsìng-hú,縣政府,The Hsien Government
"Tâi-oân hun-chò cha̍p la̍k Koān, chiū sī Tâi-pak Koān, Thô-hn̂g Koān, Sin-tek Koān, Biâu-le̍k Koān, Chiong-hòa Koān, Lâm-tâu Koān, Hûn-lîm Koān, Ka-gī Koān, Tâi-lâm Koān, Ko-hiông Koān, Pîn-tong Koān, Tâi-tang Koān, Hoa-liân Koān, Gî-lân Koān kap Phîⁿ-ô͘ Koān.",,台灣分爲十六縣，就是台北縣，桃園縣，新竹縣，苗栗縣，台中縣，彰化縣，南投縣，雲林縣，嘉義縣，台南縣，高雄縣，屏東縣，台東縣，花蓮縣，宜蘭縣和澎湖縣,"Formosa is divided into sixteen counties, they are: 1) Taipei, 2) Taoyuan, 3) Hsinchu, 4) Miaoli, 5) Taichung, 6) Changhua, 7) Nantou, 8) Yunlin, 9) Chiayi, 10) Tainan, 11) Kaohsiung, 12) Pingtung, 13), Taitung, 14) Hualien, 15) Yilan, 16) Penghu (Pescadores). N.B. These are the official spellings given in the Directory of Taiwan for 1956."
chēng,tsīng,靜,quiet | still | calm
chéng,tsíng,腫,swell up
"Chhùi-khí teh thiàⁿ, só͘-í bīn chéng--khí-lâi.",,牙齒痛了，所以臉腫起來,My teeth ache; so my face is swollen up.
chèng-bêng,tsìng-bîng,證明,to provem certificate
"Thiⁿ-tē sī Thian-chú chō--ê, lí ē-tàng chèng-bêng--bē?",,天地是天主造的，你能證明嗎？,Can you prove that heaven and earth are made by God?
chèng-bêng-su,tsìng-bîng-su,證明書,a certificate
chèng-lâng,tsìng-lâng,眾人,all the people (in this or that place)
"Chèng lâng chàn-sêng, kan-taⁿ lí chi̍t ê teh hoán-tùi.",,大家都贊成，只有你一個人反對,"Everybody approves, you are the only one who opposes (the only dissenter)."
chéng-chí,tsíng-tsí,種子,seed
iā chéng-chí,iā tsíng-tsí,播種子,to sow seed
cheng-siⁿ,tsing-sinn,畜牲 | 家畜,animals | domestic animals
I ê hū-jîn-lâng chin gâu chhī cheng-siⁿ.,,他的妻子很會養家畜,His wife is very good at raising domestic animals.
cheng-sîn,tsing-sîn,精神,spirit
"I sui-jiân cheng-sîn chin hó, tān-sī sin-thé í-keng chin bô khùi-la̍t--a.",,他雖然精神很好，但是身體已經很沒有力氣了,"Although his spirit is very good, he has no physical energy. (His body is very weak.)"
cheng-sîn-pīⁿ,tsing-sîn-pīnn,精神病,mental disorder | a nervous breakdown
"Hit ê lâng tio̍h cheng-sîn-pīⁿ, lām-sú kóng ōe.",,那個人得了精神病，胡亂說,"He had a nervous breakdown, he talks nonsense."
chhâ,tshâ,柴 | 木料,wood
chhá,tshá,喧噪 | 騷擾 | 吵鬧,to disturb
"Chit ê gín-ná chin gâu chhá, liâm-piⁿ chhá boeh chia̍h piáⁿ, liâm-piⁿ chhá boeh lim tê.",,這個小孩很會吵，一下子吵着要吃餅，一下子又吵着要喝茶,"This kid really annoys people, one minute he annoys you about eating cakes, the next minute he disturbs you because he wants to drink some tea."
chha,tsha,差,to differ
chha-put-to,tsha-put-to,差不多,almost
chha bô lōa chē,tsha bô luā tsē,差不多,there isn't much difference
chhá,tshá,炒,to parch | to fry with very little fat.
Góa ài chia̍h chhá pn̄g.,,我喜歡吃炒飯,I like to eat fried rice.
chhâ | tiâu-cha,tshâ | tiâu-tsa,調查,investigate
"Sím-mih lâng thau-the̍h--khì, lí chhâ khòaⁿ-bāi--lè!",,什麽人偷去，你查查看,You try to find out who did the stealing.
chhài,tshài,菜,vegetables
chhà-chí,tshà-tsí,菜的種子,vegetables seeds
chhài-chhī-á,tshài-tshī-á,市場,market place
chhai,tshai,猜,to guess | to solve a riddle
Góa chò chi̍t ê bī hō͘ lí chhai khòaⁿ ē chhut--bē?,,我做一個謎語讓你猜猜看,I’ll make up a riddle and see if you can figure it out.
chhâi-hông-sai-hū,tshâi-hông-sai-hū,裁縫師,a tailsor
chhái-iōng,tshái-iōng,採用,to adopt | to accept | to use
Sîn-hū boeh chhái-iōng chi̍t ê thoân-kàu sian-siⁿ.,,神父要採用一個傳教師,Father wants to make use of a catechist.
chham | hâm,tsham | hâm,和 | 加 | 含,with
Chham lí kóng ōe ê hit ê lâng sī sím-mih lâng?,,和你講話的那個人是什麽人？,Who was that talking with you?
chham,tsham,加,to mix in
"Chit óaⁿ chhài, lí bē kì-tit chham iâm--hòⁿ?",,這碗菜你忘記了加鹽吧？,"You forgot to put some salt in this dish, didn’t you?"
chham-siông,tsham-siông,商量,to consult
"Lí boeh chò chit hāng tāi-chì, àn-chóaⁿ bô kap góa chham-siông?",,你要做這件事情，爲什麽不跟我商量？,"Why don’t you consult me, when you want to do this?"
chham-koan,tsham-kuan,參觀,to make tour of inspection | to pay a visit to | as to school
"Lí nā ū êng ê sî, lâi goán ê Thian-chú-kàu-tn̂g chham-koan.",,你若有空，到我們的天主教堂參觀,"When you have time, come over to the Catholic mission and look around."
chham-ka,tsham-ka,參加,to join with others | to take part in | to participate
Lí ū chham-ka Sèng-bó-kun--bô?,,你有沒有參加聖母軍？,Are you a member of The Legion of Mary? (Did you join up?)
chhám,tshám,慘,miserable | wretched
"Hit ê lâng phòa-pīⁿ bē-tàng thàn chîⁿ chhī bó͘-kiáⁿ, seng-oa̍h chin chhám.",,那個人生病不能供養妻子，生活很苦慘,"That fellow is sick, he can’t make any money to rear his children and take care of his wife, his life is really wretched."
chham-khó | chham-khó͘,tsham-khó | tsham-khóo,參考,reference | refer to | compare with
hō͘ lí chò chham-khó,hōo lí tsò tsham-khó,給你做參考,for you reference
chham-khó-su,tsham-khó-su,參考書,a reference-book
chham-khó sèng-keng,tsham-khó sìng-king,參考聖經,refer to (or compare with) the Bible | or to the Scriptures
chhân,tshân,田,fields
chò chhân,tsò tshân,耕作,to till fields
chò chhân-lâng,tsò tshân-lâng,農夫,peasant
pò͘-chhâng,pòo-tshâng,插秧,to plant rice in the fields
chhân chng,tshân tsng,鄉下,the country | lit. fields and villages
chhân-chng sông | chhân-chng sòng,tshân-tsng sông | tshân-tsng sòng,土包子,a bumpkin rustic | a hick
"Hit ê lâng chin chhân-chng-sông, iáu m̄ bat khòaⁿ-kìⁿ siu-im-ki.",,那個人是土包子，還沒有看過收音機,"He’s a real hick, he has never seen a radio."
chhân-chng-lâng,tshân-tsng-lâng,鄉下人,a country lad
chhân-chng ê só͘-chāi,tshân-tsng ê sóo-tsāi,鄉下地方 | 在鄉下,a country place
chhàng,tshàng,隱匿 | 藏,to conceal somrthing
"Piáⁿ nā kiaⁿ hō͘ gín-ná chia̍h--khì, tio̍h-ài chhàng--khí-lâi!",,如果怕餅子被小孩偷吃，就要藏起來,"If you are afraid that the cakes will be eaten by the youngster, you must hide them."
chhang-á,tshang-á,葱,green onions
chhang-thâu,tshang-thâu,洋蔥,onions (dried)
chhap,tshap,干涉,meddle with | attend to | to have to do with
"Hiah ê lâng sī pháiⁿ lâng, lí mài chhap--in khah hó.",,那些人是壞人，你最好不要理睬他,"Those guys are no good, it’s better if you have nothing to do with them."
chhat,tshat,塗料 | 油漆 | 塗抹,paint to | to paint
Í-toh nā chò hó ài chhat.,,桌椅做好了要上油漆,When the tables and chairs are finished they must be painted.
chha̍t-lá,tsha̍t-lá,賊,a thief
chhau,tshau,抄,to copy
"Góa siá chiah ê kù, chhiáⁿ lín chhau--khí-lâi.",,我寫這些句子，請你們抄起來,"These sentences, which I wrote, please copy them out."
chhàu,tshàu,臭,stinky | rotten
chhàu-hīⁿ lâng,tshàu-hīnn lâng,聾人 | 聾,a deaf person
chháu,tsháu,草,grass
so-chháu,so-tsháu,除草,to weed the fields
koah-chháu,kuah-tsháu,割草,to cut gress
chhàu-ta,tshàu-ta,燒焦,scorched
chhàu-hóe-hun,tshàu-hué-hun,燒焦,to give off a burning smell
chhau,tshau,鈔,bill | cash
bí-chhau,bí-tshau,美鈔,American bill (Currency)
chháu-tē-lâng,tsháu-tē-lâng,土包子,a hick | a country bumpkin
chhàu-oân,tshàu-uân,臭丸 | 除虫用,napthalene | moth balls
chháu-po͘-á,tsháu-poo-á,草地,a grassy plain
chhàu-phùi | phùi,tshàu-phuì | phuì,屁,wind
pàng-phùi,pàng-phuì,放屁,to break wind
chhe,tshe,初,first ten days of the month
"Kin-ná-ji̍t sī Gō͘-goe̍h chhe it, góa ê seⁿ-ji̍t.",,今天是五月初一，我的生日,"Today is May the first, my birthday."
chhe,tshe,差遣,to send a person
Chhe chi̍t ê gín-ná khì kā góa kià phoe.,,呌一個孩子替我寄信,Send a boy out to mail a letter for me.
chhè,tshè,脆 | 易碎的,crisp | brittle
Kam-chià lú chhè lú hó chia̍h.,,甘蔗愈脆愈好吃,"The more crisp sugar cane is, the better it is to eat."
chhe,tshe,妻,wife
chhè-só͘,tshè-sóo,廁所,W.C. toilet
chhê-á,tshê-á,鞭子 | 笞,a whip
Boeh ēng chhê-á kā lí phah.,,要用鞭子來打你,I’ll whip you.
chheⁿ,tshenn,青 | 藍,blue
chheⁿ | chhiⁿ,tshenn | tshinn,青 | 藍,green | color of nature | blue
"Lâng iā tio̍h chia̍h bah, iā tio̍h chia̍h chheⁿ (Chhiⁿ) chhài.",,人們要吃肉，也得吃青菜,People must eat meat and also greens.
"Thiⁿ-téng chhiⁿ-chhiⁿ-chhiⁿ, lóng bô hûn.",,天空很晴（青），一點也沒有雲,"The sky is all blue, there are no clouds at all."
chheⁿ-mê | chheⁿ-mî,tshenn-mê | tshenn-mî,盲目,blind
chheⁿ,tshenn,星,a star
chheⁿ-chhau | chhe-chhau,tshenn-tshau | tshe-tshau,盛餐,a dinner | a feast | a banquet
Góa siūⁿ boeh chún-pī chheⁿ-chhau lâi chhiáⁿ lâng-kheh.,,我想要凖備盛餐來請客,I think we better prepare a dinner and entertain some guests.
chheh,tsheh,書 | 冊,a book
chheh tiàm,tsheh tiàm,書店,a book store
chheh tû,tsheh tû,書櫥,a book case
chheh kè,tsheh kè,書架,a book-shelf or stand
chheh | giám,tsheh | giám,憎恨 | 嫌惡,to hate
Góa chiok chheh (giám) Kiōng-sán Tóng.,,我很憎恨共產黨,I really hate the Communists.
chhek-á,tshik-á,稻穀,rice in the hulls
chhek-chéng,tshik-tsíng,稻種,rice seed
iā chhek-chéng,iā tshik-tsíng,播稻種,to plant rice seed
pha̍k-chhek,pha̍k-tshik,晒穀,to dry rice grain in the sun
chhek-liōng,tshik-liōng,測量,to survey | make a survey of
chhēng,tshīng,穿,to wear
"Lí chiah tōa hàn, ka-tī iáu bē-hiáu chhēng saⁿ!",,你這麽大了，自己還不會穿衣服,You’re so big and you still can’t put on your own clothes!
chheng,tshing,清洗 | 清算,to cleanse | liquidate
chheng kau-á,tshing kau-á,清掃水溝,to cleanse drains
chheng siàu,tshing siàu,清算帳目,to pay a bill
chheng-khì,tshing-khì,乾淨,clean
chheng,tshing,千,1000
chheng-chúi,tshing-tsuí,清水,name of place
chheng-chhó,tshing-tshó,清楚,clear
chheng,tshing,澄清,clear (liquid)
chhéng,tshíng,拂去⋯⋯的塵埃,to dust with feather duster
"Góa ê toh-téng chin chē thô͘-soa-hún, kā góa chhéng-chhéng--lè!",,我的桌上有很多砂塵，替我拂一拂,"There is a lot of dust on my desk, dust it with a feather duster (for me)."
ke-mô͘-chhéng | ke-mn̂g-chhéng,ke-môo-tshíng | ke-mn̂g-tshíng,雞毛拂子,a feather duster
chhéng | sin-chhéng,tshíng | sin-tshíng,請,to apply (to be admitted)
"Sèng-tn̂g nā ū khiàm siáⁿ-hòe, ài tùi Chú-kàu chhéng.",,聖堂如缺少什麽東西，要向主教請求,"If there is anything missing in the chapel, we must apply to the Bishop for it."
Góa boeh sin-chhéng khì Bí-kok ê hō͘-chiò.,,我要申請到美國的護照,I want to apply for a passport to the States.
chhéng-ká,tshíng-ká,請假,ask for leave
Chhéng-ká saⁿ ji̍t,,請假三天,Ask for three days' leave.
chhéng-an,tshíng-an,請安 | 問候,to inquire after | to pay respects
Chhiáⁿ lí thè góa kā lēng-chun chhéng-an.,,請你代我向令尊問候,Please remember me to your father.
chhéng-kàu,tshíng-kàu,請教,ask for one's teaching
Góa boeh chhéng-kàu lí chi̍t kù ōe.,,我要請敎你一句話,May I ask you about a word?
chhèng-phīⁿ,tshìng-phīnn,醒鼻涕,to blow the nose
chhèng,tshìng,小銃 | 小鎗,a gun
phah-chhèng,phah-tshìng,放鎗,to shoot a gun
chhiú-chhèng,tshiú-tshìng,手鎗 | 連發,a revolver
Hit ê gín-ná chin chhiú-chhèng.,,那個孩子很頑皮,That child is very mischievous.
chhi,tshi,舖,to lay | to spread (a carpet or mattress)
Chhi tī kheh-thiaⁿ hit niá tē-chian sī Sūi-sū-chè--ê.,,舖在客廳的那件地毯是瑞士製的,"The carpet, which is spread out in the reception room was made in Switzerland."
Chhi chit niá phòaⁿ saⁿ tòa thô͘-kha hō͘ káu-á khùn.,,舖這件破衣服在地上讓狗睡覺,Spread this rag on the floor for the dog to sleep on.
chhi,tshi,孑孓,a mosquito larva
"Hoe-kan ê chúi nā bô ta̍k ji̍t ōaⁿ, ē siⁿ chhi.",,花甁裡的水如天天不換會生孑孓,"If you don’t change the water in the flower vase every day, it will breed mosquitoes."
chhī,tshī,市,a city
tâi-tiong chhī,tâi-tiong tshī,台中市,the city of Taichung
chiong-hòa chhī,tsiong-huà tshī,彰化市,the city of Changhua
chhī chèng-hú,tshī tsìng-hú,市政府,city government
chhī-tiúⁿ,tshī-tiúnn,市長,mayor
chhī,tshī,餵,to rear | to raise
"Góa chhī gû, goán ma--mà chhī ti.",,我餵牛，我的媽媽餵猪。,"I am raising cows, my mother is raising pigs."
chhì,tshì,試,to try | to test
Chhì khòaⁿ-bāi--lè.,,試試看,Just try it.
chhì-giām,tshì-giām,考試 | 試驗,examination | to test
Sîn-hū kóng bīn-ná-chài boeh kā góa chhì-giām tō-lí.,,神父講明天要考我道理,Father said he wants to examine me in the doctrine tomorrow.
chhì,tshì,刺,a prickle | thorn | spine | fish-bone
"Chit bóe hî-á ū chin chē chhì, khah sè-jī chia̍h--lè!",,這條魚有很多刺，小心點吃,"This fish has very many bones, eat it (more) carefully!"
chhì-koe,tshì-kue,胡瓜,a cucumber
chhī-kè,tshī-kè,市價,the market price
Ke-nn̄g ê chhī-kè lōa chē?,,雞蛋的市價多少？,What is the market price of eggs?
chhī-lāi,tshī-lāi,市內,tn the city | inside the city | in town
Chhī-lāi ū chin chē keng hì-īⁿ.,,市内有很多戱院,There are many theatres in town.
chhī-êng ê bah-suh,tshī-îng ê bah-suh,市營公共汽車,municipal bus | city bus
chhì-ke̍k,tshì-ki̍k,刺戟,stimuls | to irritate | to give an impetus to
Ē chhì-ke̍k ê mi̍h m̄-thang chia̍h.,,刺激性的東西不要吃,Don’t take any stimulants.
Lâng tio̍h ū chhì-ke̍k chiah ū chìn-pō͘.,,人要有刺激才會進歩,You must stimulate people before they make progress.
chhiⁿ-mî | chheⁿ-mê,tshinn-mî | tshenn-mê,瞎子 | 瞎眼,blind
"Chit bóe hî-á bô sím-mih chhiⁿ, m̄-thang chia̍h!",,這條於不大新鮮，不要吃,"This fish isn’t very fresh, don’t eat it!"
chhiⁿ,tshinn,新鮮 | 生,fresh
chhiⁿ,tshinn,青 | 星,blue | start
chhiⁿ-hî,tshinn-hî,鮮魚,fresh fish (not salted)
chhiⁿ-chhài,tshinn-tshài,青菜,greens | fresh vegetables
chhia,tshia,車子,a vehicle
khì-chhia,khì-tshia,汽車,an automobile
gû-chhia,gû-tshia,牛車,an ox cart
hóe-chhia,hué-tshia,火車,a train
saⁿ-lián-chhia,sann-lián-tshia,三輪車,a pedicab
hui-khoài-chhia,hui-khuài-tshia,飛快車,diesel train
tùi-hō-chhia,tuì-hō-tshia,對號車,reserved seat train
chhia phiò,tshia phiò,車票,a bus or train ticket
chhia-khò͘,tshia-khòo,車庫,a garage
chhia,tshia,推,to push a person
"Lí kā góa chhia chi̍t ē, tio̍h-ài hō͘ góa phah nn̄g ē.",,你把我推一下，要讓我打兩下,"You pushed (shoved) me once, you should get two punches from me."
chhia-tó,tshia-tó,推覆 | 推翻,to upset | to spill
chhia,tshia,縫紉,to sew clothes with a sewing machine
Ma--mà teh chhia saⁿ.,,媽媽在縫紉衣服,Mother is sewing.
chhiáⁿ,tshiánn,請,please
chhiáⁿ,tshiánn,請,to invite
chhiáⁿ lâng-kheh,tshiánn lâng-kheh,請客,to invite or entertain guests
chhiáⁿ-thiap,tshiánn-thiap,請帖,an invitation card
chhiàⁿ,tshiànn,雇用,to employ | hire
Góa ài chhiàⁿ chi̍t ê chí-pn̄g--ê.,,我要雇用一個厨役,I want to hire a cook.
chhiah,tshiah,棕色,brown
chhiah gû,tshiah gû,黃牛,brown cow | a yellow cow
chhiah,tshiah,編織,to knit
A-ché teh chhiah saⁿ.,,姐姐在打毛線,My big sister is knitting.
chhiah-kúi,tshiah-kuí,赤鬼 | 赤魔,"the ""REDS"" (lit. the red devils)"
chhiah-hòa,tshiah-huà,赤化,bolshevization | bolshevize
chhiah cha-bó͘,tshiah tsa-bóo,悍婦,a hot tempered woman
chhiah hiat-kiû,tshiah hiat-kiû,赤血球,a red blood corpuscle
chhiah-si̍p-jī | âng-si̍p-jī,tshiah-si̍p-jī | âng-si̍p-jī,赤十字 | 紅十字,a red cross
chhiah si̍p-jī pīⁿ-īⁿ,tshiah si̍p-jī pīnn-īnn,赤十字病院,the Red Cross Hospital
chhiám,tshiám,刺叉,to stab | to pierce (with a fork or a meat skewer)
Ēng chhiám-má chhiám khí-lâi chia̍h.,,用叉子叉起來吃,Pick it up with your fork and eat it.
Ēng chhiám-má chhiám teh hang.,,用叉子叉着考,To roast with a meat skewer. (a pin for fastening meat or for keeping it in form while roasting.)
chhiám-má,tshiám-má,叉子,a fork
chhiam,tshiam,簽,to sign
chhiam-miâ,tshiam-miâ,簽名,to sign one's name
chhiam,tshiam,籤,a lot
thiu chhiam,thiu tshiam,抽籤,to draw lots | cast lots
chhián,tshián,淺,shallow
chhian-chhiu,tshian-tshiu,鞦韆,a swing
hàiⁿ chhian-chhiu,hàinn tshian-tshiu,盪鞦韆,to swing on a swing
chhian-bān m̄-thang,tshian-bān m̄-thang,千萬不可,by no means (always used in negative)
chhiân,tshiân,延擱,to postpone | to extend
Chhiân lú kú lú hó.,,延越久越好,Time is in our favour.
chhiat,tshiat,切,to slice
Mī-pau m̄-thang chhiat chiah tōa tè!,,麵包不可以切得這麽大塊,Don’t cut the bread so thick!
chhiat-bah,tshiat-bah,切肉,to slice meat
chhiat-chhài,tshiat-tshài,切菜,to cut up vegetables
Chhiat chi̍t tè hō͘--góa!,,切一塊給我,Cut me a slice!
chhi̍h hong-khîm,tshi̍h hong-khîm,彈風琴,play the organ
chhim,tshim,深,deep | profound
chhim-soaⁿ,tshim-suann,深山,deep into the mountains
chhim-hái,tshim-hái,深海,the deep sea
chhim-sìn,tshim-sìn,深信,to firmly believe
chhim-chhim,tshim-tshim,深深,cordially | deeply
Chhim-chhim kā lín kám-siā.,,深深感謝你們,Thank you very cordially.
chhim-chiàm,tshim-tsiàm,侵佔,aggression | to invade
So͘-liân siūⁿ boeh chhim-chiàm Oán-tong.,,蘇聯想要侵佔遠東,Russia is planning in invade the Far East.
chhìn-chhái,tshìn-tshái,隨便,any old way | at random | in a haphazard way
chhin-chhiūⁿ,tshin-tshiūnn,好像,like | as
chhìn-chhái,tshìn-tshái,衡量 | 稱,to weigh
Chit pî keng-chio kā góa chhìn khòaⁿ lōa tāng?,,這把香蕉特我稱稱有多少種？,Weigh this bunch of bananas for me and see how heavy they are.
chhìn-á,tshìn-á,秤 | 杆,a scale
chhin-chiâⁿ,tshin-tsiânn,姻親,relatives on mother's side
chhin-cho̍k,tshin-tso̍k,親族,relatives on father's side
chhin-chhek,tshin-tshik,親戚,relatives on father's side
chhin-li̍p,tshin-li̍p,親立,to establish something in person
Thian-chú kàu-hōe chiah sī Iâ-so͘ chhin-li̍p--ê.,,天主教會才是耶穌親立的,Only the Catholic Church was established by Jesus. (in person) (Himself)
chhin-chhiú chò,tshin-tshiú tsò,親手做,to do with one's own hand
"Chit ê piáⁿ sī góa chhin-chhiú chò--ê, chhiáⁿ lí chia̍h khòaⁿ-bāi--lè!",,這個餅是我親手做的，請你嚐嚐看,"This cake was made by myself, please try it!"
chhin-pit | chhiú-pit,tshin-pit | tshiú-pit,親筆,to write with one's own hand
Chiah ê jī sī Chiúⁿ Chóng-thóng ê chhin-(chhiú)-pit.,,這些字是蔣總統的親筆,These characters were written by President Chiang in his own hand.
chhin-chhiat,tshin-tshiat,親切,kind | kindness
I chin chhin-chhiat.,,他很親教,He is very kind.
I tùi goán chin chhin-chhiat.,,他待我們很親切,He is very kind to us.
chhin-ài ê,tshin-ài ê,親愛的,My dear
Chhin-ài ê sió pêng-iú.,,親愛的小朋友,My dear little friend.
chhin-siⁿ-kiáⁿ,tshin-sinn-kiánn,親生子,one's own real son
chhin hiaⁿ-tī,tshin hiann-tī,親兄弟,brothers by the same parents
chhin-sin,tshin-sin,親自,in (one's own) person
Sîn-hū chhin-sin khì kā i khòaⁿ.,,神父親自去看他,Father went himself and inquired about him.
chhin-ba̍k,tshin-ba̍k,親眼,one's own eyes
Tio̍h ū chhin-ba̍k khòaⁿ--kìⁿ chiah thang kóng.,,須親眼見到才可以講,One must have seen it with his own eyes before he may talk.
chhiò,tshiò,笑,to laugh
chhiò-khoe,tshiò-khue,滑稽 | 可笑的,comic (adj. or noun)
hó-chhiò,hó-tshiò,好笑 | 可笑的,funny
kóng chhiò-ōe,kóng tshiò-uē,講笑話,to joke
chhiō,tshiō,照,to throw light on | to shine on
"Góa ê liú-á lak chi̍t lia̍p--khì, gia̍h chhiú-tiān lâi chhiō khòaⁿ ū tī toh-kha--bô?",,我的扣子丟了一個，用手電筒來照照看有沒有在棹下,"I dropped a button on the floor, bring a flashlight and shine it around to see if it is under the table."
chhioh,tshioh,尺,a foot | a rule
hong-chhioh,hong-tshioh,方尺,a square foot
nn̄g chhioh sù-hong,nn̄g tshioh sù-hong,兩尺平方,two feet square
nn̄g hong chhioh,nn̄g hong tshioh,兩平方尺,two suqare feet
chhio̍h-á,tshio̍h-á,蓆,a straw mat | matting
chháu-chhio̍h,tsháu-tshio̍h,草蓆,a straw mat | matting
tāi-kah chhio̍h,tāi-kah tshio̍h,大甲蓆,a very famous mat made in [Tai7-kah].
chhit-thô | thit-thô,tshit-thô | thit-thô,玩耍,to play
chhit-thô-mi̍h-á,tshit-thô-mi̍h-á,玩具,a plaything | a toy
chhit,tshit,擦拭,to wipe | to dust
"Toh-téng ū ba̍k-chúi, kā góa chhit--khí-lâi.",,桌子上有墨水，替我擦乾浄,"There is some ink on the table, wipe it up!"
chhit ê,tshit ê,擦鞋,to brush shoes
chhit-lá,tshit-lá,黑板刷 | 橡皮,an eraser
chhiú,tshiú,手,hand
chhiú-tiān,tshiú-tiān,手電筒,a flashlight
chhiú-tòng,tshiú-tòng,手擋,a hand brake
chhiú-chhèng,tshiú-tshìng,連發手鎗 | 淘氣,a relolver | to be mischievous
Chit ê ha̍k-seng chin chhiú-chhèng.,,這個學生很淘氣,This student is very mischievous.
chhiú-chí,tshiú-tsí,戒子,a ring
kòa-chhiú-chí,kuà-tshiú-tsí,戴戒子,to wear a ring
chhiú-pió,tshiú-pió,手錶,wrist watch
chhiú-khoân,tshiú-khuân,手環,a bracelet
chhiú-ńg,tshiú-ńg,袖子,sleeves
chhiū-á,tshiū-á,樹 | －棵,a tree
chhiū-á-oe,tshiū-á-ue,樹枝,branches
chhiū-hio̍h-á,tshiū-hio̍h-á,樹葉,leaves
chhiu-thiⁿ,tshiu-thinn,秋天,autumn
chhiu-chhìn,tshiu-tshìn,涼快,cool
chhiū-nâ,tshiū-nâ,森林,forest
chhiú-gē,tshiú-gē,手藝 | 手工,manual arts | handwork
I ê chhiú-gē chin gâu.,,他的手藝很好,His handiwork is very good.
chhiú-kang,tshiú-kang,手工,handiwork
"Che sī chhiú-kang chò--ê, á sī ke-khì chò--ê?",,這是手工做的還是機器做的？,Is this hand work or is it made by machine?
chhiú-kang-gia̍p,tshiú-kang-gia̍p,手工業,handicraft
Tiong-kok ê chhiú-kang-gia̍p chin hoat-ta̍t.,,中國的手工業很發達,Chinese handicraft is making great strides.
chhiú-oán,tshiú-uán,手腕,ability | talent | capability
ū chhiú-oán | chhiú-oán hó,ū tshiú-uán | tshiú-uán hó,有手腕,capable talented
chhiú-su̍t,tshiú-su̍t,手術 | 開刀,a surgical opertion | to operate
Bô chhiú-su̍t bē hó.,,不開刀不會好,One will not get well without an operation.
chhiú-lông,tshiú-lông,手套,gloves
kòa chhiú-lông,kuà tshiú-lông,帶手套,to put on gloves
pak chhiú-lông,pak tshiú-lông,脫手套,to put off gloves
chhiú-kin,tshiú-kin,手巾 | 手帕,a handkerchief
chhiú-lāi,tshiú-lāi,手中,at hand | within reach | about one's person
Chím-má chhiú-lāi bô pòaⁿ ê chîⁿ.,,現在手中沒有一文錢,I have no money on hand now.
chhiú-khàu,tshiú-khàu,手銬,handcuffs
chhiú-sio̍k,tshiú-sio̍k,手續,formalities | procedure | process | red tape.
Boeh niá khì-chhia ê chip-chiàu tio̍h-ài sím-mih chhiú-sio̍k? (noun),,Boeh niá khì-chhia ê chip-chiàu tio̍h-ài sím-mih chhiú-sio̍k? (noun),What is the procedure for obtaining a license for a car?
Sin bé ê chhù boeh teng-kì tio̍h àn-chóaⁿ chhiú-sio̍k? (verb),,Sin bé ê chhù boeh teng-kì tio̍h àn-chóaⁿ chhiú-sio̍k? (verb),What is the procedure for registering a newly bought house?
chhiūⁿ,tshiūnn,象,an elephant
chhiūⁿ gê,tshiūnn gê,象牙,ivory | elephant tusk
chhiùⁿ,tshiùnn,唱,to sing
chhiùⁿ koa,tshiùnn kua,唱歌,to sing a song
chhiùⁿ-phìⁿ | khek-pôaⁿ,tshiùnn-phìnn | khik-puânn,唱片,a record (of a gramophone or a record player)
Góa ká chhiùⁿ-phìⁿ hō͘ lí thiaⁿ hó--bô?,,我唱唱片給你聽好嗎？,"I’ll play a record for you, O.K?"
chhiúⁿ,tshiúnn,搶,to rob | grab
ū-chîⁿ-lâng kiaⁿ lâng chhiúⁿ.,,有錢的怕人搶,Rich people are afraid of being robbed.
chhiuⁿ | chhiuⁿ-á,tshiunn | tshiunn-á,槍,a spear
Ēng chhiuⁿ tu̍h sí.,,以槍刺殺,To stab to death
chhiûⁿ-ûi,tshiûnn-uî,牆圍,a wall
Chhiûⁿ-ûi hō͘ hong-thai phah tó-khì.,,牆圍被颱風吹倒了,The wall was knocked over by a typhoon.
chhng-khò͘,tshng-khòo,倉庫,a shed | granary | baggage shed
thih-bé chhng-khò͘,thih-bé tshng-khòo,脚踏車倉庫,a bicycle shed
chhng,tshng,穿 | 穿過,to thread | to pass a string through
chhng-chiam,tshng-tsiam,穿限於針眼,thread a needle
chhò-bí,tshò-bí,糙米,unpolished rice
chhò-bí,tshò-bí,錯,a mistake | a fault | wrong
án-ni bô chhò!,,這樣沒有錯,It is certainly so! That’s correct! Yes indeed!
sit-chhò,sit-tshò,失錯,to make a mistake
"Lí nā án-ni chò, it-tēng ē sit-chhò.",,你如果這樣做，一定會失錯,"If you do that, it will certainly be a mistake."
jīn-chhò,jīn-tshò,認錯,to confress a fault or error | to apologize
"Nā chò m̄ tio̍h, èng-kai tio̍h jīn-chhò.",,如果做錯了，應該要認錯,"If you do sonnet wrong, you should admit it."
Lí tio̍h-ài khí tùi sîn-hū jīn-chhò.,,你要去向神父認錯,You should go and apologize to the priest.
chhò-gō͘,tshò-gōo,錯誤,wrong | mistake
"Lí nā siūⁿ án-ni, oân-choân sī chhò-gō͘.",,你這樣的想法，完全是錯誤,"If you think that way, you’re all wrong."
chhò,tshò,砍,to cut down (as trees)
Chit-châng chhiū-á chhò-khí-lâi hiâⁿ-hóe.,,把這株樹木砍下來燒火,Cut this tree down for making a fire (for firewood).
chhó,tshó,軟木樹皮,cork (as material)
chhó-that,tshó-that,軟木塞,a cork (of a bottle)
chho͘,tshoo,初 | 剛剛,the beginning
"Góa chho͘-chho͘ lâi Tâi-oân ê sî, lóng bē hiáu ēng tī chia̍h pn̄g.",,我剛剛來台灣的時候，都不會用筷子吃飯,"When I first came to Taiwan, I did not know how to use chopsticks at all."
chho͘-tiong,tshoo-tiong,初中,Junior Middle school
I sī chho͘-tiong pi̍t-gia̍p ê.,,他是初中畢業的,He is a graduate of Junior Middle School.
chho͘-kang,tshoo-kang,初工,Junior Middle Technical
Chho͘-kang tio̍h ài tha̍k saⁿ nî kú chiah ē-tàng chhut-gia̍p.,,初工要讀三年之久才能畢業,One must study Junior Middle Technical School for three years before he can graduate.
chho͘-siang | chho͘-siong,tshoo-siang | tshoo-siong,初商,Junior Middle Commercial
chho͘-lông,tshoo-lông,初農,Tunior Misddle Agricultural
chho͘-pō͘,tshoo-pōo,初步,elementary steps | a primer
Chit pún sī o̍h kóng Tâi-oân-ōe ê chho͘-pō͘.,,這本書是學說台灣話的初步,This book is a primer for learning to speak Taiwanese.
chho͘,tshoo,粗,coarse | rough
chho͘-kang,tshoo-kang,工人,a common laborer
Kin-ná-ji̍t ài chhiàⁿ kúi-ê-á chho͘-kang lâi piàⁿ sàu.,,今天要僱幾個工人來清掃,Today we must hire a few laborers to come and clean the place up.
chho͘-chho͘,tshoo-tshoo,粗品,ordinary | common
"Chit hāng mi̍h chho͘-chho͘-a, chhiáⁿ lí siu-khí-lâi.",,這件東西沒有什麼價值，請你收下,"This is something very ordinary (nothing special) please accept it. (said, when presenting a gift.)"
chho͘-chhài,tshoo-tshài,粗菜,the ordinaryfood | nothing espeacially prepared
chho͘-chóa,tshoo-tsuá,粗紙,rough | heavy paper | used by the natives for toilet paper
chhò͘ | sng-chhò͘,tshòo | sng-tshòo,醋,vineger
chia̍h-chhò͘,tsia̍h-tshòo,嫉妬 | 吃醋,to be jealous
Hit ê lâng chin gâu chhia̍h-chhò͘.,,那個人很會嫉妬,He is very prone to become jealous.
chhōa,tshuā,帶 | 領,to lead
Góa boeh chhōa chit ê gín-á khì hō͘ i-seng khòaⁿ.,,我要帶這個孩子給醫生看,I want to take this child to see a doctor.
chhōa bó͘,tshuā bóo,娶妻,to take a wife
chhōa sin-niû,tshuā sin-niû,娶新娘,to get married
chhòaⁿ,tshuànn,閂,to bolt with a bar
chhòaⁿ-mn̂g,tshuànn-mn̂g,閂門,to bolt with a door
mn̂g-chhòaⁿ,mn̂g-tshuànn,門閂,a door-bolt
chhoân,tshuân,準備,to prepare
"Khui-hōe ê sî-kan kàu-ah, lí chhoân-hó bōe?",,開會的時間到了，你準備好了嗎？,"It is time to hold the meeting, are you prepared yet?"
chhoán,tshuán,氣喘,to breathe | pant
Góa nā peh lâu-thui ē chin chhoán.,,我上樓梯的時候總會氣喘,"When I climb upstairs, I pant very much."
chhoán-khùi,tshuán-khuì,呼吸,to breathe | to respire
chhōe,tshuē,找,to look for
chhōe-ū,tshuē-ū,找到,found
chhōe-bô,tshuē-bô,找不到,did not find
Hit téng bō-á góa chhōe bô.,,那頂帽子我找不到,I did not find that hat.
chhōe--tio̍h,tshuē--tio̍h,找到,found (past participle)
Góa ū chhōe tio̍h góa ê bō-á.,,我找到了我的帽子,I found my hat.
Lí ê bō-á (lí) ū chhōe-tio̍h bô?,,你的帽子找到了嗎？,Did you find your hat?
Lí ū chhōe tio̍h lí ê bō-á bô?,,你找到了你的帽子嗎？,
chhōe ē-tio̍h,tshuē ē-tio̍h,找得到,can find
Hit téng bō-á lí siūⁿ chhōe ē tio̍h bē?,,那頂帽子你想找得到嗎？,Do you think that hat can be found?
chhōe bē-tio̍h,tshuē bē-tio̍h,找不到,can not find
"Góa ê bō-á, góa chhōe bē-tio̍h.",,我的帽子我不能找到,I cannot find my hat.
chhōe ū-tio̍h,tshuē ū-tio̍h,找到了,did
chhōe bô-tio̍h,tshuē bô-tio̍h,沒有找到,did not find
Hit téng bō-á góa chhōe (ū) bô tio̍h.,,那頂帽子我沒有找到,I (did) did not find that hat.
chhōe,tshuē,找,to visit
"Sîn-hū, ū chi̍t ê lâng boeh lâi chhōe lí.",,神父，有一個人要來找你。,"Father, there’s a man who wants to see you."
chhoe,tshue,吹,to blow (as wind)
chhoe-hong,tshue-hong,使⋯⋯當風,to air in the wind
Nā bô ji̍t thang pha̍k chhoe hong iā ē ta.,,要是沒有太陽晒，風吹也會乾,"If there is no sun to sun it, air it in the wind and it will dry."
Kin-ná-ji̍t sī sím-mih hong kā lí chhoe lâi.,,今天是什麼風把你吹來的？,"(Lit, What wind blew you here today?) This is a very unexpected visit from you."
chhoe,tshue,蒸,to steam
"Goán ma-mà the chhoe kóe, chin bô-êng.",,我的母親在蒸年糕，她很忙,"My mother is now steaming glutinous rice cakes, she is very busy."
"chhoe pn̄g, chhoe chhài",tshue pn̄g | tshue tshài,蒸飯 | 蒸菜,steam rice and vegetables
chhòng,tshòng,做,to do | make
Chit hang tāi-chì sim-mih lâng chhòng ê?,,這件事情是誰做的？,Who did this?
chhòng-chō,tshòng-tsō,創造,to create
Thian-chú chhòng-chō thiⁿ-tē bān-mi̍h.,,天主創造天地萬物,God created heaven and earth and all things.
chhong-bêng,tshong-bîng,聰明,clever
chhòng-tī,tshòng-tī,揶揄 | 捉弄,to tease | to make fun of | to make a fool of
M̄ thang chhòng-tī góa.,,不要捉弄我,不要捉弄我
M̄ thang chhòng-tī lāu-tōa-lâng.,,不要捉弄老人,不要捉弄老人
chhù,tshù,厝 | 屋房,a house
chhù-téng,tshù-tíng,屋頂,the house top
chhù-chú,tshù-tsú,房東,the owner of a house
chhù-sòe,tshù-suè,房租,house rent
chhu,tshu,滑,to slip | to slide
"Keng-chio-phôe nā hiat tòa hia, ē hāi lâng chhū poa̍h-tó (chhū tó-khì).",,香蕉皮如果丟在那裡會害人家滑倒,"If you throw banana peelings there, you will cause someone to slip and fall."
chhu poa̍h-tó,tshu pua̍h-tó,滑倒,to slip and fall
chhù-bī | sim-sek,tshù-bī | sim-sik,趣味 | 興趣,taste | relish | interest
Lí tiò-hû ū chhù-bī bô?,,你對釣魚有沒有興趣？,Do you find fishing interesting?
chhú-siau,tshú-siau,取消,to cansel | revocation | rescind
Cha-hng kap lí iok-sok ē tāi-chì boeh chhú-siau.,,昨天跟你約定的事情要取消了,I want to cancel that promise I made to you yesterday.
chhùi,tshuì,嘴,mouth
chhùi-chhiu,tshuì-tshiu,髯 | 嘴髭 | 嘴鬚,whiskers
siu chhùi-chhiu,siu tshuì-tshiu,剃髭,to shave one's face
chhùi-khí,tshuì-khí,牙齒,teeth
chhùi-chi̍h,tshuì-tsi̍h,舌頭,tongue
Lí chhùi-chi̍h chhun chhut-lâi khòaⁿ-bāi leh.,,你把舌頭伸出來看看,Please stick out your tongue and let me take a look at it.
chhùi-piⁿ | chhùi-phóe,tshuì-pinn | tshuì-phué,頰,cheek
chhùi-tûn,tshuì-tûn,口唇,lips
chhui-chhiok,tshui-tshiok,催促,to press | push | demand (for payment)
"I khiàm lí chi̍t kho͘, lí nā bô kā i chhui-chhiok, i chiū bô hêng lí.",,他欠你一元，你若不向他催促他就不還你,"He owes you a dollar, if you don’t push him for payment, he will not pay it back."
chhui-chiàn,tshui-tsiàn,推薦,recommendation | to recommend | a proposition | to propose
Chhiáⁿ lí kā góa chhui-chiàn chi̍t ê thoân-kàu sian-siⁿ.,,請你替我推薦一位傳教先生,Please recommend a catechist to me.
chhun-thiⁿ,tshun-thinn,春天,spring
Chhun-thiⁿ āu-bó bīn.,,春天像後母臉孔（易變）,Spring weather is as changeable as a stepmother’s face.
chhun,tshun,剩下 | 剩餘,to remain | to be left over
"Lí khì Tâi-pak, só͘-hūi chhun lōa chē tńg-lâi?",,你到台北剩下多少費用回來？,"You went to Taipei, how much was remaining of your expenses, on your return?"
chhùn,tshùn,寸,an inch
chhun,tshun,伸,to stretch | to extend
Lí chhiú chhun khah tn̂g leh.,,你把手伸長一點,Put out your hand farther.
chhut--khì,tshut--khì,出去,to go out
chhut--lâi,tshut--lâi,出來,to come out
chhut-chîⁿ,tshut-tsînn,出錢 | 付錢,to give out money | pay a bill
chhut-gia̍p,tshut-gia̍p,畢業,to graduate
chhut-miâ,tshut-miâ,出名 | 有名的,famous
chhut | chhut-kè,tshut | tshut-kè,出價,to offer a price
"Tâi-oân ê seng-lí-lâng chin gâu kóng-kè, boeh bé mi̍h ê sî ài kā i chhut (or chhut-kè).",,台灣的商人很會討高架，要買東西你就得出價,"Taiwanese businesss people constantly overcharge (state a high price), when buying things you must offer a price."
Góa chhut i cha̍p kho͘ i iáu m̄ bē.,,我出十塊錢，他還不賣,"I offered him ten dollars, he still won’t sell."
chhut-hoat,tshut-huat,出發,departure | to leave | set out | to start out on a journey
"Lí boeh khì Hiong-káng, tang-sî boeh chhut-hoat?",,你要到香港，何時要出發？,"You are going to Hong-Kong, when are you starting out?"
chhut-hoat ê sî-kan,tshut-huat ê sî-kan,出發的時間,the time of departure
chhut-hoat-tiám,tshut-huat-tiám,出發點,the starting place (point)
chhut-sì,tshut-sì,出生,to come out into the world (a baby) | to be born
Góa tī Tâi-oân chhut-sì.,,我在台灣出生,I was born in Formosa.
chhut-môa | chhut-phia̍h,tshut-muâ | tshut-phia̍h,麻疹,to have measles
chhut-chu | thian-hoa,tshut-tsu | thian-hua,天花,smallpox | variola
chhut,tshut,出,"to put forth (strength, money, courage)"
chhut-la̍t,tshut-la̍t,出力,to put forth one's strength
Tio̍h-ài chhut-la̍t chiah kng ē khí-lâi!,,要出力才抬得起來,"You must exert yourselves, then you can lift it up. (carry it)"
chhut-chāi lí,tshut-tsāi lí,隨你的便,You are welcome to...
"Kok-ông kóng, “Lí boeh ài sim-mih, chhut-chāi lí kóng.”",,國王說：隨便你要什麼東西,"The king said, “Whatsoever you wish, speak out.”"
"""Sîn-hū, eng-àm boeh chia̍h sim-mih chhài? Chhut-chāi lí (or iû-chāi lí).""",,神父，晚上要吃什麼菜？隨你的便,"""Father, what do you want to eat this evening? Suit yourself. (I leave it to your judgment)"""
iû-chāi lí,iû-tsāi lí,隨你的便,It is your own choosing to...
"Kok-ông kóng, “Lí boeh ài sim-mih, chhut-chāi lí kóng.”",,國王說：隨便你要什麼東西,"The king said, “Whatsoever you wish, speak out.”"
"""Sîn-hū, eng-àm boeh chia̍h sim-mih chhài? Chhut-chāi lí (or iû-chāi lí).""",,神父，晚上要吃什麼菜？隨你的便,"""Father, what do you want to eat this evening? Suit yourself. (I leave it to your judgment)"""
chí pn̄g,tsí pn̄g,煑飯,to cook rice
chí-chhài,tsí-tshài,煑菜,to cook vegetables
chí-mōe,tsí-muē,姊妹,sisters
a-ché | a-chí,a-tsé | a-tsí,姊姊,older sister
sió-mōe,sió-muē,妹妹,younger sister
chí-ū,tsí-ū,只有,only
chí-ū....niā-tiāⁿ,tsí-ū....niā-tiānn,只有⋯⋯而已,only
Chi̍t ê lâng chí-ū chi̍t tiâu sìⁿ-miā nia-tiaⁿ.,,每個人只有一條生命而已,A person has only one life.
chí-kàu,tsí-kàu,指教,to direct | to instruct
Chhiáⁿ lí to-to chí-kàu,,請你多多指教,Please direct me very freely (lit. very much)
chí | chéng-chí,tsí | tsíng-tsí,種子,seeds
hoe-chí,hue-tsí,花種,flower seed
chhài-chí,tshài-tsí,菜種,vegetable seed
chí-sek | kiô-sek,tsí-sik | kiô-sik,紫色,purple
chi-phiò,tsi-phiò,支票,(a cheque) a check
chí-lâm-chiam,tsí-lâm-tsiam,指南針,a compass
Hok-im sī lêng-hûn ê chí-lâm-chiam.,,福音是靈魂的指南針,The gospel is the compass of the soul.
chí-hui,tsí-hui,指揮,to command | direct | give orders | instruct (V.N.)
chí-hui kang-lâng,tsí-hui kang-lâng,指揮工人,to direct workmen
chí-hui ga̍k-tūi,tsí-hui ga̍k-tuī,指揮樂隊,to direct an orchestra
chí-hui thé-chhau,tsí-hui thé-tshau,指揮體操,to direct physical exercises
chí-tō,tsí-tō,指導,to guide | instruct | coach
Pài-thok lí kā góa chí-tō.,,請你給我指導,Will you be kind enough to guide me?
chí-tō nâ-kiû-tūi,tsí-tō nâ-kiû-tuī,指導籃球隊,to coach a basketball team
chí-chia̍h--ê | chóng-phò͘ | tû-pâng,tsí-tsia̍h--ê | tsóng-phòo | tû-pâng,廚役,cook (polite terms)
chîⁿ,tsînn,錢,money | cash
chîⁿ,tsînn,錢 | 匆,0.1325 ounces
chìⁿ,tsìnn,用油炸,to fry in deep fat | to fry swimming in a large quantity of boiling fat or oil.
chìⁿ bah-oân,tsìnn bah-uân,油炸肉丸,to cook samll round balls of meat dipped in dough until they become very crisp.
chìⁿ hê-chìⁿ,tsìnn hê-tsìnn,炸蝦子,to fry shrimps covered with dough
chìⁿ chhài-chìⁿ,tsìnn tshài-tsìnn,炸菜子,to cook vegetables in deep grease
chìⁿ,tsìnn,箭,an arrow
Lí ē-hiáu siā chìⁿ bē?,,你會射箭嗎？,Can you shoot arrows?
chíⁿ | kó͘-chíⁿ,tsínn | kóo-tsínn,井,a well
M̄ thang lōa (or tòa-lī) góa thau giâ kó͘-chíⁿ.,,不要誣指我偷取井子,(Lit. Don’t put me under the false charge of stealing other people’s well.) Don’t accuse me of doing something which is impossible.
chíⁿ,tsínn,幼；嫩,young | tender
"Chit ki tek-sún chin chíⁿ, tāi-khài chin hó chia̍h.",,這支竹筍很嫩，大概很好吃,"This bamboo sprout is very tender, it most probably is very good eating."
chia̍h-chhò͘,tsia̍h-tshòo,這裡,here
chia̍h-chhò͘,tsia̍h-tshòo,遮,to screen | cover over
Thang-á mn̂g ài ēng pò͘ chia leh.,,窗門須用布遮住,You must cover the window with a cloth.
"Hit keng chhù hō͘ chhiū-á chia leh, tùi chia bô khòaⁿ-kìⁿ.",,那間房屋被樹遮住，從這裡看不見,"That house is screened off by trees, you cannot see it from here."
chiâⁿ,tsiânn,約 | 近,about
Kin-ná-ji̍t ū chiâⁿ cha̍p ê lâng-kheh boeh lâi.,,今天約有十個客人要來,There are about ten guests coming today.
chiâⁿ,tsiânn,,
Chiâⁿ cha̍p ê lâng.,,近於十個人,Nearly ten persons.
Chiâⁿ pah ê lâng.,,近於一百個人,Nearly hundred persons.
Chiâⁿ chheng (ê) lâng.,,近於一千個人,Nearly thousand persons.
Chiâⁿ bān (ê) lâng.,,近於一萬個人,"Nearly 10,000 persons."
Chiâⁿ pah bān (ê) lâng.,,近於一百萬個人,Nearly a million persons.
chiàⁿ-pêng,tsiànn-pîng,右邊,to right side
chiàⁿ-chhiú,tsiànn-tshiú,右手,right hand
chiàⁿ-chhiú-pêng,tsiànn-tshiú-pîng,右邊,right said
chiáⁿ,tsiánn,淡 | 味道,flat | tasteless
"Chit óaⁿ chhài ná ē chiah chiáⁿ, sī bē-kì-tit chham iâm sī bô?",,這碗菜怎麼這麼淡，是不是忘了放鹽？,"Why is this dish of food so tasteless? You forgot to put some salt in it, didn’t you?"
chiaⁿ-goe̍h,tsiann-gue̍h,正月 | 一月,January
chiàⁿ-si̍t,tsiànn-si̍t,果然 | 真正,really | actually
chin chiàⁿ hoaⁿ-hí,tsin tsiànn huann-hí,真是高興,really and truly happy
chiaⁿ-bah | sán-bah,tsiann-bah | sán-bah,瘦肉,lean meat
chiah ê,tsiah ê,這些,these
chiah-ni̍h,tsiah-ni̍h,這麼,such | so
chiah,tsiah,才 | 則,then | until | and only then | provided that
"Góa nā ū thàn chîⁿ, chiah boeh khí tōa chhù.",,如果我賺了錢，才要建大廈,"I will build a big house, provided that I make some money."
chia̍h,tsia̍h,吃 | 食,to eat
chia̍h-mi̍h | hó chia̍h-mi̍h,tsia̍h-mi̍h | hó tsia̍h-mi̍h,食物,eatables
hó chia̍h,hó tsia̍h,好吃,tastes good
pháiⁿ chia̍h,pháinn tsia̍h,不好吃,tast bad
gâu-chia̍h,gâu-tsia̍h,吃得很多 | 健啖,to be good eater | to have a good appetie
bē chia̍h,bē tsia̍h,吃得很少,not to be able to eat very much
"Góa í-chêng khah khah bē chia̍h, kīn-lâi khah gâu chia̍h-ah.",,我以前吃得不多，近來吃得比較多了,"Previously I did not have much of an appetite, now I eat very well."
tōa chia̍h,tuā tsia̍h,大吃,to eat heavily (very much)
sió chia̍h,sió tsia̍h,胃口不大,to eat lightly (vert little)
"Chò-sit lâng lóng khah tōa chia̍h, su-bûn-lâng lóng khah sió chia̍h.",,農夫吃得比較多，斯文的人吃得比較少,Farmers are all heavy eaters; office workers eat more lightly.
chia̍h chái-khí,tsia̍h tsái-khí,吃早飯,to eat breakfast
chia̍h tiong-tàu,tsia̍h tiong-tàu,吃中飯,to have lunch
chia̍h àm,tsia̍h àm,吃晚飯,to have supper
Lí chia̍h-àm chia̍h pá bōe?,,你晚飯吃飽了嗎？,Did you have your supper yet?
chia̍h-chheⁿ-chhau,tsia̍h-tshenn-tshau,吃盛餐,to have a banquet | to eat a big dinner
chia̍h io̍h-á,tsia̍h io̍h-á,服藥,to take a medicine
chia̍h chiú-chùi,tsia̍h tsiú-tsuì,喝醉酒,to get drunk
chia̍h pn̄g thiaⁿ,tsia̍h pn̄g thiann,餐廳,dining room
chia̍h pn̄g toh-á,tsia̍h pn̄g toh-á,餐桌,a dining room table
chia̍h pn̄g-kin,tsia̍h pn̄g-kin,餐巾,a napkin
chia̍h hùi,tsia̍h huì,食費 | 膳費,coat of food
Siok-sià-seng ê chia̍h-hùi chi̍t kó͘ goe̍h ài lōa chē?,,宿舍生的膳費一個月要多少？,What does a boader’s food cost for one month?
chia̍h tiám-sim,tsia̍h tiám-sim,吃點心,to take some refreshment | to have tea or a light lunch
chia̍h chîⁿ,tsia̍h tsînn,貪污 | 接受不義的財物,graft | to take graft
"Kong-bū-oân nā ài chia̍h-chîⁿ, kok-ka choa̍t-tùi ē bia̍t-bông.",,要是公務員貪污，國家絕對會滅亡,"If the officials like to take graft, the nation will definitely perish."
chia̍h thâu-ke,tsia̍h thâu-ke,膳食由主人供給,to be fed by one's employer
chia̍h thâu-lō͘,tsia̍h thâu-lōo,就職 | 就業,to be employed
Lí tī toh-ūi the chia̍h thâu-lō͘.,,你在何處就職？,Where are you working?
chia̍h khui,tsia̍h khui,吃虧 | 損失,to suffer a loss | sustain
"Góa chò chit hāng tāi-chì, chia̍h-khui chin chē.",,我做這件事，吃了很多虧,I sustained a great loss in doing this thing.
chia̍h lâng chia̍h thih,tsia̍h lâng tsia̍h thih,蠻橫,overbearing | perverse | wicked
"Hit ê lâng sī chia̍h lâng chia̍h thih ê lâng, lí nā boeh kap i chò tāi-chì, tio̍h khah chù-ì leh.",,那個人很蠻橫，你若要和他做事情須要注意！,"That man is a wicked fellow, if you have any dealings with him, be careful."
chiām-chiām,tsiām-tsiām,漸漸 | 逐次,gradually
chiām-chiām,tsiām-tsiām,針 | 縫針,a needle
chiam,tsiam,尖,sharp at the end | pointed
chiàm,tsiàm,佔,to occupy | to capture
Tâi-oân hō͘ Ji̍t-pún chiàm gō͘ cha̍p gōa nî.,,台灣給日本佔五十多年,Taiwan was occupied by the Japanese for over fifty years.
chiām-sî,tsiām-sî,暫時,for the time being | momentary | temporary
"Góa lâng bô tú-hó, chiām-sî boeh hioh-khùn.",,我身體不舒服，暫時要休息一下 這間聖堂是暫時的，將來要建築一個新的聖堂。,"I am not feeling well, I want to rest for the time being. This is a temporary chapel, later on we want to build a new one."
chiam,tsiam,尖,pointed
"Chit ki iân-pit bô chiam, gia̍h to-á lâi hō͘ góa siah.",,這枝鉛筆不尖，拿刀子來讓我修一修,"This pencil has no point, bring me a knife to sharpen it."
chiàn-cheng,tsiàn-tsing,戰爭 | 打仗,a war
chiàn-chhia,tsiàn-tshia,戰車,a tank (military)
chiàn-sòaⁿ,tsiàn-suànn,戰線,the line of battle
chiàn-sî,tsiàn-sî,戰時,war time
chiàn-sí,tsiàn-sí,戰死,to die in battle
chiàn-tiûⁿ,tsiàn-tiûnn,戰場,a battle field
chiàn-su̍t,tsiàn-su̍t,戰術,tactics (military)
chián-pia̍t,tsián-pia̍t,餞別,a farewell present | to send off | to give a farewell dinner
Lí boeh pau kúi ê chîⁿ kā i chián-pia̍t?,,你要包（送）多少錢為他餞別？,How much money are you going to put in a package to give him as farewell present?
Eng-àm boeh tòa Thih-lō͘-pn̄g-tiàm kā i chián-pia̍t. (or khui chián-pia̍t hōe.),,晚上要在鐵路飯店為他餞別（開餞別會）,We shall have a farewell dinner (or party) for him this evening at the Railroad Hotel.
chian,tsian,煎,to fry in a little fat
chian ke-nn̄g,tsian ke-nn̄g,煎雞蛋,to fry eggs
chian-ê ke-nn̄g,tsian-ê ke-nn̄g,煎的雞蛋,fried eggs
chian chi̍t pêng | chian chi̍t bīn,tsian tsi̍t pîng | tsian tsi̍t bīn,煎一面,fry one side
chian nn̄g pêng | chian nn̄g bīn,tsian nn̄g pîng | tsian nn̄g bīn,煎兩面,fry both sides
chián-á,tsián-á,蠢魚,a moth
chián,tsián,剪,a cut with scissors
chián-pò͘,tsián-pòo,剪布 | 買布,to buy cloth
chiān,tsiān,頑皮的,naughty | mischievous
"Lí nā siuⁿ chiān, boeh kā lí koaiⁿ tī tòa piān-só͘!",,如果你過於頑皮，要把你關在廁所,"If you are too naughty, I’ll lock you in the toilet."
chián-liú,tsián-liú,扒手,a pickpocket
chiat,tsiat,節 | 折,feast | discount | to take off
ho̍k-hoa̍t-chiat,ho̍k-hua̍t-tsiat,復活節,Easter
sèng-tàn-chiat,sìng-tàn-tsiat,聖誕節,Xmas
phah peh chiat,phah peh tsiat,打八折,at a 20% discount
chiat-iok,tsiat-iok,節約,to save | to economize
"Lí khai chîⁿ ēng mi̍h, lóng bô chiat-iok.",,你花錢用物都不節約,You spend money and use things in a very uneconomical way.
chiap,tsiap,接,to receive
"Góa kià chi̍t bān kho͘ hō͘ lí, ū chiap-tio̍h bô?",,我寄給你一萬元，接到了嗎？,"I sent you $10,000.00. Did you receive it?"
chia̍p,tsia̍p,常常 | 往往,often
Khah chia̍p lâi leh!,,請你常常來,Come oftener
chiap,tsiap,接,"piece together (string, rope, cloth) to set (bone) to graft | handing over | succed to"
"Góa ê chhiú-kut tn̄g-khì, lí ē-hiáu kā góa chiap bē?",,我的手斷了，你會替我接嗎？,"My arm is broken, can you set it for me?"
chiap-kut,tsiap-kut,接骨,bone setting | to set broken bones
chiap-kut sai-hū,tsiap-kut sai-hū,接骨師,a bone-setter
Hit ê chiap-kut-sai-hū chin gâu chiap-kut.,,那個接骨師很會接骨,That bone-setter is very good at setting bones.
chiap,tsiap,果汁,juice
"Phòa-pēⁿ (pīⁿ) lâng chia̍h kóe-chí-chiap, chin hó.",,病人吃果實汁很好,It is very good for sick people to drink fruit juice.
ba̍k-chiap,ba̍k-tsiap,眼淚,tears
ba̍k-chiap,ba̍k-tsiap,墨水,ink (Chinese)
chiàu,tsiàu,照,according to | as
chiàu góa khòaⁿ,tsiàu guá khuànn,照我看,according to my opinion | as I see it
"Bîn-ná-chài bô hioh-khùn, ài chiàu-siông siōng-khò.",,明天沒有放假，要照常上課,"Tomorrow is not a free day, there will be class as usual."
chiàu sèng-kàu-hōe ê kui-kí,tsiàu sìng-kàu-huē ê kui-kí,依照聖教會的規矩,accordiong to Church law
chiàu-siông,tsiàu-siông,照常,as usual
chiàu lí ê ì-sù,tsiàu lí ê ì-sù,照你的意思,accordiong to your idea
chiàu pò-chóa,tsiàu pò-tsuá,照報紙,according to the paper
chiàu sî-kan,tsiàu sî-kan,照時間 | 按時,according to the determined time
Lí tio̍h-ài chiàu sî-kan lâi.,,你要按時來,You must come on time
chiàu sîn-hū só͘ kóng--ê,tsiàu sîn-hū sóo kóng--ê,照神父所講的,according to what the priest said
chiàu thian-chú-kàu ê tō-lí,tsiàu thian-tsú-kàu ê tō-lí,照天主教的道理,according to Catholic doc trine
chiàu kū,tsiàu kū,照舊,as formerly | as before
Boeh chiàu kū án-ni chò.,,要照舊法去做,We’ll do as we formerly did.
chiàu tâi-oân ê hong-sio̍k,tsiàu tâi-uân ê hong-sio̍k,照台灣的風俗,according to Taiwanese custom
chiàu-kò͘,tsiàu-kòo,照顧,to take care of
chiàu-kò͘ gín-ná,tsiàu-kòo gín-ná,照顧孩子,to be a baby-sitter
Chhiáⁿ lí (ka-tī) khah chiàu-kò͘ leh.,,請你（自己）多照顧些,"Please take good care of yourself. (a very nice, polite term)"
chiáu-á,tsiáu-á,鳥兒,a bird
chih,tsih,接,to meet
Góa boeh lâi-khì hóe-chhia-thâu chih lâng-kheh.,,我要到火車站去接客人,I want to go to the station to meet some visitors.
chih,tsih,摺,to fold
chih saⁿ,tsih sann,摺衣服,to fold clothes
chih phōe,tsih phuē,摺棉被 | 哲被褥,to fold a quilt
Góa boeh lâi-khì hóe-chhia-thâu chih lâng-kheh.,,衣服若燙好，就要把它摺好,"After the clothes are ironed, they must be folded together."
chím-má,tsím-má,現在,now
a-chím,a-tsím,嬸母,a [chek]'s wife
chím-má,tsím-má,吻,to kiss
"Lí ê bīn chiah-ni̍h lah-sap, góa m̄-káⁿ kā lí chim.",,你的臉這麼汙穢，我不敢吻你,"Your face is so dirty, I don’t dare kiss you."
chìm,tsìm,浸,to soak | steep
Saⁿ ài tāi-seng chìm soat-bûn-chúi chiah sé.,,衣服要先浸在肥皂水中，然後才洗,"You must first soak the clothes in soap water, them wash them."
chîm,tsîm,蟳,a crab
chím-thâu,tsím-thâu,枕,a pillow
chím-thâu lông,tsím-thâu lông,枕套,a pillow case
chin,tsin,真,true | truly | very
chin-chiàⁿ,tsin-tsiànn,真正 | 很,really | truly
chin chiàⁿ súi,tsin tsiànn suí,很美麗,really beautiful
jīn-chin,jīn-tsin,認真,diligent in performing one's duty
chin tit lâng thiàⁿ,tsin tit lâng thiànn,真可愛,very lovely
chin hán-kiâⁿ,tsin hán-kiânn,好久沒有來,a rare visit
"Lí kin-ná-ji̍t chin hán-kiâⁿ, sī hong kā lí chhoe-lâi sī bô?",,你今天很少來（希客！希客），是風把你吹來的嗎？,You are here on a rare visit today; did the wind blow you in?
chin,chin,升,a pint
chìn pō͘,tsìn pōo,進步,to make progress
chīn-le̍k,tsīn-li̍k,盡力,to exert oneself | to do one's best
"Lí nā m̄ chīn-le̍k chò, lí ē sit-pāi.",,你若不盡力做，你會失敗！,"If you don’t do your best, you will be a failure!"
chìn-thè lióng-lân,tsìn-thè lióng-lân,進退兩難,be in a dilemma | find oneself in a difficulty | be driven to the wall
"Chò seng-lí khah hó, á-sī chia̍h thâu-lō͘ khah hó, góa siūⁿ bē hiáu, si̍t-chāi chin-thè lióng-lân.",,做生意耶？就職耶？我想不出好辦法來，實在是進退兩難,"I am certainly in a dilemma, I don’t know whether it’s better to do business or to be employed (by others)."
chín-toān,tsín-tuān,診斷,diagnosis | to diagnose
"Chit ūi chin thiàⁿ, chhiáⁿ lí kā góa (chín-toān) khòaⁿ bāi-leh.",,這裡很痛，請你給我診斷看看,"This place is very painful, please make a diagnosis for me."
chín-chai,tsín-tsai,震災,an earthquake disaster
Chit pái ê chín-chai sí-siong-chiá ū pah gōa lâng.,,這次的震災死傷者有一百多人,In this earthquake disaster there were over a hundred dead and injured.
chió,tsió,少,a few | a little
chiò,tsiò,照,to shine on | to throw light on
Saⁿ chiò tio̍h ji̍t-thâu liâm-piⁿ ta khì.,,衣衫照到太陽馬上就乾了,"If clothes get the sun shining on them, they immrdiately become dry. (If clothes get sunshine, they dry at once)."
chiò-kiàⁿ,tsiò-kiànn,照鏡子,to look at oneself in a mirror
"Lí ê bīn chin lah-sap, khì chiò kiàⁿ khòa bāi-leh!",,你的臉很骯髒，去照鏡看看,"Your face is very dirty, take a look in the mirror."
chio,tsio,順便喚⋯⋯ | 勸誘,to call for | to canvass for
"Lí boeh khì kong-hn̂g ê sî, chiah lâi chio góa.",,當你赴公園時，順便換我同去,Call for me on your way to the park.
"Góa ê gín-á tio̍h-ài tha̍k chheh, lí m̄ thang tiāⁿ-tiāⁿ boeh lâi chio i khì khòaⁿ tiān-iáⁿ.",,我的孩子要讀書，你不要常常來約他同去看電影,"My boy has to study, don’t you always be coming around and beging (inviting) him to go to the movies."
chio-ang | chio kiáⁿ-sài,tsio-ang | tsio kiánn-sài,招婿,to get a son-in-law | who adopts the name of the family into which he marries i.e. he and his children take the name of his wife's family.
hō͘ lâng-chio,hōo lâng-tsio,入婿,A man is married into the family of a wealthy person and changes his family name.
chio seng,tsio sing,招生,to enroll students
Lín ha̍k-hāu tang-sî boeh chio-seng?,,你們的學校什麼時候招生？,When will your school enroll students?
chioh,tsioh,借,to borrow | to lend
kā lí chioh,kā lí tsioh,向你借,to borrow from you
chioh--lí,tsioh--lí,借你,to lend you
chio̍h-thâu,tsio̍h-thâu,石頭,a rock
chio̍h,tsio̍h,石,a picul | or 10 peaks
chiok,tsiok,祝,to celebrate | to invoke | to bless | to implore.
Chiok lí tn̂g hòe-siū.,,祝你長壽,Invoke upon you a long life.
Chiok lí ê khong-kiān (kiān-khong).,,祝你康健,May you enjoy health.
Chiok lí ê sêng-kong.,,祝你成功,May you be blessed with success.
Chiok lí tōa thàn chîⁿ.,,祝你大賺錢,May you make a fortune.
Chiok lí it-lō͘ pêng-an.,,祝你一路平安,May you enjoy a safe journey (lit. Bless you with peace all along the way).
Chiok lí chò jia̍t-sim ê kàu-iú.,,祝你做熱心的教友,May heaven grant you to be a fervent Christian.
khèng-chiok,khìng-tsiok,慶祝,to celebrate
Góa the̍h chi̍t pî keng-chio boeh lâi khèng-chiok lí ê seⁿ-ji̍t.,,我帶一把香蕉要來慶祝你的生日,I brought a bunch of bananas to celebrate your birthday.
chiok-hō,tsiok-hō,祝賀,to celebrate | may you be blessed with...
Chiok-hō lí chia̍h pah-jī hòe.,,祝賀你活到一百二十歲,May you be blessed with one hundred and twenty years of life.
chiok-sû,tsiok-sû,祝詞,congratulatory address
Chhiáⁿ sîn-hū kóng kúi-kù-á chiok-sû.,,請神父講幾句祝詞,Father will you please say a few words of congratulation.
chiok,tsiok,很 | 足,very | fully | completely | perfectly
chiok-hó,tsiok-hó,很好,very good | very nice
chiok-gâu,tsiok-gâu,很聰明,very clever
chiok-súi,tsiok-suí,很漂亮,very beautiful
chiong-hòa,tsiong-huà,彰化,Changhua
chiong-lâi,tsiong-lâi,將來,in the future
chiông,tsiông,從,to obey | to follow | to submit to
Lí ê sim-pū ū chiông lí bô?,,你的媳婦有沒有順從你？,Does your daughter-in-law obey you?
chióng-lē,tsióng-lē,獎勵,to encourage | promote | urge (V.N.)
chióng-lē o̍h tō-lí,tsióng-lē o̍h tō-lí,獎勵學道理,to urge to study the doctrine
chióng-lē tha̍k-chheh,tsióng-lē tha̍k-tsheh,獎勵讀書,to encourage to study
chióng-chióng | chéng-chéng,tsióng-tsióng | tsíng-tsíng,種種,various kinds | all kinds
chióng-chióng ê lí-iû,tsióng-tsióng ê lí-iû,種種的理由,several reasons | every reason
chióng-chióng ê tāi-chì,tsióng-tsióng ê tāi-tsì,種種的事情,all sorts of affairs
chiông-chiân,tsiông-tsiân,從前,formerly | before
Chiông-chiân i the chò seng-lí.,,從前他在做生意,He was formerly in business.
chip-chiàu,tsip-tsiàu,執照,licence
kà-sú chip-chiàu,kà-sú tsip-tsiàu,駕駛執照,driver's licence
thih-bé ê chip-chiàu,thih-bé ê tsip-tsiàu,脚踏車執照,a licence for bicycle
ō͘-tho͘-bái ê chip-chiàu,ōo-thoo-bái ê tsip-tsiàu,機器脚踏車執照,a motorcycle license
chi̍p-ha̍p | chū-chi̍p,tsi̍p-ha̍p | tsū-tsi̍p,集合 | 聚集,to gather | to meet | to assmble
Kúi tiám boeh tòa toh-ūi chi̍p-ha̍p?,,幾點鐘要在何處集會？,Where and at what time shall we get together?
chit,tsit,這個,this
chit-gia̍p,tsit-gia̍p,職業,profession | occupation
chi̍t-ē-á,tsi̍t-ē-á,一會兒,a little while
chit-ē,tsit-ē,一俟,as soon as
"Lāu-pē chi̍t-ē sí-khì, kiáⁿ chiū tōa siaⁿ khàu.",,一俟父親死去，兒子就大聲哭起來,"As soon as their father died, the children all wailed very loudly."
chi̍t bīn ê hûn,tsi̍t bīn ê hûn,一面的雲,an expanse of clouds
chi̍t nî tiong,tsi̍t nî tiong,一年中 | 整年,during the year
I chi̍t nî toing chia̍h io̍h-á chia̍h bô hioh-khùn.,,他一年中服藥沒有中止（間斷）,He takes medicines all during the year without stopping.
chi̍t kóa,tsi̍t kuá,一些,some
chi̍t sì-lâng,tsi̍t sì-lâng,一生,all one's life
I chi̍t sì lâng chò chin chē hó tāi-chì.,,他一生中做了好多好事情,He did many good deeds all during his life.
chi̍t sut-á,tsi̍t sut-á,一些,a little (in amount) (not in time)
chi̍t sî-á,tsi̍t sî-á,一會兒,just a little while
chi̍t ba̍k nih-á,tsi̍t ba̍k nih-á,一會兒,just a little while
chi̍t tiap-kú-á,tsi̍t tiap-kú-á,一會兒,just a little while
chi̍t tiap á-kú,tsi̍t tiap á-kú,一會兒,just a little while
chi̍t,tsi̍t,,
Chi̍t seng-khu tâm lok-lok.(or kui seng-khu),,全身都濕透了,The whole body is soaked.
Chi̍t (ê) bīn lóng sī lia̍p-á (or kui-bīn).,,整個臉都是傷,The whole face is full of boils.
Chi̍t chhù lāi (or chi̍t lāi-bīn) chin lah-sap (or kui chhù-lāi).,,整過屋子都很髒,"""This whole place is all dirty."
Chi̍t pâng-keng lóng sī chheh (or kui pang-keng).,,全室都是書,"This whole inside of the house is filthy."""
Chi̍t toh-téng lóng sī hó͘-sîn (or kui toh-téng).,,整個桌面都是蒼蠅,The whole room is filled with books.
chit,tsit,織,to weave
chit-pò͘,tsit-pòo,織布,to weave cloth
chit-oân,tsit-uân,職員,personnel | staff
Chit ê ha̍k-hāu ū kúi ê chit-oân?,,這個學校有幾個職員,How many are on the staff in this school?
chit-gia̍p ha̍k-hāu,tsit-gia̍p ha̍k-hāu,職業學校,a vocational school
chit-kang | oân-kang,tsit-kang | uân-kang,職工 | 員工,a workman (of a factory)
chit-bū,tsit-bū,職務,duties | functions | duties of office
Tùi lín ê chit-bū ài jīn-chin.,,對妳們的職務要認真,You should be conscientious about your duties.
chit-būn,tsit-būn,質問 | 疑問,a question | to ask
Lín í-gōa iáu-ū sím-mih chit-būn bô?,,你們以外還有什麼疑問嗎？,Have you still any questions?
chiū,tsiū,就,then
chiū-sī,tsiū-sī,就是,that is | namely
chiú,tsiú,酒,wine
chi̍t koàn chiú | chi̍t kan chiú,tsi̍t kuàn tsiú | tsi̍t kan tsiú,一瓶酒,a bottle of wine
chiù-chōa,tsiù-tsuā,發誓,to take an oath | to swear
M̄-thang loān-sú chiù-chōa!,,不可隨便發誓！,Don’t swear without a good reason!
chiù,tsiù,腐朽,decay | moth eaten | decayed (as teeth or wood)
chiù khí,tsiù khí,齲齒,decayed teeth
Toh-á the chiù.,,桌子在腐朽,The table is being eaten by insects.
chiu-khan,tsiu-khan,週刊的,weekly
chiu-khan sin-bûn,tsiu-khan sin-bûn,週刊報紙,a weekly (paper)
chiu-khan cha̍p-chì,tsiu-khan tsa̍p-tsì,週刊雜誌,a weekly magazine
chiú-chhài,tsiú-tshài,酒肴,wine and food
Chún-pī chiú-chhài lâi chhiáⁿ lâng-kheh.,,準備酒肴以便請客,Prepare some wine and food to treat the guests.
chiú-cheng,tsiú-tsing,酒精,alcohol
chiu-ûi,tsiu-uî,周圍,the circumference | environment
hî-tî ê chiu-ûi,hî-tî ê tsiu-uî,池塘的周圍,the circumference of the pond
chiu-ûi ê lâng,tsiu-uî ê lâng,周圍的人 | 鄰居,attendants | neighbors | the people around us | associates
chiū-chit | chiū-gia̍p,tsiū-tsit | tsiū-gia̍p,就職 | 就業,securing employment | enter into service
chiū-gia̍p khó-chhì,tsiū-gia̍p khó-tshì,就業考試,an examination for service
chiuⁿ,tsiunn,章,chapter
tē gō͘ chiuⁿ tē cha̍p la̍k chat,tē gōo tsiunn tē tsa̍p la̍k tsat,第五章第十六節,chapter 5 verse 16
chiūⁿ,tsiūnn,痒,itch | itchy
Chit ūi ē chiūⁿ.,,這個地方會癢,This is itchy.
chiuⁿ,tsiunn,使漿硬,to starch
Lāi saⁿ m̄-bián chiuⁿ.,,內衣不要漿硬,No need to starch underwear.
chiuⁿ-ló͘,tsiunn-lóo,樟腦,camphor
chiuⁿ-ló͘-iû,tsiunn-lóo-iû,樟腦油,camphor oil
chiūⁿ,tsiūnn,上 | 昇,to go up | to scend
"Chiūⁿ soaⁿ iā chi̍t ji̍t, lo̍h hái iā chi̍t ji̍t.",,上山也一天，下海也一天,"Going up the mountain is a day, going down to sea is also a day. This is a nice way of saying one should not be in a rush to get things done. Festina lente!"
chiùⁿ,tsiùnn,泥濘,"muddy (a road, ground)"
Hit tiâu lō͘ ē chiùⁿ bē?,,那條路泥濘嗎？,Is that road muddy?
chiúⁿ-koàn,tsiúnn-kuàn,獎券,a lottery ticket | ($5.00 N.T. per ticket)
chng,tsng,裝 | 粧,to decorate
"Góa boeh chhōa bó͘, pâng-keng kā góa chng hō͘ súi!",,我要娶妻，替我把房間裝飾美麗,"I am going to get married, decorate the room very nicely for me!"
chńg-thâu-á,tsńg-thâu-á,手指 | 足指,fingers or toes
kha chńg-thâu-á,kha tsńg-thâu-á,腳趾 | 足趾,toes
chng,tsng,庄 | 鄉村,village
chhân-chng-lâng,tshân-tsng-lâng,鄉下人,a country lad
chǹg,tsǹg,鑽,to bore | to make a hole (with an awl)
chǹg-á,tsǹg-á,鑽子,an awl
Ēng chǹg-á chǹg chi̍t khang.,,用鑽子鑽一孔,Bore a hole with an awl.
chǹg,tsǹg,爬進 | 潛入,to creep (crawl) in | dive into a hole
chǹg ji̍p khì khang-lāi,tsǹg ji̍p khì khang-lāi,爬進孔裡,to crawl into a hole
chǹg lo̍h khì chúi té,tsǹg lo̍h khì tsuí té,潛入水裡,to dive into the water
chng-á,tsng-á,磚,a brick
cho,tso,,
chō,tsō,造,to create | make something (big like a house)
Thiⁿ tē sī Thian-chú chō ê.,,天地是天主造的,Heaven and earth were made by God.
chō kù,tsō kù,造句,to compose
Chhiáⁿ lí kā góa iōng chit kù “Kiong-kèng” lâi chō kù.,,請你幫我用這句「恭敬」來造句,Please use this word [“Kiong Kèng”] in a sentence for me.
chò,tsò,做,to do | to make | to act
chō--ji̍t | choh--ji̍t,tsō--ji̍t | tsoh--ji̍t,前天,the day before yesterday
chò seng-lí,tsò sing-lí,做生意,to do business
chò chi̍t-ē,tsò tsi̍t-ē,整個 | 忽然,all at once | all together
"Lín cha̍p ūi sîn-hū chò chi̍t ē lâi, góa bô í-á thang hō͘ lín chē!",,您們十位神父一塊來，我沒有椅子給您們坐,"You ten priests came all at once, I have no chairs for you to sit on."
chò-hóe,tsò-hué,一齊 | 一起,together
chò-tīn,tsò-tīn,一齊,together
chò-sit-lâng,tsò-sit-lâng,農夫,a farmer
chò ē lâi,tsò ē lâi,做得來,can do it
chò bē lâi,tsò bē lâi,做不來,cannot do it
chò ē khì,tsò ē khì,做得了,can do it all
chò bē khì,tsò bē khì,做不了,cannot do it all
chò lí,tsò lí,隨你⋯⋯好了,go ahead | do as you please
"Góa nā bān tńg-lâi, chò lín chia̍h, m̄-bián tán góa.",,要是我回來遲了，請你們先吃好了，不必等我,"If I come back late, go ahead and eat, you need not wait for me."
"Chò lí khì kā i kóng, góa m̄ kiaⁿ i chai.",,你去告訴他好了，我不怕他知道,"Go ahead and tell him, I don’t care if he knows."
chò môe-lâng,tsò muê-lâng,做婚事介紹人 | 媒介者,act as a go-between (a matchmaker)
Chhiáⁿ lí kā goán hāu-siⁿ chò môe-lâng.,,請你給我的兒子做婚事介紹人,Will you please be a middleman for my son? (help to arrange his marriage).
chó͘-sian,tsóo-sian,祖先,ancestors
cho͘-chit,tsoo-tsit,組織,to organize | organization
Chit ê hōe ê cho͘-chit chin lí-sióng.,,這個會組織得很理想,The organization of this society is very ideal.
chó͘-tòng,tsóo-tòng,阻止,to hinder | to prevent
Lí nā sī boeh chò hó tāi-chì， góa bô kā lí chó͘-tòng!,,你如果要做好事，我不阻止你,"If you want to do something good, I won’t prevent you."
chō͘-chhiú,tsōo-tshiú,助手,an assistant (Lit. helping-hand)
chō͘-chān,tsōo-tsān,贊助,to help
Chhiáⁿ lí chi̍t sut-á chō͘-chān góa bé io̍h-á.,,請你贊助我一點藥費,Please help me a littlee to buy some medicine.
chō͘-sán-sū | sán-pô,tsōo-sán-sū | sán-pô,助產士,a midwife
cho͘ | tàu,tsoo | tàu,組,to set up | to assemble
cho͘ siu-im-ki,tsoo siu-im-ki,組收音機,to set up a radio
cho͘ o͘-tho͘-bái,tsoo oo-thoo-bái,組機器脚踏車,to assemble a motorbike
cho͘ | sòe,tsoo | suè,租,to rent
Góa chit keng chhù boeh cho͘ lâng (or sòe lâng).,,我這間房子欲出租,I want to rent this house to someone.
Góa boeh cho͘ chi̍t keng chhù lâi tòa. (or sòe chi̍t keng chhù).,,我要租一間房子來住,I want to rent a house to live in.
chóa,tsuá,紙,paper
pò-chóa,pò-tsuá,報紙,news paper
sin-bûn,sin-bûn,報紙,news paper (without [tsua2])
chôa,tsuâ,蛇,a snake
chōa,tsuā,行,a line | a row
Tùi tē saⁿ chōa tha̍k khí.,,從第三行讀起,Start reading from line three.
choan,tsuan,專,exclusively | undividedly
choan-sim,tsuan-sim,專心,with all one's mind | devotedly
choan-ka,tsuan-ka,專家,a specialist | an expert
choân | kui,tsuân | kui,全,whole
choân-lêng,tsuân-lîng,全能,almighty
choân-kok,tsuân-kok,全國,whole county
choân-tó | choân-tó͘,tsuân-tó | tsuân-tóo,全島,whole island
chôaⁿ-chúi,tsuânn-tsuí,泉水,a spring | fountain
"Goán chia bô chúi-tō, lóng ēng chôaⁿ-chúi.",,我們這裡沒有自來水，都用泉水,"We have no running water here, we inly use a spring."
choa̍t-tùi,tsua̍t-tuì,絕對,absolutely
Choa̍t-tùi m̄ sī,,絕對不是,absolutely not
choa̍t-bōng,tsua̍t-bōng,絕望,despair | to be hopeless
I ê sìⁿ-miā í-keng choa̍t-bōng.,,他的生命已經絕望了,His life is already hopeless. (There is no hope for him.)
choa̍t-iân,tsua̍t-iân,絕緣,to sever relations with one | to insolate (electricity)
I kap in a-hiaⁿ choa̍t-iân chin kú ah.,,他和他的哥哥絕緣好久了,He severed relations with his older brother a long time ago.
Chit tiâu tiān-sòaⁿ ê choa̍t-iân bô sim-mih hó.,,這條電線的絕緣不大好,This electic wore is not well imsolated.
choa̍t-kau,tsua̍t-kau,絕交,to break off (friendship) with
Góa boeh kap lí choa̍t-kau.,,我要和你絕交,Hereafter I will have nothing to do with you.
choa̍t-pit,tsua̍t-pit,絕筆,one's last writing
chòe,tsuè,最,very 15 | the most | the best
chòe-kīn,tsuè-kīn,最近,most recently
chòe āu hit tiám cheng,tsuè āu hit tiám tsing,最後那堂,the last class
chòe-chē,tsuè-tsē,最多,at most
chòe-chió,tsuè-tsió,最少,at least | the smallest
Chòe chē m̄ bián gō͘ cha̍p kho͘.,,最多不要五十元,"At the most, it should be no more than $50.00."
Chòe chió ái cha̍p kho͘.,,最少要十元,It costs at least $10.00.
chōe,tsuē,罪,sin
hoān-chōe,huān-tsuē,犯罪,to commit sin
chōe-jîn,tsuē-jîn,罪人,a sinner
chóng-thóng,tsóng-thóng,總統,president
chiúⁿ chóng-thóng,tsiúnn tsóng-thóng,蔣總統,President Chiang
chòng-sek,tsòng-sik,葬事 | 葬儀,a funeral | a burial service
chong-kàu,tsong-kàu,宗教,religion
chōng-hóng,tsōng-hóng,情況 | 狀況,the state of affairs (things) | a situation
pīⁿ-lâng ê chōng-hóng,pīnn-lâng ê tsōng-hóng,病人的情況,the state of the patient
gōa-bīn ê chōng-hóng,guā-bīn ê tsōng-hóng,外面的狀況,the state of affairs outside
"Lóng bô khòaⁿ sin-bûn, só͘-í m̄ chai sè-kài ê chōng-hóng.",,根本不看報紙所以不知道世界的狀況,"I have not read the papers at all, so I don’t know the condition of the world."
chú,tsú,主,Lord | master | host
chú-sek,tsú-sik,主席,master of ceremonies
chú-lâng,tsú-lâng,主人,host
chú-ji̍t,tsú-ji̍t,主日,Sunday
chú,tsú,煑,to cook
chú-pn̄g,tsú-pn̄g,煑飯,to cook rice
chú-chhài,tsú-tshài,煑菜,to cook vegetables
chū-iû,tsū-iû,自由,liberty
chū,tsū,自 | 從,from
chū chím-má khí,tsū tsím-má khí,從現在起,from now on
chū-jiân,tsū-jiân,自然,naturally
"Kiáⁿ nā chò pháiⁿ tāi-chì, chū-jiân pē-bú ē hoan-ló.",,兒子如果做壞事情，自然父母會煩惱,"If children do wiched deeds, parents are naturally worried."
chū-jiân,tsū-jiân,自然 | 自科,natural science
chu-soàn,tsu-suàn,珠算,to calculate with an abacus
chù-ì,tsù-ì,注意,attention | to pay attention | be careful
chú-chia̍h--ê,tsú-tsia̍h--ê,廚役,a cook
chu-pún,tsu-pún,資本,capital
chù-siā,tsù-siā,注射,injection | to inject
Lí ê phòa-pīⁿ tio̍h-ài chù-siā khah khoài hó.,,你的病要打針使能好得快,You should take an injection for your sickness and you will more quickly get well.
chū-chí | chū-só͘,tsū-tsí | tsū-sóo,住址,an address | a residence
Lí ê chū-chí tī toh-ūi?,,你的住址在那兒,What is your address?
chū-kí | ka-tī | ka-kī,tsū-kí | ka-tī | ka-kī,自己,self
chū-su | su-sim,tsū-su | su-sim,自私 | 私心,selfish
M̄ thang chū-su (su-sim).,,不要自私,Don’t be selfish.
chū-sat,tsū-sat,自殺,suicide | to commit suicide
chū-sìn,tsū-sìn,自信,self-confidence (N.V.)
Góa (ū) chū-sìn ē hiáu chò.,,我自信會做,I feel confident that I can do it.
chū-chun-sim,tsū-tsun-sim,自尊心,self-respect | pride
I ê chū-chun-sim chin tāng.,,他的自尊心真重,He has a lot of self-respect.
chū-siú,tsū-siú,自首,self-surrender | deliver oneself up to the authorities
"Lí nā chai-iáⁿ chò m̄-tio̍h, ài chū-siú.",,你若知道做錯了，就要去自首,If you know that you have done wriong you should hand yourself over the authorities.
chū-siú,tsū-siú,自修,self-teaching | to study by oneself
Chit tiám-cheng góa boeh chū-siu.,,這一節課我要自修,I want to study this period alone.
Tē-jī tiám-cheng sī chū-siu.,,第二節課室自修,The second period is a study period.
chū-tī,tsū-tī,自治,autonomy | self-governing
chú-gī,tsú-gī,主義,a principle | an ism
lī-kí chú-gī,lī-kí tsú-gī,利己主義,egoism
chú-kàu,tsú-kàu,主教,a Bishop (or a Prefect Apostolic)
chú-pin,tsú-pin,主賓,the guest of honour
chú-pit,tsú-pit,主筆,the chief editor
chú-cháiⁿ,tsú-tsáinn,主宰,to preside over | a supreme lord or luler | to govern over
Thian-chú sī bān-bu̍t ê chin chú-cháiⁿ.,,天主是萬物的真主宰,God is the real supreme ruler of all things.
chú-tiuⁿ,tsú-tiunn,主張,claim | an opinion | to insist upon | one's determind opinion
chú-iàu,tsú-iàu,主要,most important | principal | the chief
Tâi-oân ê chú-iàu ê sán-bu̍t sī bí kap thn̂g.,,台灣主要的產物是米和糖,The principal products of Formosa are rice and sugar.
"Góa ê chú-iàu bo̍k-te̍k sī thoân-kàu, m̄ sī kà Eng-gí.",,我的主要目的是傳教，不是教英語,My chief aim (purpose) is to spread the faith
chû-siān,tsû-siān,慈善,charity | benevolence | benevolent
chû-siān pīⁿ-īⁿ,tsû-siān pīnn-īnn,慈善醫院,a charity hospital
chû-siān sū-gia̍p,tsû-siān sū-gia̍p,慈善事業,charity and relift work
chû-siān im-ga̍k-hōe,tsû-siān im-ga̍k-huē,慈善音樂會,a charity concert
Hó-gia̍h-lâng tio̍h chò chû-siān-sū-gia̍p chiah hó.,,有錢人要做些慈善事業才好,The wealthy should do works of charity.
chu-keh,tsu-keh,資格,qualification | competency | capacity | worth
"Chit jī nā m̄ bat, bô chò kàu-oân ê chu-keh.",,這個字不會，就沒有當教員的資格,"If he doesn’t know this character, he is not qualified to be a teacher."
chúi,tsuí,水,water
sio-chúi,sio-tsuí,熱水,hot water
hiâⁿ sio-chúi,hiânn sio-tsuí,燒熱水,to make hot water (e.g. for a both)
sio chúi pân,sio tsuí pân,熱水瓶,a thermos bottle
un-pân,un-pân,熱水瓶,a thermos bottle
sio-koàn,sio-kuàn,熱水瓶,a thermos bottle
léng-chúi,líng-tsuí,冷水,cold water
kún-chúi,kún-tsuí,開水,boiled water
Iáu-bōe kòe kún ê chúi,,還沒開的水,unboiled water (Lit. “not yet passed through boiling water”)
chhiⁿ-chúi,tshinn-tsuí,生水,unboiled water (Lit. green or fresh water)
chúi-tō,tsuí-tō,水道 | 自來水,running water
chúi-tō chîⁿ,tsuí-tō tsînn,水費,water bill
siu chúi-tō chîⁿ,siu tsuí-tō tsînn,收水費,to collect a water bill (to collect the money for running water)
siu choān-ná-chúi chîⁿ,siu tsuān-ná-tsuí tsînn,收自來水費,to collect the water bill (to collect the money for running water)
chúi-tō-thâu,tsuí-tō-thâu,水龍頭,a faucet
chúi-tháng,tsuí-tháng,水桶,a water bucket
chi̍t tháng chúi,tsi̍t tháng tsuí,一桶水,a bucket of water
chúi-hun,tsuí-hun,水分,"moisture | (when referring to fruit, grain, or sugar cane)"
Chiah ê chhek-á chin chē chúi-hun.,,這些穀子很多水份,"This rice (grain) is very wet. (Has a high percentage of moisture). When referring to fruit or sugar cane, “thng” or “chiap” are more commonly used."
chúi-thó͘,tsuí-thóo,水土,the climate of a place (Lit. water and soil)
Tâi-oân ê chúi-thó͘ góa ē ha̍h.,,我適宜於台灣的水土,The climate of Taiwan agrees with me.
chúi-iû | hoan-ná-iû | chio̍h-iû,tsuí-iû | huan-ná-iû | tsio̍h-iû,煤油,kerosene
chúi-ke,tsuí-ke,蛙 | 青蛙,a frog
chúi-ke-thúi,tsuí-ke-thuí,蛙腿 | 青蛙腿,frog legs
chùi,tsuì,醉,to get drunk | to get tipsy
chiú-chùi,tsiú-tsuì,醉酒 | 酒醉,drunk with wine
chùi-jîn,tsuì-jîn,醉人,a drunkard | a sot
"Lí chiú nā lim siuⁿ chē, lí ē chiú-chùi. Ē pìⁿ chùi-jîn.",,你假如酒喝得太多，你會酒醉。會變成醉人,"If you drink too much wine, you will get drunk. You will become a drunkard."
chúi-chai | chò tōa-chúi,tsuí-tsai | tsò tuā-tsuí,水災,a flood (disaster)
Chit pái ê chúi-chai (chò tōa-chúi) sún-sit chin tōa.,,這次的水災損失很大,The damage done by this flood was very great.
chúi-goân-tē,tsuí-guân-tē,水源地,the source of a river or running water | a reservoir
Tī chúi-goân-tē ū pang-kiû ê pí-sài.,,在水源地有棒球比賽,There is a baseball game at the reservoir.
chúi-gîn,tsuí-gîn,水銀,mercury (Lit. water-silver)
chúi-gû,tsuí-gû,水牛,a (water) buffalo
chúi-kóng | chúi-kńg,tsuí-kóng | tsuí-kńg,水管,a water pipe
chúi-káu,tsuí-káu,水垢,scum (inside a kettle) | the dirty film that gathers inside anything which is used to hold water.
chúi-kîⁿ,tsuí-kînn,水邊,the water's edge | the brink of the water
chúi-lō͘,tsuí-lōo,水路,the water course | voyage
Bí-kok kàu chia ū saⁿ lé-pài ê chúi-lō͘.,,美國到這裡有三星期的水路,From America to here is a voyage (by sea) of three weeks.
chúi-chhia,tsuí-tshia,水車,water wheel | water turbine | a (water) mill
chúi-chu,tsuí-tsu,水痘,chicken-pox
chúi-cheng-khì,tsuí-tsing-khì,水蒸氣,steam | vapour
chúi-chún,tsuí-tsún,水準,water level | standard
Tâi-oân ê bûn-hòa ê chúi-chún chin koân.,,台灣的文化水準很高,Taiwanese culture has a very high standard.
chúi-ka,tsuí-ka,膠,glue
ēng chúi-ka liâm,īng tsuí-ka liâm,用膠水黏牢,to glue | to join with glue
chúi-chiⁿ,tsuí-tsinn,水晶,crystal
chûn,tsûn,船,a boat
chûn-tiúⁿ,tsûn-tiúnn,船長,a captain (of a boat)
chûn-téng,tsûn-tíng,船上 | 甲板,deck | in a boat
chún,tsún,準 | 確,exact
Lí hit ê sî-pió ū chún bô?,,你那個錶準不準？,Is your watch correct?
chun-kèng,tsun-kìng,尊敬,to reverence | respect
Lí tio̍h-ài chun-kèng pē-bú.,,你要尊敬父母,You should reverence your parents.
chūn,tsūn,旋轉,to turn
Chúi-tō-thâu tio̍h-ài chūn hō͘ ân (sí).,,水龍頭要鎖緊,You must turn the water faucet (off) tight.
chūn--sí,tsūn--sí,熄滅,to turn off
chūn--lo̍h-khì,tsūn--lo̍h-khì,轉下去 | 旋下去,to screw in (or down)
chūn--khí-lâi,tsūn--khí-lâi,轉上來 | 旋上來,to screw out
chún-pī,tsún-pī,準備,to prepare
Góa the chún-pī boeh khó tāi-ha̍k.,,我在準備要考大學,I am preparing for the university examinations. (to enter the university)
chun,tsun,遵,to obey | to observe | to follow
Chun-siú Thian-chú ê Kài-bēng.,,遵守天主的誡命,Yo observe God’s Commandments.
"Góa chun sîn-hū ê bēng, boeh lâi pài-thok lí chi̍t hang tāi-chì.",,我遵神父的命要來拜托你一件事情,I am obeying the priest’s orders in coming to beg you to do a favor.
chūn-saⁿ,tsūn-sann,紋乾衣服,to wring clothes
ê,ê,的,possessive particle
ê,ê,個,class. for persons
é,é,倭,short in stature
ê | ôe,ê | uê,鞋,shoes (a pair of shoes)
ē,ē,會 | 能,can | able | will | feel
Lí ē kiaⁿ bē?,,你會怕嗎？,Are you afraid?
Chím-má lí ē ài-khùn bē?,,你現在會想睡嗎？,Are you sleepy now?
Lí ē chhùi-ta bē?,,你（會）口渴嗎？,Are you thirsty?
Pak-tó͘ ē iau bē?,,你肚子餓嗎？,Are you hungry?
Lí ē joa̍h bē?,,你熱嗎？,Are you hot?
Lí ē kôaⁿ bē?,,你冷嗎？,Are you cold?
Lí ē lán bē?,,你累嗎？,Are you tired?
Lí ē kì-tit bē?,,你記得嗎？,Do you remember?
Lí khòaⁿ bîn-ná-chài Chú-kàu ē lâi bē?,,你看明天主教會來嗎？,Do you think the Bishopn (Monsignor) will come tomorrow?
Nā án-ni chò ē chin hó.,,你這樣做就會很好,"If you do it that way, it will be fine."
ē-tàng,ē-tàng,能夠,can | able to
Lí bîn-ná-chài ē-tàng lâi bē?,,你明天能夠來嗎？,Can you come tomorrow?
"I m̄ lâi, m̄ sī bē-tàng lâi.",,他不來，不是不能夠來,"He does not want to come, it isn’t that he can’t come."
"Góa bē-tàng kā lí kóng i tang-sî ē lâi, tān-sī i it-tēng ē lâi.",,我不能告訴你他什麼時候會來，但是他一定會來,"I can’t say when he will come, but he certainly will come here."
ē-hiáu,ē-hiáu,會,to understand | to know how to do something
Góa bē hiáu kóng Kok-gí.,,我不會講國語,I don’t know how to speak Mandarin.
Lí ē hiáu chí (chú) pn̄g bē?,,你會煮飯嗎？,Do you know how to cook?
Chit kù ê ì-sù góa bē hiáu.,,這句的意思我不懂,I don’t know the meaning of this sentence.
ē-ēng--tit,ē-īng--tit,行 | 可以用,O.K. alright
ē kì--tit,ē kì--tit,記得,to remember
ē jīn--tit,ē jīn--tit,認得,to recognize
I ê bīn lí ē jīn-ti̍t bē?,,他的臉你認得嗎？,Do you recognize his face?
ē chia̍h--tit,ē tsia̍h--tit,可吃的,edible
Chiah ê chhài iáu ē chia̍h-tit.,,這些菜還可以吃,This food can still be eaten.
khah ē,khah ē,比較會,more likely to... (Grammar page 337)
Kiâⁿ-lō͘ ê sî khah ē iau.,,走路的時候比較會餓,One is more likely to get hungry while walking.
khah bē,khah bē,,less likely to
"àm-sî tio̍h-ài kah than-á, khah-bē kôaⁿ-tio̍h.",,晚上要蓋毯子，才不會受冷,At night you must cover with a blanket and you will be less likely to get a cold.
ē po͘,ē poo,今天下午,this afternoon
ē po͘ sî,ē poo sî,下午,in the afternoon
ē tàu,ē tàu,今天下午,today from 12 to 2
ē tàu sî,ē tàu sî,下午,at [e7-tau3]
ē sêng-kong,ē sîng-kong,會成功,to be successful
Lí chiah-ni̍h jia̍t-sim it-tēng ē sêng-kong.,,你這樣熱心一定會成功,You are so earnest (zealous) you will certainly be successful.
é-káu,é-káu,啞 | 啞巴,dumb
e,e,碾,to grind | to polish
ū chîⁿ sái kúi iā ē e bō. (a proverb),,有錢差魔亦能磨石磨,"If one has money, he can even get a ghost to grind a mill. (Money can do anything.)"
ē-té saⁿ,ē-té sann,內衣,underwear
ē-té khò͘,ē-té khòo,內褲,under shorts
ē-kha,ē-kha,下面,the lower part | below
ē-té,ē-té,下面 | 內面,the bottom | below
ê-té,ê-té,鞋底,sole (Lit. bottom of a shoe)
"ê-té phòa chi̍t khang, bô siu-lí bē ēng-tit.",,鞋底破了個洞，非修理不可了,"There is a hole worn in the sole of my shoe, it has to be repaired."
ē-hng,ē-hng,今天晚上,tonight
ē-hng-sî | eng-sî,ē-hng-sî | ing-sî,晚間,at night
bîn-ná-ē-hng,bîn-ná-ē-hng,明晚,tomorrow night
chang-ē-hng,tsang-ē-hng,昨晚,last night
e̍h,e̍h,狹 | 狹隘的,narrow
e̍h,e̍h,噎,belch (N)
phah e̍h,phah e̍h,打噎,to belch
Lim khì-chúi liáu-āu nā phah e̍h phīⁿ-khang chin kan-khó͘.,,喝了汽水以後要是打噎鼻子裡很難過,"If one belches after drinking soda pop, it hurts the nose."
e̍k-keng | sé-e̍k-keng,e̍k-king | sé-e̍k-king,浴室,bathroom
e̍k,e̍k,翻譯,translation | to translate
Chit kù lí boeh án-chóaⁿ e̍k chò Eng-gí?,,這句你要怎樣譯成英文？,How do you translate this sentence in to English.
eng-àm,ing-àm,今天晚上,tonight
eng-àm-sî,ing-àm-sî,晚間,at night
eng-gí,ing-gí,英語,English
ēng | iōng,īng | iōng,用,to use | with
Lí m̄-thang ēng chhùi hāi-sí lâng.,,你不可用嘴害死人,Don’t slaughter people with your words.
êng,îng,閒,leisure
ū êng,ū îng,有空,free | not busy
bô êng,bô îng,沒有空閒,occupied | busy
khah ū êng,khah ū îng,比較空閒,rather free
khah bô êng,khah bô îng,比較忙,rether busy
eng-hiông,ing-hiông,英雄,a hero
éng-hióng,íng-hióng,影響,influence | impression | effect
"Chèng-hú ê hó-pháiⁿ, éng-hióng kok-bîn ê seng-oa̍h chin chē.",,政府的好壞影响國民的生活很多,A good or a bad government has a great influence in the lives of the citizens.
éng-seng,íng-sing,永生,eternal life
èng-kai | eng-kai,ìng-kai | ing-kai,應該,ought | naturally | should | must | matter of course
éng-oán,íng-uán,永遠,eternal
eng-oán ê hok-khì,ing-uán ê hok-khì,永遠的福氣,eternal happiness
éng-kiú | éng-oán,íng-kiú | íng-uán,永久,everlasting | eternal | eternally
éng-kiú bē hāi,íng-kiú bē hāi,永不會壞,will never go out of order (never be broken)
eng-hoe,ing-hue,櫻花,cherry blossoms
éng,íng,波浪,wave (in the sea or lake)
"Éng nā tōa (or koân), góa ē hîn-chûn.",,要是波浪高，我會暈船,"If the waves are big, I get seasick."
eng-kok,ing-kok,英國,England
eng-bûn-hoat,ing-bûn-huat,英文法,English grammar
eng,ing,多塵埃,dusty | to raise up dust
Chit tiâu lō͘ nā thàu-hong á-sī khì-chhia cháu-kòe ê sî chin eng.,,這條馬路當刮風或汽車駛過後塵埃飛揚,"When there is a wind blowing or a car passes, this road raises up a lot of dust."
êng-ōe | hân-tâm,îng-uē | hân-tâm,閒話 | 閒談,a chat | idle talk
"I chin ài kóng êng-ōe, lóng bô ài tha̍k chheh.",,他（她）很喜歡說閒話，都不想讀書,"He likes to chat very much, he never wants to study."
êng-ióng,îng-ióng,營養,nutrition | nourishment
"Ke-nn̄g, gû-iû kap gû-leng chin ū êng-ióng.",,雞蛋，牛油和牛奶很有營養,"Eggs, butter and milk are very nourishing."
ēng-hoat,īng-huat,用法,(How to) use | manner of using
Góa m̄ chai chit hang mi̍h ê ēng-hoat.,,我不知道這個東西的用法,I don’t know how this thing is used. (I wonder how this thing is to be used.)
gâm,gâm,癌,cancer
ūi-gâm,uī-gâm,胃癌,cancer in the stomach
Lí chit khoán ê lâng sī siā-hōe ê gâm.,,你這種人是社會的癌,Such people as you are a cancer (menace) to society.
gām,gām,蠢 | 愚笨,foolish | silly
"Lí chin gām, lí iā siūⁿ boeh chò chhī-tiúⁿ.",,你真蠢，你還敢妄想當市長,You are very silly; you even dare to think of becoming the major.
gán-kho,gán-kho,眼科,opthalmology | science of optics
gán-kho-i,gán-kho-i,眼科醫生,an oculist | an eye doctor
gán-kho-i-īⁿ,gán-kho-i-īnn,眼科醫院,an eye clinic
gâu,gâu,能幹 | 賢 | 聰明,clever
Lí koh khah gâu chá!,,你更早！,You get up still earlier than I do.
Lí chin gâu tha̍k-chheh.,,你功課很好,You are very good at the books.
Lí chin gâu siá-jī.,,你很會寫字,You are a good writer.
Lí chin gâu o-ló!,,你很會褒獎人,You are very good at passing out compliments.
I chin gâu chò saⁿ.,,他很會做衣服,He is good at making clothes.
"Hit ê gín-á chin gâu khai-chîⁿ,",,那個孩子花錢花得很厲害,That kid can really spend money.
gê,gê,牙,a tusk
gê-khí,gê-khí,牙齒,tooth
gê,gê,芽,a sprout | a bud
tāu-gê,tāu-gê,豆芽,bean sprouts
be̍h-gê,be̍h-gê,麥芽糖 | 麥芽,rice jelly
gē-su̍t,gē-su̍t,藝術,arts | fine arts
gē-su̍t-ka,gē-su̍t-ka,藝術家,an artist
gè,gè,嚙 | 咬,to gnaw
Góa chin ài gè bah-kut ê bah.,,我很喜歡咬去骨頭上的肉,I really like to gnaw the meat off bones. Rats like to gnaw at everythings.
Niáu-chhí ài gè tang gè sai.,,老鼠喜歡咬東咬西,
gī-lūn,gī-lūn,議論,to disscuss | argue | debate
Chit tiâu būn-tê bô gī-lūn ê kè-ta̍t.,,這個問題沒有議論的價值,This problem (difficulty) is not worth discussing.
gī-oân,gī-uân,議員,a councilman | senstor
gī-hōe,gī-huē,議會,congress | a deliberative assembly
gî-būn,gî-būn,疑問,question | problem | difficulty | a doubt
Lín nā ū sim-mih gî-būn tio̍h-ài the̍h chhut lâi mn̄g.,,你們如有什麼疑問，就要提出問題,If you have any problems you must bring them forward.
giâ,giâ,夯 | 背,to carry on the shoulders
Giâ chi̍t tē bí.,,背一袋米,To carry a bag (sack) of rice over one’s shoulder.
giâ | gô,giâ | gô,鵝,a goose
giâ-bah | gô-bah,giâ-bah | gô-bah,鵝肉,goose meat
gia̍h,gia̍h,拿,to take something with the hand
Góa chin gâu gia̍h tī.,,我很會拿筷子,I handle chopsticks very well.
gia̍h | giâ,gia̍h | giâ,舉 | 抬,to lift up | to raise up
gia̍h-chhiú | giâ-chhiú,gia̍h-tshiú | giâ-tshiú,舉手,to raise the hand
"(ū) Chàn-sêng ê lâng, chhiáⁿ lín giā (gia̍h) chhiú.",,贊成的請你們舉手,Those who approve please raise your hand.
gia̍h-thâu | giâ-thâu,gia̍h-thâu | giâ-thâu,抬頭,to raise one's head
Gia̍h-thâu khí-lâi khòaⁿ bāi leh!,,抬頭看看吧！,Lift up your head and take a look.
giâm,giâm,嚴,strict | stern
Góa ê pē-bú chin giâm.,,我的父母很嚴格,My parents are very strict.
giâm-tiōng,giâm-tiōng,嚴重,"serious (accident, problem, sickniess)"
Che sī chin giâm-tiōng ê būn-tê.,,這是個很嚴重的問題,This is a very serious affair.
giám,giám,厭 | 憎,dislike | to hate
Góa siōng giám hit khoán ê lâng.,,我最討厭那種人,I dislike that type of person.
giām,giām,驗,to examine
Tio̍h-ài giām khah siông-sè leh!,,必須詳細檢驗,You must examine it more in detail.
chhì-giām,tshì-giām,試驗 | 檢驗,inspection | to inspect | to examine
gián-kiù,gián-kiù,研究,study | research | investigation (N.V.)
Góa chin ài gián-kiú Tâi-oân ê hong-sio̍k.,,我很喜歡研究台灣的風俗,I’d like very much to make a study of Taiwanese customs.
gián-kiù tō-lí,gián-kiù tō-lí,研究道理,to investigate the doctrine
giàn,giàn,渴望,be hungry for | eager for | anxious to have
I the giàn hun (or chi̍t tâi thih-bé).,,他在希求煙（或一輛自行車）,His tongue is hanging out for a cigarette. (He is very anxious to have a bicycle.)
giâu-gî,giâu-gî,懷疑,to doubt | to suspect
M̄ thang lām-sám giâu-gî lâng.,,不要隨便懷疑別人,Don’t suspect people without cause.
giâu-gî thian-chú ê tō-lí,giâu-gî thian-tsú ê tō-lí,懷疑天主的道理,to doubt about Catholic doctrine
gín-ná,gín-ná,小孩子,a chlid
gîn,gîn,銀,silver
gîn-phiò,gîn-phiò,紙幣 | 現鈔,paper money | a bill
gō͘ kho͘-gîn,gōo khoo-gîn,五元,$5.00
nn̄g kak-gîn,nn̄g kak-gîn,兩角錢 | 兩毛,0.20¢
gîn-hâng,gîn-hâng,銀行,a bank | banking
gîn,gîn,睨視 | 睥視,to stare (as to stare a person into silence)
"Tī sèng-tn̂g lāi góa nā bô jīn-chin, má-mà ē kā góa gîn.",,我要是在聖堂裡面不認真，媽媽會睨視我一下,"If I am not attentive in church, my mother almost looks a hole through me."
giōng-giōng boeh,giōng-giōng bueh,幾乎 | 就要⋯⋯差一點就⋯⋯,just about | on the verge of | hardly | scarcely
"Giōng-giōng boeh lo̍h hō͘, m̄-thang tńg-khì.",,快下雨了，不可回去,"It is just about to rain, don’t return."
gióng,gióng,仰,to look up
sìn-gióng,sìn-gióng,信仰,belife | faith | to believe
Lín sìn-gióng sím-mih chong-kàu?,,你信仰什麼宗教？,What religion do you believe in?
kiú-gióng,kiú-gióng,久仰,I have had great faith in your name for a long time
gō--sí,gō--sí,餓死,to starve to death
gô | giâ,gô | giâ,鵝,a goose
gō͘,gōo,五,five
gō͘-kái | gō͘-hōe,gōo-kái | gōo-huē,誤解 | 誤會,misunderstanding | to misunderstand
Lí tùi góa tāi-khài ū sím-mih gō͘-kái!,,你對我大概有什麼誤解,I think you must have some misunderstanding with me.
gō͘-lo̍k,gōo-lo̍k,娛樂,pastime | recreation | hobby
Góa ê gô͘-lo̍k sī khòaⁿ tiān-iáⁿ kap hip-siōng.,,我的娛樂是看電影和攝影,My hobby is seeing the movies and taking pictures.
gō͘-lo̍k-sek,gōo-lo̍k-sik,娛樂室 | 康樂室,a recreation room | a club room
góa,guá,我,I | me
gōa,guā,外,outside | beyond | over
í-gōa,í-guā,以外,besides | expect
Góa í-gōa bô lâng chai-iáⁿ.,,Góa í-gōa bô lâng chai-iáⁿ.,Góa í-gōa bô lâng chai-iáⁿ.
Lín í-gōa iáu ū sím-mih lâng boeh khì?,,Lín í-gōa iáu ū sím-mih lâng boeh khì?,Lín í-gōa iáu ū sím-mih lâng boeh khì?
cha̍p gōa ê lâng,tsa̍p guā ê lâng,十多個人,over ten persons
cha̍p gōa kho͘,tsa̍p guā khoo,十幾元,over $10.00
cha̍p kho͘ gōa,tsa̍p khoo guā,十元多,from $10.00 to $10.90
gōa bīn,guā bīn,外面,outside
gōa séng--ê | gōa séng lâng,guā síng--ê | guā síng lâng,外省人,outsider | not a Taiwanese
gōa-kok,guā-kok,外國,foreign country
gōa-kok lâng,guā-kok lâng,外國人,a foreigner
gōa kàu lâng,guā kàu lâng,外教人,a pagan
gōa-kho,guā-kho,外科,surgery
gōa-kho pīⁿ-īⁿ,guā-kho pīnn-īnn,外科醫院,a surgery | a surgical hospital
gōa-kho-i,guā-kho-i,外科醫生,a surgeon
gōa-kau,guā-kau,外交,diplomacy
Hit ê lâng ê gōa-kau chin hó.,,他善於外交,He is a good diplomat.
gōa-kau-ka,guā-kau-ka,外交家,a diplomat
gōa-kau-koaⁿ,guā-kau-kuann,外交官,a diplomatic offcial
gōa-kau-oân,guā-kau-uân,外交員,a canvasser (of a company or factory)
gōa-phôe,guā-phuê,外皮,the skin | the cuticle
gōa-pin,guā-pin,外賓,a foreign guest (visitor)
gōa-koan,guā-kuan,外觀,(external) appearance
M̄ thang kan-taⁿ khòaⁿ lâng ê gōa-koan lâi koat-tēng hit ê lâng ê kè-ta̍t.,,不要只看別人的外觀來決定它的價值,Don’t only look at a person’s appearance to judge his worth.
gōa-hêng | gōa-koan,guā-hîng | guā-kuan,外形,the external form
gōa-te̍k,guā-ti̍k,外敵,a foreign enemy (invader)
gōa-sū-khò,guā-sū-khò,外事課,the section of foreign affairs
gōa-ke,guā-ke,娘家,a bride's own native home
goán | gún,guán | gún,我們,we | us
goân-tàn,guân-tàn,元旦,the New Year's Day
goân-lâi,guân-lâi,原來,originally | essentially
Jîn-lūi goân-lâi sī A-tong kap Iek-oa ê kiáⁿ-sun.,,人類原來是亞當和厄娃的子孫,"Originally, (as regards origin) the human race are descendants of Adam and Eve."
goân-lí,guân-lí,原理,a principle
goân-in,guân-in,原因,cause | occasion
goân-chú tân,guân-tsú tân,原子彈,an atomic bomb
goân-chú-lêng,guân-tsú-lîng,原子能,atomic energy
goân-chó͘,guân-tsóo,原祖,the originator | the founder
Goân-chú-tân ê goân-chó͘ sī Bí-kok.,,原子彈的元祖是美國,America is the originator of the atomic bomb.
goân-sú | goân-sí,guân-sú | guân-sí,原始,the beginning | the genesis
goân-sú-sî-tāi,guân-sú-sî-tāi,原始時代,the primitive ages
Goân-sú-sî-tāi ê lâng lóng bô chhēng saⁿ-khò͘.,,原始時代的人都不穿衣褲,Primitive man wore no clothes at all.
goân-liāu,guân-liāu,原料,(raw) materials
"Gōa-hêng (or Gōa-koan) kāng-khoán, tān-sī goân-liāu chha chin chē.",,外形一樣但是原料差得多,"The external appearance is the same, but the materials are quite different."
goân-kó,guân-kó,原稿,a draft | a manuscript
goân-kè,guân-kè,原價,the cost prive | the original cost
"Góa chiàu goân-kè bē lí, bô thàn lí ê chîⁿ.",,我照原價賣你，不賺你的錢,"I am selling is to you at the cost price, I am not taking your money."
goân-sòe,guân-suè,元帥,a marshal | a fleet admiral
goân-khì,guân-khì,元氣,courage | energy | spirits
ū goân-khì,ū guân-khì,有元氣,vigorous | cheerful | high-spirited
bô goân-khì,bô guân-khì,沒有元氣,cheerless | low-spirited | downhearted
"Góa phòa-pīⁿ chin kú, só͘-í lóng bô goân-khì.",,我病了好久，所以沒有元氣,"I have been sick for a long time, so I have no pep."
goân-liōng,guân-liōng,原諒,to excuse | to forgive
Chhiáⁿ lí goân-liōng.,,請你原諒,Excuse me. Pardon me.
goân-ūi,guân-uī,原位,orginal place
Chheh nā khòaⁿ liáu tio̍h-ài khǹg tòa goân-ūi.,,書讀完要放在本來的地方,"Afte reading books, put them back where they belong."
goān-ì,guān-ì,願意,willing to | willingness
Góa ū (or bô) goān-ì chò.,,我願意（不願意）做,I am willing (unwilling) to do it.
goe̍h-ji̍t | chi̍t goe̍h-ji̍t,gue̍h-ji̍t | tsi̍t gue̍h-ji̍t,個月,a month
kó͘-goe̍h | chi̍t kó͘-goe̍h,kóo-gue̍h | tsi̍t kóo-gue̍h,個月,a month
goe̍h-khó,gue̍h-khó,月考,monthly exam
goe̍h | goe̍h-niû,gue̍h | gue̍h-niû,月亮,the moon
goe̍h-kip,gue̍h-kip,月薪 | 薪水,monthly salary
goe̍h-tâi,gue̍h-tâi,月台,a platform (in the railway station)
goe̍h-tâi-phiò,gue̍h-tâi-phiò,月台票,a platform ticket
"Góa boeh bé chi̍t tiuⁿ goe̍h-tâi-phiò, ji̍p-lâi-khì goe̍h-tâi chih pêng-iú.",,我要買一張月台票進入月台接朋友,I want to buy a platform ticket and go in on the platform to meet my friend.
gōng,gōng,笨 | 戇,stuipid
"Lí án-chóaⁿ chiah gōng, lâi chò chit hāng tāi-chì.",,你怎麼這麼笨，竟做出這種事,How come you were so stupid to do this thing!
gōng lâng,gōng lâng,愚笨的人,a dunce | a goof
gōng cha-bó͘,gōng tsa-bóo,笨女人,a nitwit
gōng-gín-ná,gōng-gín-ná,笨孩子,a dumbbell
gông,gông,暈,be dizzy | one's head spins
Góa ê thâu-khak ē gông.,,我頭暈,My head is dizzy.
gû,gû,牛,a cow
gû-iû,gû-iû,牛油,a can of butter
gû-bah,gû-bah,牛肉,beef
chhiah gû,tshiah gû,黃牛,a yellow cow
chúi gû,tsuí gû,水牛,a water buffalo
gû-leng,gû-ling,牛奶,milk
gû-leng-hún,gû-ling-hún,牛奶粉,milk powder
gû-chhia,gû-tshia,牛車,an ox cart
gûi-hiám,guî-hiám,危險,dangerous
"Hiah-ni̍h gûi-hiám ê tāi-chì, āu-pái m̄-thang chò.",,那樣危險的事情，下次（以後）不可做,After this don’t do such a dangerous thing!
gûi-ki,guî-ki,危機,crisis
"Tio̍h chún-pī chi̍t kóa io̍h-á, gûi-kip ê sî thang ēng.",,必須準備一些藥，以便在危急之際使用之,We should have some medicine ready to be used in time of emergency.
kok-ka ê gûi-ki,kok-ka ê guî-ki,國家的危機,a national crisis
gûi-kip,guî-kip,危急,an emergency
ha̍h,ha̍h,適合 | 一致,"fit | suit | agree (climate, custom, food, dress, shoes, temper, opinion etc.)"
Chit niá saⁿ ū ha̍h.,,這件衣很合身,this coat fits (or suits) me.
Góa kap i ē ha̍h.,,我和他合得來,He and I have the same temperament. (We have the same ideas; we get along well together.)
Chúi-thó͘ ū ha̍h (or ē ha̍h),,與水土適合,The climate is agreeable.
hāi--khì,hāi--khì,壞了,broken | out of order
hāi,hāi,害,to hurt | to injure | to cause some one to endure some evil
"Lí nā (ē) hāi-lâng, chiū ē hāi-tio̍h ka-tī.",,你若害人家，就會害到自己,"If you injure others, you will injure yourself."
Hāi lâng chin chhám,,害人很慘,to make others very miserable
Lī-hāi,Lī-hāi,厲害,dangerous | dreadful | serious
Chit khoán ê pīⁿ chin lī-hāi.,,這種病很厲害,This is a very serious disease.
I pīⁿ kah chin lī-hāi (or siong-tiōng).,,他病得很厲害,His sickness has become very serious.
hái,hái,海,sea
siōng-hái,siōng-hái,上海,Shanghai
hái-gōa,hái-guā,海外,abroad | across the seas
hái-bīn,hái-bīn,海面,surface of the sea
hái-chúi,hái-tsuí,海水,sea water | brine
hái-mî,hái-mî,海綿,sponge (Lit. sea cotton)
hái-koan,hái-kuan,海關,customs house (Lit. sea barrier)
hái-éng | éng,hái-íng | íng,波浪,a wave
hái-éng chin tōa | hái-éng chin koân,hái-íng tsin tuā | hái-íng tsin kuân,波浪大,a rough sea
hái chin pîⁿ,hái tsin pînn,海很平靜,a calm sea
hái-hōaⁿ | hái-kîⁿ,hái-huānn | hái-kînn,海岸 | 海邊,seashore | seaside | beach
Hái-kîⁿ ê khong-khì chin hó.,,海邊的空氣很好,The sea air is wonderful.
hái-hong,hái-hong,海風,sea breeze
hái-chúi-e̍k,hái-tsuí-e̍k,海水浴,sea bathing
Chú-ji̍t góa boeh lâi-khì hái-chúi-e̍k.,,主日我要去海水浴,"Sunday, I am going for some sea bathing."
hái-gān-sòaⁿ,hái-gān-suànn,海岸線,a coast reilway | coastal route
Tùi Chiong-hòa keng-kòe Chheng-Súi kàu Tek-lâm chit tiâu thih-lō͘ kiò chò hái-gān-sòaⁿ.,,從彰化經過清水到竹南這條鐵路叫做海岸線,"From Changhua through Chheng Chúi up to Tek Lâm, this rail route is called the coastal route."
hàiⁿ,hàinn,搖動 | 振動,to swing
"Āu-pái nā koh chò pháiⁿ, boeh kā lí pa̍k-khí-lâi tòa chhiū-á hàiⁿ.",,下次若再做歹，要把你扶（捆）在樹上擺動,"The next time you do something bad, I’ll tie you up in a tree and swing you. (push you back and forth)"
hàiⁿ chhian-chhiu,hàinn tshian-tshiu,盪鞦韆 | 打鞦韆,to swing | to swing in a swing
haiⁿ,hainn,呻吟,to groan (as a sick person)
Hit ê gín-á the haiⁿ pak-tó͘ thiàⁿ.,,那個孩子在呌肚子痛,That child is groaning because he has a belly ache.
ha̍k-seng,ha̍k-sing,學生,a student
ha̍k-hāu,ha̍k-hāu,學校,school
kok-bîn ha̍k-hāu,kok-bîn ha̍k-hāu,國民學校,elemetary school
kang-gia̍p ha̍k-hāu,kang-gia̍p ha̍k-hāu,工業學校,Technical school
siang-gia̍p ha̍k-hāu,siang-gia̍p ha̍k-hāu,商業學校,Commercial school
su-hoān ha̍k-hāu,su-huān ha̍k-hāu,師範學校,Normal school
ha̍k-hùi,ha̍k-huì,學費,tuition
ha̍k-kî,ha̍k-kî,學期,a semester
siāng ha̍k-kî,siāng ha̍k-kî,上學期,first semester
hā ha̍k-kî,hā ha̍k-kî,下學期,second semester
ha̍k-īⁿ,ha̍k-īnn,學院,a college
ham-bān,ham-bān,笨 | 愚昧的,stupid
hâm,hâm,含 | 和,to contain | to include | to imply | and | or with
Chit kù ū pau-hâm chin chē ì-sù.,,這句話包含很多意思,This sentence implies many meanings.
Góa boeh hâm lí khì.,,我要和你去,I want to go with you.
pau-hâm,pau-hâm,包含,to include | to contain
Chit ê kè-chîⁿ ū pau-hâm kang-chîⁿ bô?,,這個價錢有包含着工錢嗎？,Does this price include the cost of labor?
hàn,hàn,漢,Cl. for persons
sè hàn gín-ná,sè hàn gín-ná,小孩子,a little child
tōa hàn gín-ná,tuā hàn gín-ná,大孩子,a big child
hán--tit,hán--tit,罕 | 很少,seldom
I chin hán-tit lâi.,,他很少來,He very seldom comes.
hán,hán,造謠 | 留言,to rumor
M̄-thang o͘-pe̍h hán.,,不要胡亂造謠,Don’t start a rumor without a foundation in fact.
ū lâng hán kóng i sí-khì-ah.,,有人造謠說他死了,Rumor says that he’s dead.
han-chî,han-tsî,甘薯 | 地瓜 | 蕃薯,sweet potatoes
hàn-jī,hàn-jī,漢字,Chinese characters
Bē hiáu siá hàn-jī.,,不會寫漢字（中國字）,Can’t write characters.
Bē hiáu khòaⁿ hàn-jī.,,不會看漢字,Can’t read characters.
hân-kok,hân-kok,韓國,Korea
hàn tiâu,hàn tiâu,漢朝,The [Han3] Dynasty
hân-tâm | kóng-êng-ōe,hân-tâm | kóng-îng-uē,閒談,a chat | idle talk | gossip
hân-tài,hân-tài,寒帶,the frigid zones
hân-liû,hân-liû,寒流,a cold current
hang,hang,烤 | 烘,to broil | toast | bake
hang mī-pau,hang mī-pau,烤麵包,toast bread
hang nn̄g tè mī-pau | hang nn̄g phìⁿ mī-pau,hang nn̄g tè mī-pau | hang nn̄g phìnn mī-pau,烤兩塊麵包,toast two pieces of bread
hang-lô͘,hang-lôo,烘爐,an oven
hang ti-bah,hang ti-bah,烘猪肉,roast pork
hang ke-bah,hang ke-bah,烤雞肉,roast chicken
hāng,hāng,巷,an alley | a little street
Góa tòa tī chit tiâu hang-á lāi.,,我住在這條巷內,I live up this alley.
háng,háng,恐嚇,to threaten
Háng boeh kā i phah.,,嚇著要打他,To threaten to strike him.
Háng boeh kiò kèng-chhat lâi.,,恐嚇他要呌警察來,To threaten to call the police.
Khòaⁿ-kìⁿ giōng-giōng boeh lo̍h-hō͘.,,似乎要下雨了,It threatens to rain. (Lit. It looks as if it is just about to rain).
hâng | tâu-hâng,hâng | tâu-hâng,投降,surrender (N.V.)
"Tē jī chhù sè-kài-tāi-chiàn ê kiat-kó, Ji̍t-pún bô tiâu-kiāⁿ hâng-ho̍k.",,第二次世界大戰的結果，日本無條件降服,The outcome of the second world war was an unconditional surrender of the Japanese.
hâng-ho̍k | kàng-ho̍k,hâng-ho̍k | kàng-ho̍k,降服,surrender (N.V.)
ha̍p-chhiùⁿ,ha̍p-tshiùnn,合唱,chorus | to sing as a group
Ha̍p-chhiùⁿ tio̍h-ài chhiùⁿ ū chê chiah ē hó thiaⁿ.,,合唱要唱得整齊才會好聽,"When singing in a group, you must sing in unison, then it will sound nice."
ha̍p-chhiùⁿ,ha̍p-tshiùnn,合 | 閉,to shut (book mouth)
"Chhùi ha̍p-ha̍p, m̄-thang kóng-ōe.",,合起嘴，不可講話,Shut your mouth and don’t talk!
ha̍p-lí,ha̍p-lí,合理,reasonable | rational
"Hit ê lâng kóng ê ōe, bô sím-mih ha̍p-lí.",,那個人講的話，不合情理,What he says is not very reasonable.
hāu-tiúⁿ,hāu-tiúnn,校長,principal
hāu-kang,hāu-kang,校工,school workman
hāu-iú-hōe | tông-ha̍k-hōe,hāu-iú-huē | tông-ha̍k-huē,校友會 | 同學會,alumni association
hāu-koa,hāu-kua,校歌,school song
hāu-tiâⁿ,hāu-tiânn,校庭,campus
iú-hàu,iú-hàu,孝順,respectful
put-hàu,put-hàu,不孝,disrespectful
hāu-kó,hāu-kó,効果,effect
ū hāu-kó,ū hāu-kó,有効,efficacious
bô hāu-kó,bô hāu-kó,無効,ineffective
hau-siâu | pe̍h-chhat,hau-siâu | pe̍h-tshat,說謊 | 謊話,a lie | to tell a lie
kóng hau-siâu | kóng pe̍h-chhat,kóng hau-siâu | kóng pe̍h-tshat,說謊,to tell a lie
hāu-seⁿ | hāu-siⁿ,hāu-senn | hāu-sinn,兒子,a son (Lit. waiting for his birth)
hē | khǹg,hē | khǹg,放 | 置,to put | to place
hē-thiⁿ,hē-thinn,夏天,summer
hê-á,hê-á,蝦,a lobster | shrimp
he-ku,he-ku,喘息,asthma
hêng,hîng,還,to return | to pay a debt
"Lí khiàm góa chi̍t kho͘-gîn, tang-sî chiah boeh hêng góa.",,你欠我一塊錢，何時才要還我？,"You owe me a dollar, when are you going to pay it back to me?"
hêng-lí,hîng-lí,行李,baggage
hêng,hîng,形 | 樣式,form | shape
Lí chò chit niá saⁿ chin hó hêng.,,你做這件衣服樣式很好,You had this shirt made (so that) it has a nice shape. (style)
hêng-sek,hîng-sik,形式,a form | a formality
"Hêng-sek bô iàu-kín, lāi-iông (or lōe-iông) khah iàu-kín.",,形式無關重要，要緊的是內容,"The form isn’t important, the contents are more important."
hêng-sek chú-gī,hîng-sik tsú-gī,形式主義,formalism
hêng-iông,hîng-iông,形容,to modify | quality | describe
"Ji̍t-goa̍t-thâm ê kéng-tì lōa hó, góa bē hiáu hêng-iông.",,日月潭的景色怎麼樣好，我不會形容,"The scenery at Sun Moon Lake is so nice, I don’t khow how to describe it."
hêng-iông-sû,hîng-iông-sû,形容詞,an adjective
hî | hî-á,hî | hî-á,魚,a fish
lia̍h-hî,lia̍h-hî,捉魚,to fish
lia̍h-hî--ê,lia̍h-hî--ê,漁夫,a fisherman
tiò hî,tiò hî,釣魚,to fish with a hook
bāng-hî,bāng-hî,網魚,to fish with a net
kim-hî,kim-hî,金魚,goldfish
hî-tî,hî-tî,魚池,a fish pond
hi-bōng,hi-bōng,希望,to hope
Góa hi-bōng bîn-ná-chài ē hó thiⁿ.,,我希望明天會放晴,I hope it is nice weather tomorrow.
hì,hì,戲 | 劇,a show
hì-īⁿ,hì-īnn,戲院,theater
hi-hán,hi-hán,稀罕,rare | scarce
chin hi-hán ê mi̍h,tsin hi-hán ê mi̍h,罕見的東西,rare articles | a rarity
Phêng-kó chím-má chin hi-hán.,,蘋果在現在很罕見,Apples are now very scarce.
hi-seng,hi-sing,犧牲,sacrifice (N.V.)
Iâ-so͘ hi-seng i ê seng-khu lâi kiù jîn-lūi.,,耶穌犧牲他的身軀來救人類,Jesus sacrified His body for the salvation of the human race.
Góa ūi-tio̍h kok-ka kam-goān chò hi-seng.,,我為了國家甘願犧牲自己,I am willing to make a sacrifice for my country.
hīⁿ-á,hīnn-á,耳朵,ears
chhàu-hīⁿ lâng,tshàu-hīnn lâng,聾人,deaf man
hīⁿ-khang,hīnn-khang,耳孔,an earhole
hīⁿ-sái,hīnn-sái,耳垢,ear wax
hiā,hiā,瓦,tiles
Lí ê chhù khám hiā á-sī khám tek-á.,,你的家是用瓦蓋的還是用竹子蓋的,Is your house covered with tile or with bamboo?
hia,hia,那裏,there
khì hia,khì hia,到那裡去,go there
tī hia,tī hia,在那裡,in that place
tī hia ê lâng,tī hia ê lâng,在那裡的人,the people over there
hiaⁿ-tī,hiann-tī,兄弟,brothers
hiâⁿ,hiânn,燒,to heat
"Góa boeh sé seng-khu, lí kā góa hiâⁿ sio-chúi.",,我要洗澡，你替我燒水,"I want to take a bath, you heat some hot water for me."
hiah-ni̍h,hiah-ni̍h,那麼,such | so | as...as
hiah ê,hiah ê,那些,those
hiam,hiam,辣,hot
Lí ài chia̍h hiam ê bô?,,你喜歡吃辣的嗎？,Do you like to eat hot stuff?
hiâm,hiâm,嫌,to find fault with | to blame | to object to
"Lí nā bô hiâm pháiⁿ só͘-chāi, chiah koh lâi thit-thô!",,你若不嫌這地方不好，再來玩吧！,"If you have no objections to a poor place, come back again for a visit."
hiám,hiám,險些兒,to just miss | very nearly | almost | to escape by a hair's breadth
hiám hō͘ chhia kauh tio̍h,hiám hōo tshia kauh tio̍h,險些兒被車子輾死,to just miss being run over by a car
hiám bē kì--tit,hiám bē kì--tit,差一點就忘記,to almost forget
hiám bē hù hóe-chhia,hiám bē hù hué-tshia,差一點就趕不上火車,To just miss being on times for a train
hiám hiám sí-khì,hiám hiám sí-khì,險些兒死掉,almost died.
hiàm,hiàm,喊 | 叫,to call | to tell | to order
hiàm i lâi,hiàm i lâi,喊他來,order him to some
hiàm chi̍t tâi saⁿ-lián chhia lâi,hiàm tsi̍t tâi sann-lián tshia lâi,一輛三輪車來,call a pedicab
hian,hian,翻開 | 打開,to open (as book or the lid of a box)
Chhiáⁿ lín hian tē-gō͘ phiⁿ.,,請你們翻開第五頁,Please turn to page five.
a̍p-á-kòa hian-khui lâi khòaⁿ-bāi leh.,,把箱子蓋先開來看一看,Take the cover off the box and take a look at it.
hiān-chāi,hiān-tsāi,現在,at present
hiān-chîⁿ,hiān-tsînn,現鈔,cash | ready money
hiān-kim,hiān-kim,現鈔,cash | ready money
hiān-tāi,hiān-tāi,現代,nowadays
hiān chū-chí | chū-só͘,hiān tsū-tsí | tsū-sóo,現住址 | 住所,one's present address
hiān-tiûⁿ,hiān-tiûnn,現場 | 當場,the actual pleace | then and there
"Lí nā khòaⁿ tio̍h i chò pháiⁿ, tio̍h tòa hiān-tiûⁿ kā i chù-ì.",,如果你看到他做錯，要當場給他注意,"If you see him doing evil, you should point it out to him then and there."
hián-bî-kiàⁿ,hián-bî-kiànn,顯微鏡,a microscope
hiat-tiāu,hiat-tiāu,丟掉,to throw away
hiat,hiat,丟,to throw
hiat-ap,hiat-ap,血壓,blood pressure
hiat-thóng,hiat-thóng,血統,lineage | stock
hîm,hîm,熊,a bear
him-sióng,him-sióng,欣賞,to appreciate | to take delight in | to enjoy
Lán lâi khì Bū-siā him-sióng hong-kéng.,,我們到霧社去欣賞風景,Let’s go to [Bū-siā] and enjoy the scenery.
hîn,hîn,暈,to be dizzy | one's head swims
Lí thâu-khak ē hîn bē?,,你會不會頭暈？,Is your head dizzy?
hîn-chûn,hîn-tsûn,暈船,seasickness
Lí chē chûn ê sî ē hîn (or hîn-chûn) bē?,,你會不會暈船？你會不會暈車？,"Do you get seasick, when riding in the boat?"
Lí ē hîn chhia bē?,,,Do you get car-sick?
hīn | oàn-hīn,hīn | uàn-hīn,恨,hate (N.V.)
M̄-thang oàn-hīn lâng.,,不要怨恨別人,Don’t hate others.
hih-hih-chhiò,hih-hih-tshiò,發痴笑 | 格格作笑,to giggle
Tòa sèng-tn̂g lāi m̄ thang hih-hih-chhiò.,,在聖堂內不要發痴笑,Don’t giggle in Church.
hioh-khùn,hioh-khùn,休息,to rest
hioh-joa̍h,hioh-jua̍h,暑假,to take a Summer vacation
hioh-kôaⁿ,hioh-kuânn,寒假,Winter vacation
hio̍h-á,hio̍h-á,葉子,leaves
Hiah ê chhiū-hio̍h-á sàu-sàu leh.,,把那些樹葉掃一掃,"""Sweep up the leaves from those tree. Sweep up those leaves."""
hioh,hioh,歇 | 棲息,to perch | alight
Chiáu-á hioh tī chhù-téng.,,鳥兒歇在屋頂,A bird is perched on top of the house.
hip,hip,拍照 | 拍攝,to snap a picture
hip-siòng,hip-siòng,拍照 | 照相,to take a picture
hip-siòng-ki,hip-siòng-ki,照相機,a camera
hit,hit,那,[hit] + Pr. cl. = that
hit só͘-chāi | hit ê só͘-chāi,hit sóo-tsāi | hit ê sóo-tsāi,那裏,that place
hn̄g,hn̄g,遠,far
hn̂g,hn̂g,園,garden
hoe-hn̂g,hue-hn̂g,花園,flower garden
chhài-hn̂g,tshài-hn̂g,菜園,vegetable garden
iù-tī-hn̂g,iù-tī-hn̂g,幼稚園,kindergarten
kong-hn̂g,kong-hn̂g,公園,public garden | park
sin lo̍k-hn̂g,sin lo̍k-hn̂g,新樂園,New Paradise (cigarettes)
hó,hó,好,
hó-chia̍h,hó-tsia̍h,好吃,
Tâi-oân ê ông-lâi chin hó-chia̍h.,,台灣的鳳梨很好吃,Formosan pineapples are delicious.
hó-lim,hó-lim,好喝 | 可口,
Chiah ê chíu chin hó-lim.,,這些酒很可口,This wine is very tasty.
hó-khòaⁿ,hó-khuànn,好看,
Hit chhut tiān-iáⁿ chin hó-khòaⁿ.,,那片電影很好看,That was really a good movie.
hó-chhiò,hó-tshiò,好笑,
Chit ê kò͘-sū chin hó-chhiò.,,這故事很好笑,This is a very funny story.
Hit ê lâng chin hó-chhiò.,,那個人很好笑,He is a very humorous fellow (comical).
hó-chē,hó-tsē,好坐,
Chit tè í-á chin hó-chē.,,這塊椅子坐起來很舒服,This chair is very comfortable.
hó-khùn,hó-khùn,好睡,
Chit téng bîn-chhn̂g chin hó-khùn.,,這張床睡起來很舒服,This be is very nice to sleep in.
I chin hó-khùn.,,他睡得很熟,He is resting peacefully (comfortably). He usually sleeps soundly.
hó-ēng,hó-īng,好用,
Góa chit ki bān-liân-pit chin hó-ēng (hó-siá).,,我這支鋼筆很好用（好寫）,This fountain pen of mine is very good to write with (writes very smoothly).
hó-kóng,hó-kóng,容易講,
Chit kù chin hó-kóng.,,這句很容易講,This is a nice way to say it.
hó-sé,hó-sé,好洗,
Chit khoán ê soat-bûn (tê-kho͘) chin hó-sé.,,這一種肥皂很好洗,This kind of soap is very nice for washing.
hó-peh,hó-peh,容易爬,
Chit châng chhiū-á chin hó-peh.,,這一棵樹很容易爬,This tree makes nice climbing.
hó-siá,hó-siá,好寫,
Chit khoán ê chóa chin hó-siá.,,這種紙很好寫,This is very nice paper to write on.
hó-khǹg,hó-khǹg,容易放,
"Chit ê siuⁿ-á boeh khǹg hêng-lí, chin hó-khǹg.",,這個箱子放行李很合適,This suitcase (box) is very handy for packing baggage.
hó-chài,hó-tsài,容易載,
Chit tè í-chē-á chin hó-chài gín-ná.,,這個椅墊用來載孩子（在脚踏車上）很方便,This little wicker chair is very handy for carrying a child (on a bike).
hó-lia̍h,hó-lia̍h,容易捉,
"Ah khah hó-lia̍h, ke-á khah pháiⁿ lia̍h.",,鴨子比較容易捉，雞比較難捉,"Ducks are rather easy to catch, it’s more difficult to catch chickens."
hó-chhēng,hó-tshīng,容易穿,
Chit niá saⁿ chin hó-chhēng.,,這件衣服很容易穿,This coat is very nice to wear.
hó-thiaⁿ,hó-thiann,好聽,
Chit tiâu koa chin hó-thiaⁿ.,,這支歌很好聽,This is a very sweet (melodious) song.
hó-chhiùⁿ,hó-tshiùnn,容易唱,
"Chit tiâu koa chin hó-chhiùⁿ, hit tiâu chin pháiⁿ-chhiùⁿ.",,這支歌很容易唱，那支却很難唱,"This is a very easy song to sing, that one is very difficult."
hó-tē,hó-tē,放東西很方便,
Chit ê tē-á chin hó-tē.,,這個口袋放東西很方便,This is a very nice little pocket to put things in.
hó-té,hó-té,裝東西很方便 | 或盛東西很方便,Good for holding things
Chit khoán ê thoah-á chin hó-té.,,這樣的抽屜裝東西很方便,This kind of drawer is very handy for putting things away.
Pn̄g-sî chin hó-té.,,飯匙盛飯很方便,This rice ladle holds a lot.
hó-tha̍k,hó-tha̍k,容易讀,easy to read or study
Chit pún chheh chin hó-tha̍k.,,這本書很容易讀,This book is very easy to study.
hó--bô,hó--bô,好嗎,O.K.? Is that alright? Is it good?
Seng-lí hó--bô?,,生意好嗎？,How’s business?
hó-ì,hó-ì,好意,kindness | good well | good wish
"I hó-ì boeh chhiáⁿ--lí, lí tio̍h-ài khì hō͘ i chhiáⁿ.",,他好意要請你，你得去讓他請,"He has very kindly invited you, you must go and accept the invitation."
hó-sè,hó-sè,適當 | 舒適,proper | suitable
hó-miā,hó-miā,好運氣,good fortune
"Lí chhut-sì chò ū chîⁿ lâng ê kiáⁿ, chin hó miā.",,你出生爲有錢人的兒子，運氣真好,"You have been born the son of wealthy people, you are very fortunate."
hó-gia̍h,hó-gia̍h,富裕,wealthy
hó-gia̍h-lâng,hó-gia̍h-lâng,富翁,a millionaire
hó-táⁿ,hó-tánn,有膽量,daring | courageous
"Lí ka-tī chi̍t ê káⁿ kiâⁿ àm lō͘, chin hó táⁿ.",,你敢隻身走暗路，真大膽,"You dare to travel a dark road alone, you are very courageous."
hó-chhit-thô,hó-tshit-thô,好玩,This is a barrel of fun
"Nā ū chîⁿ, Hiong-káng si̍t-chāi chin hó chhit-thô.",,假如有錢，香港實在很好玩,"If one has the money, Hong Kong is the place to go to really have a good time."
hô-pêng | hô-phêng,hô-pîng | hô-phîng,和平,peace
hô-hó,hô-hó,和好,harmonious | harmony | to be on good terms | to get along
"Lín hu-hū tio̍h khah hô-hó--lè, m̄-thang sio phah.",,你們夫婦要和好，不可打架,"You, husband and wife, must be on good terms (get along with each other), don’t fight."
hō͘,hōo,給,to give
Sin-gí tio̍h tha̍k hō͘ se̍k.,,新字要唸熟,You must study the new words until
Sàu hō͘ chheng-khì,,要掃乾浄,they are familiar. You must memorize the vocabulary.
Pa̍k hō͘ ân,,要縛得緊,to sweep clean.
I hō͘ hó,,要醫好,to tie tightly
Chhit hō͘ ta,,要擦乾,to cure
Siu hō͘ hó-sè,,要收拾好,to wipe dry
Lim hō͘ ta,,要喝乾,to put in order; to tidy up
Pûn hō͘ sit,,要吹熄,to drink dry
Sé hō͘ chheng-khì,,要洗乾浄,to blow out
Chia̍h hō͘ liáu,,要吃完,to wash clean
hō͘,hōo,雨,rain
lo̍h-hō͘,lo̍h-hōo,下雨,to rain
chin kú bô lo̍h-hō͘,tsin kú bô lo̍h-hōo,很久沒有下雨,It has not rained for a long time.
hō͘-sòaⁿ,hōo-suànn,雨傘,an umbrella
hō͘-saⁿ | hō͘-i,hōo-sann | hōo-i,雨衣,a raincost
hō͘,hōo,被,used to express the passive voice
Góa hō͘ i phah.,,我被他打,I was struck by him.
Góa bat hō͘ chôa kā-tio̍h chi̍t pái.,,我曾被蛇咬過,I was once bitten by a snake.
Cha-hng ū chi̍t ê sè-hàn gín-ná hō͘ khì-chhia kauh--tio̍h.,,昨天有一個小孩子被汽車輾倒,Yesterday a youngster was run over by a car.
hō͘,hōo,讓,"also has the meaning of ""to let"" | ""to allow"""
M̄ thang hō͘ i ji̍p--lâi.,,不要讓他進來,Don’t let him come in.
M̄ thang hō͘ i chai-iáⁿ.,,不要讓他知道,Don’t let him know.
hō͘,hōo,,to cause | to effect that | so that
"Siu-lí chit ê mi̍h-kiāⁿ, siu-lí khah kang-hu--lè, m̄-thang koh hō͘ hāi--khì.",,修理這個東西，要修理得精細些，不要再讓牠壞了,Repair this thing more carefully so that it doesn’t break again.
Chò chi̍t ê saⁿ-á-tû tú-tú hō͘ ha̍h chit ê só͘-chāi.,,做一個衣櫃要讓牠剛剛合這個地方,Make a clothes closet so that it will just fit in this space.
hō-chò,hō-tsò,叫做,called
hô͘-sîn,hôo-sîn,蒼蠅,a fly
hô͘-chio,hôo-tsio,胡椒,pepper
hō͘-sū,hōo-sū,護士,nurse (in hospital)
hó͘,hóo,虎,tiger
hó͘,hóo,騙,to cheat
M̄-thang hó͘--góa.,,不要欺騙我,Don’t cheat me.
hō͘-chiò,hōo-tsiò,護照,a passport
hô͘-chhiu,hôo-tshiu,多鬍子的,one with a shaggy beard
I chin hô͘-chhiu.,,他的臉上有很多鬍鬚,He really has a shaggy beard.
hō͘-sap-á,hōo-sap-á,細雨 | 霧雨,a light rain | a drizzle
Chang-àm ū lo̍h hō͘-sap-á.,,昨晚下了一陣細雨,Last night there was a light rain.
hòⁿ,hònn,,interrogative particle expecting affirmation
Chit ê gín-ná sī lí ê kiáⁿ--hòⁿ?,,這個孩子是你的兒子罷！,"This lad is your son, isn’t he?"
hòⁿ-sek,hònn-sik,好色,lustful | wanton
hòⁿ-kî,hònn-kî,好奇,be curious
"Lí chin hòⁿ-kî, káu teh sio kā, lí iā tio̍h cháu chhut khì khòaⁿ.",,你真好奇，狗打架你還跑出去看,"You are very curious, even if the dogs are fighting, you must run out and take a look."
hòⁿ,hònn,好 | 愛好,to like | to desire | to be fond of
hó,hó,好,good
hòa-ha̍k,huà-ha̍k,化學,Chemistry
hoa,hua,熄滅,to go out | extinguish
siau--hoa,siau--hua,使熄滅,to extinguish
"Lí nā boeh khùn, tiān-hóe tio̍h-ài siau-hoa.",,你若要睡覺，要把電燈關掉,"If you want to sleep, you must turn out the lights."
siau-hòa,siau-huà,消化,to digest
Chit khoán ê chhài chin oh siau-hòa.,,這種菜很難消化,This kind of food is very difficult to digest.
hoaⁿ-hí,huann-hí,歡喜,happy
hōaⁿ,huānn,岸 | 堤,to bank (of a river) | the shore
hôaⁿ | kôⁿ,huânn | kônn,鼾,to snore
I teh khùn ê sî chin gâu hôaⁿ (or [kôⁿ]).,,他睡覺的時候總是發鼾聲,When he is sleeping he always snores.
hōaⁿ,huānn,支住 | 抓住,To lay the hands heavily upon | to steady
"Góa (ēng o͘-thó͘-bái) kā lí chài, lí hōaⁿ tòa góa ê keng-thâu.",,我（用機器脚踏車）載你，你抓住我的肩膀,"When you ride on the back of my motorcycle, put your hands on my shoulders."
"Chit ki thiāu-á kā góa hōaⁿ--le, m̄-thang hō͘ tó--lo̍h-lâi.",,帮我支住這根柱子，不要讓它倒下來,"Steady this pole for me, don’t let it all over."
hoan-ná-hóe,huan-ná-hué,洋火 | 火柴,a box of mathes
hoan-kiuⁿ-á,huan-kiunn-á,辣椒,a pepper
hoan-gêng,huan-gîng,歡迎,to welcome
Goán chin hoan-gêng Bí-kok lâng lâi Tâi-oân.,,我們很歡迎美國人來台灣,We welcome the Americans coming to Taiwan very much.
hoân-ló,huân-ló,掛心 | 憂慮,to worry | to be anxious about
"Lí nā hoân-ló liáu kòe-thâu, lí ē khí-siáu.",,你若過於憂慮，你會發狂,你若過於憂慮，你會發狂
hoān,huān,犯,to transgress | to commit
"Hit ê lâng hoān-tio̍h hoat-lu̍t, kèng-chhat boeh lia̍h--i.",,那個人犯了法律，警察要抓他,"That fellow broke the law, the police want to arrest him."
hoān-lâng,huān-lâng,犯人 | 罪犯,a prisoner
hoán-tùi,huán-tuì,反對,to oppose
Lí m̄-thang bô lí-iû o͘-pe̍h hoán-tùi.,,你不可以無理由地亂加反對,You should not unreasonably and indiscriminately oppose.
tùi-hoán,tuì-huán,相反,opposite
Góa ê siūⁿ-hoat kap lí tùi-hoán.,,我的想法和你相反,Your thinking is just the opposite of mine.
hoân,huân,明礬,alum | burnt alum
hoan-e̍k | e̍k,huan-i̍k | i̍k,翻譯,to translate | translation | to interpret
hoan-gêng-hōe,huan-gîng-huē,歡迎會,a welcome party (dinner) | a reception
hoan-gêng-mn̂g,huan-gîng-mn̂g,歡迎門,a welcome arch
hoan-sin,huan-sin,翻身,to turn over in sleep (bed)
"Lí cha-hng chiah chhiú-su̍t, kin-ná-ji̍t iáu m̄ thang hoan-sin.",,你昨天剛開刀，今天還不能翻身,"You were just operated on yesterday, you should still not turn over in bed today."
hoān-chiá,huān-tsiá,患者,a patient
hoān-ûi,huān-uî,範圍,a sphere | scope | extent
Khó-chhì ê hoān-ûi sī tē it khò kàu tē káu khò.,,考試範圍是從第一課到第九課,The extent of the examination will be from lesson one to lesson nine.
hoan-ná-iû | chúi-iû | chio̍h-iû,huan-ná-iû | tsuí-iû | tsio̍h-iû,煤油,kerosene
hoan-hù,huan-hù,吩咐,to leave word | give message | to ask to do | to order | to instruct
"Lí nā tú--tio̍h--i, hoan-hù i lâi--lè.",,你若遇到他，吩咐他來一下,"If you meet him, order (tell) him to come."
hoat-tián,huat-tián,發展,to prosper | to flourish
hoa̍t,hua̍t,罰,to punish
Lí hō͘ sian-siⁿ hoa̍t khiā lōa kú?,,你被老師罰站多久？,You were punished by the teacher to stand for how long a time?
hoat-im,huat-im,發音,to pronounce | pronunciation
hoat-khí,huat-khí,發起,to start | to organize
"Boeh hoat-khí chi̍t hāng tāi-chì, m̄-sī chin iông-ī.",,要發起一件事，不是很容易的,It is not very easy to get an affair going. (to get a matter organized.)
hoat-lu̍t,huat-lu̍t,法律,the law
hoat,huat,,to produce | to begin | to grow | to sprout | to pay out | to start | to rise (as bread or cake)
"Chit châng chhiū-á chèng iáu-bōe chi̍t nî, hoat chiah tōa châng.",,這株樹種不到一年，長得這麽大。,This tree has not been planted a year yet and it has grown so big.
hoat-tō͘,huat-tōo,方法,method or plan
bô hoat-tō͘,bô huat-tōo,沒法子,there is no way out
hoat hún,huat hún,發粉,baking powder
hoat-ta̍t,huat-ta̍t,發達,to prosper | to develop
hoat-châi,huat-tsâi,發財,to become wealthy
hoat-sio | hoat-jia̍t,huat-sio | huat-jia̍t,發熱,have an attack of fever
hoat-bêng,huat-bîng,發明,invention | to invent
Goân-chú tân sī sím-mih lâng hoat-bêng--ê?,,原子彈是誰發明的？,Who invented the atomic bomb?
hoat-īⁿ | hoat-têng,huat-īnn | huat-tîng,法院 | 法庭,a court | a court of justice
hoat-kiàn,huat-kiàn,發見,discovery | to discover | to find out
Chím-má ê Bí-kok sī sím-mih lâng hoat-kiàn--ê?,,現在的美國是誰發見的？,Who discovered what in now America?
hoat-piáu,huat-piáu,發表,to announce | publication
Hāu-tiúⁿ hoat-piáu āu--ji̍t khí boeh hòng-ká nn̄g lé-pài.,,校長發表後天起將放假兩星期,The principal announced that from the day after tomorrow on there will be two weeks of vacation.
hoat-seng,huat-sing,發生,to break out | to happen
Cha-hng ū hoat-seng kau-thong sū-kò͘.,,昨天發生了交通事故,Yesterday an accident happened.
hoat-hêng | khan,huat-hîng | khan,發行 | 發刊,to publish | issue
Chit pún cha̍p-chì sī tī Bí-kok hoat-khan (hoat-hêng)--ê.,,這本雜誌是在美國發刋（發行）的,This magazine is published in America.
hoat-tiâu,huat-tiâu,發條,"a spring (of a watch, a clockwork toy or a sofa)"
Chit ê sî-pió hoat-tiâu tn̄g--khì.,,這個錶的發條斷了,The spring in this watch is broken.
hòe,huè,歲,a year of life
hóe-ke,hué-ke,火雞,a turkey
hóe-chhia,hué-tshia,火車,a train
hóe-chhia-thâu,hué-tshia-thâu,火車站,a train station
hòe-bu̍t,huè-bu̍t,貨物,merchandise
chài hòe-bu̍t,tsài huè-bu̍t,載貨物,to load on merchandise (e.g. on a truck)
hoe,hue,花,a cut flower
chi̍t châng hoe,tsi̍t tsâng hue,一株花,a flower (plant)
hoe-phûn,hue-phûn,花盆,a flower pot (usually for orchids) not made from clay
hoe-kha,hue-kha,花盆,flower pot
hoe-kan,hue-kan,花瓶,flower vase
hoe-hn̂g,hue-hn̂g,花園,flower garden
hoe-m̂,hue-m̂,花蕾,(flower) bud
hōe,huē,會,a meeting | a society
khui-hoe,khui-hue,開會,to hold a meeting
khai-hōe,khai-huē,開會,to hold a meeting
hōe-oân,huē-uân,會員,a member of a society
hōe-tiûⁿ,huē-tiûnn,會場,an assembly hall | a meeting place
hōe-tiúⁿ,huē-tiúnn,會長,the president of a society
hōe-gī,huē-gī,會議,a conference | a congress
hōe-hùi,huē-huì,會費,membership fee
hōe-kè | kòe-kè,huē-kè | kuè-kè,會計,a paymaster | a treasurer | a procurator | the theory of accounting
Be̍k sîn-hū teh chò hōe-kè (or kòe-kè).,,墨神父當會計,Father McCabe is the procurator.
hòe-pè,huè-pè,貨幣,monetary system
hōe-toaⁿ | hōe-phiò,huē-tuann | huē-phiò,滙單 | 滙票,a bill of exchange | money order
I ēng hōe-toaⁿ (hōe-phiò) kià chîⁿ lâi hō͘--góa.,,他用滙票送錢給我,He used a money order to send money to me.
hòe-bût-chhia,huè-bût-tshia,貨物車,trucks | freight train
hóe,hué,火,fire
khí hóe,khí hué,起火,to start a fire
tiān-hóe,tiān-hué,電燈,electric light
hóe sio chhù,hué sio tshù,火災 | 火警,house on fire
hóe-hu,hué-hu,灰,ashes
hóe-chi̍h,hué-tsi̍h,火焰,a flame | a blaze
hóe-sái | hóe-chhiⁿ,hué-sái | hué-tshinn,火星 | 火花,(flying) sparks
hôe,huê,回 | 信,to answer (a letter)
"Lâng nā siá phoe hō͘--lí, lí tio̍h-ài kóaⁿ-kín kā i hôe.",,人家如果寫信給你，你就要趕快囘他,"If people write you a letter, you must answer promptly."
hóe-iû | thô͘-tāu-iû | hoa-seng-iû,hué-iû | thôo-tāu-iû | hua-sing-iû,花生油,peanut oil
hóe-thòaⁿ,hué-thuànn,木炭,charcoal
hoe,hue,石灰,lime
boah hoe,buah hue,塗以灰泥,to plaster (a wall) with lime
hòe-siū,huè-siū,壽命,the natural term of life
tn̂g hòe-siū,tn̂g huè-siū,長壽,enjoy a long life
té hòe-siū,té huè-siū,短命,to die young
hôe-ōe | thong-e̍k,huê-uē | thong-i̍k,通譯,to interpret
Chhiáⁿ lí kā góa hôe-ōe (or thong-e̍k) hó--bô?,,請你替我通譯好不好？,How about you interpreting for me?
hôe-siūⁿ,huê-siūnn,和尚,a Buddhist monk
hôe-siūⁿ-sī,huê-siūnn-sī,和尚寺,a Buddhist monk's temple
hoeh | huih,hueh | huih,血,blood
lâu-hoeh | lâu-huih,lâu-hueh | lâu-huih,流血,to bleed
hoeh-kńg | huih-kin,hoeh-kńg | huih-kin,血管,a blood vessel
hok-khì,hok-khì,福氣,happy | happiness
chin ū hok-khì,tsin ū hok-khì,很福氣,very fortunate
ho̍k-sāi,ho̍k-sāi,奉仕 | 祭祀,to worship | to serve
"Lí tio̍h-ài ho̍k-sāi chiàⁿ sîn, m̄-thang ho̍k-sāi siâ sîn.",,你應該要奉仕正神，不可奉仕邪神,"You should worship the true spirit, you should not worship false gods."
ho̍k-si̍p | un-si̍p,ho̍k-si̍p | un-si̍p,溫習,to review
"Kin-ná-ji̍t tha̍k chit khò, eng-àm tio̍h-ài ē-kì-tit ho̍k-si̍p.",,今天念的這一課，晚上記得要復習,"This lesson which we are studying today, you must remember to review tonight."
ho̍k-siû,ho̍k-siû,復讐,to revenge
ho̍k-chit,ho̍k-tsit,復職,resume office | reappointment
"I téng lé-pài sî-chit, chit lé-pài koh ho̍k-chit.",,他上星期辭職，這星期又復職,"He resigned from office last week, and this week he resumed office."
ho̍k-kū,ho̍k-kū,復舊,restore to the original state | restoration
"Hit keng chhù sio--khì, boeh ho̍k-kū bô hiah khoài.",,那間房子燒毀了，復舊不會那麽快,That house was burnt down; it won’t be so easy to restore it.
ho̍k-heng,ho̍k-hing,復興,to reconstruct | renaissance
Ji̍t-pún chiàn-āu ê ho̍k-heng (teh ho̍k-heng) chin kín.,,日本戰後復興很快,Reconstruction in Japan after the war was very rapid.
ho̍k-hoa̍t | ho̍k-oa̍h,ho̍k-hua̍t | ho̍k-ua̍h,復活,revival | come to life again
ho̍k-hoa̍t-chiat | ho̍k-oa̍h-chiat,ho̍k-hua̍t-tsiat | ho̍k-ua̍h-tsiat,復活節,Easter
ho̍k-cha̍p,ho̍k-tsa̍p,複雜,complexity | complicated
Chhiú-sio̍k chin ho̍k-cha̍p.,,手續很複雜,The procedure is very complicated. There is a lot of red tape to this.
ho̍k-mo̍h-iām,ho̍k-mo̍h-iām,腹膜炎,Peritonitis
ho̍k-chiông,ho̍k-tsiông,服從,to obey | obedience | to submit to
Lí tio̍h-ài ho̍k-chiông pē-bú.,,你要服從父母,You must obey your parents.
ho̍k-bū,ho̍k-bū,服務,to serve | in (public) service
Lí tī toh-ūi teh ho̍k-bū?,,你在何處服務？,Where are you serving?
ho̍k-bū sî-kan,ho̍k-bū sî-kan,服務時間,office (business) hours
Ho̍k-bū sî-kan sī chái-khí-sî peh tiám kàu ē-po͘-sî gō͘-tiám.,,服務時間從上午八時到下午五時,Office hours are from 8:00 A.M. to 5:00 P.M.
Ho̍k-bū sî-kan bē ēng tit cháu chhut-khì chhit-thô.,,在服務時間内不得跑出去玩,It is not permitted to go out for recreation during office hours.
hok-im,hok-im,福音,a Gospel
"Lí nā lâi thiaⁿ hok-im, chiū bē hoân-ló tang hoân-ló sai.",,你來聽福音，就不會有煩惱,"If you listen to the (reading of) the Gospel, you won’t worry about everything under the sun."
hōng-kàu,hōng-kàu,奉教,to believe in a religion
hōng-kàu-lâng,hōng-kàu-lâng,奉教人,Catholics | Christian
hóng-būn,hóng-būn,訪問,to visit
Lí tang-sî boeh hóng-būn kàu-iú?,,你何時要訪問教友？,When will you visit the Christians?
hong,hong,風,wind
hong chin thàu,hong tsin thàu,風很大,to wind is very strong
hong chin tiām,hong tsin tiām,風很靜,very little wind
hong-kó͘,hong-kóo,簸箕機,a winnowing machine
hòng-ká,hòng-ká,放假,vacation | free day
hong-sio̍k,hong-sio̍k,風俗,a custom
Tâi-oân ê hong-sio̍k ū kap Bí-kok kāng khoán--bô?,,台灣的風俗和美國相同嗎？,Are Taiwanese customs the same as American ones?
hông-khong piān,hông-khong piān,航空信,air mail
hong-bīn,hong-bīn,方面,direction | phase
hong-chhioh,hong-tshioh,方尺,square foot
hong-chhoe,hong-tshue,風箏,a kite
pàng hong-chhoe,pàng hong-tshue,放風箏,to fly a kite
hông-tè,hông-tè,皇帝,emperor
hong-phoe | bêng-sìn-phiàn,hong-phue | bîng-sìn-phiàn,封信,a sealed letter
"Hong-phoe ài tah sì kak, bêng-sìn-phiàn ài tah nn̄g kak ê iû-phiò.",,封信要貼四角，明信片要貼二角的郵票,"A sealed letter requires a 40¢ stamp, a postcard requires a 20¢ stamp."
hong-siaⁿ,hong-siann,風聞 | 謠言,a rumor
Góa ū thiaⁿ-kìⁿ hong-siaⁿ kóng lí boeh khì Bí-kok.,,我聽說你要去美國,I heard a rumor that you are going to America.
hong-thâu,hong-thâu,上風,the windward | the direction from which the wind comes
hong-bóe,hong-bué,下風,the lee | the direction towards which the wind blows.
"Lí nā boeh pàng-phùi tio̍h khì hong-bóe, m̄-thang tòa hong-thâu.",,你要放屁得跑到下風的地方，別在上風之地,"If you are going to pass wind, you should stand in the direction towards which the wind blows and not in the direction from which the wind blows."
hòng-tōa,hòng-tuā,放大,to enlarge (a photograph)
Chit tiuⁿ siòng boeh hòng-tōa chiah tōa tiuⁿ.,,這張相片要放這麽大,I want to enlarge this picture as big as this.
hông-hiō | hông-hō͘ | hông-tè-niû,hông-hiō | hông-hōo | hông-tè-niû,皇后,an empress | a queen
hong-thai,hong-thai,颱風,a typhoon | a gale | a hurricane | a storm
hong,hong,封,"to seal up (a letter, a parcel, a box)"
"Chit tiuⁿ phoe chin iàu-kín, tio̍h hong hō͘ hó.",,這封信很要緊，必須好好兒封起來,This is an important letter; seal it up well.
hông-khong-tōng,hông-khong-tōng,防空洞,a bomb shelter | an air raid shelter
hu-jîn,hu-jîn,夫人,lady | madam
chiúⁿ hu-jîn,tsiúnn hu-jîn,蔣夫人,Madame Chiang Kai Shek
hū-jîn-lâng,hū-jîn-lâng,婦人,a lady
hū-bió,hū-bió,父母,parents
hu-hū,hu-hū,夫婦,huaband and wife
hù,hù,赴 | 趕時,to attend
hù sî-kan,hù sî-kan,及時 | 趕時,to be on time
hù hōe,hù huē,赴會,to attend a meeting
"Lí nā boeh hù hōe, tio̍h-ài hù sî-kan chiah hó.",,你若要赴會，就要趕上時間才好,If you want to attend the meeting you should be on time.
hù,hù,副,Vice | second | assistant
hù chóng-thóng,hù tsóng-thóng,副總統,Vice-president
hù hōe-tiúⁿ,hù huē-tiúnn,副會長,Vice-president
hù-sû,hù-sû,副詞,an adverb
hù-sán-bu̍t,hù-sán-bu̍t,副產物,a by-product
hui-ki,hui-ki,飛機,aeroplane
hui-siông,hui-siông,非常,unusual
húi-pòng,huí-pòng,誹謗,to slander | to revile
M̄-thang lām-sám húi-pòng--lâng!,,不可隨便誹謗他人,Don’t revile people at the slightest provocation.
hui-khoài chhia,hui-khuài tshia,飛快車,the diesel train
hùi-khì,huì-khì,麻煩,troublesome
hûi,huî,陶器,China (ware) | crockery | pottery
Chit ê hoe-kan sī hûi--ê.,,這個花瓶是陶器,This vase is Chinaware (pottery or earthenware).
hùi-sîn,huì-sîn,麻煩,I am much obliged | to trouble one to do
Hùi-sîn lí chin kú.,,麻煩你很久,I have taken a lot of your time.
hui-hoat,hui-huat,非法,unlawful | unjust
Hui-hoat ê tāi-chì m̄ thang chò.,,不要做非法的事情,Don’t do things which are against the law.
hui-lé,hui-lé,非禮,impoliteness | rudness
Hui-lé ê ōe m̄ thang kóng.,,非禮勿言,Don’t use rude words.
hui-lí,hui-lí,非理,unreasonableness
Hui-lí ê tāi-chì m̄ thang chò (or kóng).,,非理勿爲（言）,Don’t do anything unreasonable.
hùi-pīⁿ | hì-pēⁿ,huì-pīnn | hì-pēnn,肺病,tuberculosis
hùi-iām | hì-iām,huì-iām | hì-iām,肺炎,pneumonia
kip-sèng ê hùi-iām,kip-sìng ê huì-iām,急性肺炎,acute pneumonia
hui-ki-tiûⁿ,hui-ki-tiûnn,飛機場,an airport | an airdrome
hun,hun,煙 | 烟,tobacco | cigarattes
chia̍h hun,tsia̍h hun,吸烟,to smoke
hun,hun,分,a minute
Saⁿ tiám jī cha̍p gō͘ hun.,,三點二十五分,Twenty five minutes past three.
hūn,hūn,,a small part | a fraction
Saⁿ hūn chi jī or saⁿ hūn jī.,,三分之二,2
Sì hūn chi saⁿ or sì hūn saⁿ.,,四分之三,3
Gō͘ hūn chi sì or gō͘ hūn sì.,,五分之四,4
La̍k hūn chi gō͘ or la̍k hūn gō͘.,,六分之五,5
Chhit hūn chi la̍k or chhit hūn la̍k,,七分之六,6
Peh hūn chi chhit or peh hūn chhit,,八分之七,7
Káu hūn chi peh or káu hūn peh,,九分之八,8
Cha̍p hūn chi káu or cha̍p hūn káu,,十分之九,9
hūn,hūn,股份,a share
Hit khám tiàm góa ū hūn.,,那個店有我的股份,I have a share in that shop.
Bān lâi bô lí ê hūn.,,遲到就沒有你的分,"You came too late, there’s none for you."
hûn,hûn,雲,coluds
hûn-hái,hûn-hái,雲海,a sea of clouds
hún,hún,粉,any kind of powder
mī-hún,mī-hún,麵粉,flour
hoat-hún,huat-hún,發粉 | 酵母,baking powder
thô͘-hún,thôo-hún,土粉 | 塵埃,dust
gû-leng-hún,gû-ling-hún,奶粉,milk powder
hún-pit,hún-pit,粉筆,chalk
hun,hun,分,to divide
"Chiah ê chîⁿ chiàu chit tiuⁿ toaⁿ siá--ê, kā góa hun-khui.",,這些錢照這張單寫的給我分開,Divide this money as written out on this list.
hun-chò,hun-tsò,分做 | 分成 | 分為,to divide into
Bí-kok hun-chò Pak-bí kap Lâm-bí.,,美國分爲北美和南美,America is divided into North and South America.
"Lán lâi hun-chò nn̄g pêng, lâi pâng-kiû ê pí-sài.",,我們分做兩邊來棒球比賽,Let’s divide up into two sides and have a baseball game.
hun,hun,分,a tenth of an inch
hun,hun,分,293.4 [pinn5]
hun-pia̍t,hun-pia̍t,分別 | 區別,to distinguish | difference
"Niau kap hó͘, lí ē-hiáu hun-pia̍t--bē?",,你會區別猫與虎嗎？,Can you tell the difference between a cat and a tiger?
hun,hun,煙,smoke
ē hun,ē hun,燻,smoky
chin hun,tsin hun,多煙,very smoky
"Hóe nā to̍h--khí-lâi, chiū khah bē hun.",,火着了就沒有烟,When the fire gets burning it’s not so smoky.
kúi hun,kuí hun,幾分 | 幾數,How many points or marks in an examination
hún-chiáu,hún-tsiáu,鴿 | 鳩,a pigeon
hun-chiong,hun-tsiong,勳章,honors | confered for loyal services
kat hun-chiong,kat hun-tsiong,配戴勳章,to be decorated
hùn-liān,hùn-liān,訓練,training | practice | to train
khì hùn-liān,khì hùn-liān,入伍受訓,to go into military training
"Lí nā bô cha̍p-hun ê hùn-liān, m̄-thang chhut-khì kap lâng pí-sài.",,你若無充分的訓練，不可出去與人比賽,"If you have not practiced very well, don’t go out and get into a contest with others."
hut-jiân | hut-jiân-kan,hut-jiân | hut-jiân-kan,忽然,suddenly
hut-jiân-kan tiām--khì,hut-jiân-kan tiām--khì,忽然間停了,to stop suddenly
hut-jiân-kan sí--khì,hut-jiân-kan sí--khì,忽然間死了,to die suddenly
hu̍t-kàu,hu̍t-kàu,佛教,Buddhism
i,i,他 | 她,he | she
í-á,í-á,椅子,a chair
i,i,醫 | 醫治,to cure
i-seng,i-sing,醫生 | 醫師,a doctor
ì-sù,ì-sù,意思,idea | meaning
Chit kù ū sím-mih ì-sù?,,這句有什麽意思？,What is the meaning of this word? (sentence or phrase)
í-āu,í-āu,以後,after
í-chêng,í-tsîng,以前,before
"Sîn-hū iáu-bōe chò Mî-sat í-chêng, lí tio̍h-ài chhu (pâi) chè-i.",,"Sîn-hū iáu-bōe chò Mî-sat í-chêng, lí tio̍h-ài chhu (pâi) chè-i.","You must set up the vestments before the priest celebrate Mass. (Here “í-chêng” indicates anytime before Mass, even the night before)."
Sîn-hū boeh chò Mî-sat í-chêng ū lâng-kheh lâi.,,Sîn-hū boeh chò Mî-sat í-chêng ū lâng-kheh lâi.,"Just before the priest was about to celebrate Mass, a visitor came. (Here “í-chêng” indicates just as the priest was on the point of beginning the Mass.)"
í-keng,í-king,已經,already
í-lâi,í-lâi,以來,since
í-gōa,í-guā,以外,except | outside of | besides
Chiah ê mi̍h í-gōa lí iáu ū ài bé sím-mih--bô?,,這些東西以外你還要買什麽東西嗎？,Is there anything else you want to buy besides these?
í-lāi,í-lāi,以內,within
(Tī) Saⁿ ji̍t í-lāi lóng ē chò hó.,,三天以内都會做完,It will all be finished within three days.
í-siōng,í-siōng,以上,more than | above
Nn̄g pah í-siōng ê lâng.,,兩百以上的人,Over two hundred people.
Jī cha̍p it hòe í-siōng ê lâng.,,二十一歲以上的人,Those over twenty one years of age.
í-hā,í-hā,以下,less than | below
Chi̍t chheng í-hā ê lâng.,,一千以下的人,Less than (under) a thousand people.
La̍k-cha̍p-hòe í-hā ê lâng.,,六十歲以下的人,Those under sixty years of age.
só͘-í,sóo-í,所以,therefore
a-î,a-î,姨媽,mother's sisters
î-tiūⁿ,î-tiūnn,姨丈,[a-i5]'s husband
ì-kiàn,ì-kiàn,意見,opinion
Lí ū sím-mih ì-kiàn?,,你有什麽意見？,What is your opinion?
í-toh,í-toh,桌椅,chairs and table | furniture
i-nāi,i-nāi,依賴 | 依靠,to depend in | to reply on
"Lí ka-tī ê tāi-chì tio̍h-ài ka-tī chò, m̄-thang boeh tiāⁿ-tiāⁿ i-nāi pa̍t-lâng kā lí chò.",,你自己的事要自己做，不要時時依賴他人替你做,"You should do your own affairs yourself, don’t always depend on other people to do them for you."
i-ho̍k,i-ho̍k,衣服,clothing | clothes
I koh chò nn̄g su chin hó ê i-ho̍k.,,他又做兩件很好的衣服,He had two more very good suits of clothes made.
ī-soàn,ī-suàn,豫算,"a budget | an estimate | to ask for a budget (Lit. previously, reckon)"
mê-nî ê ì-soàn,mê-nî ê ì-suàn,明年的豫算,a budget for next year
Góa ī-soàn jī cha̍p bān (kho͘) boeh khì chi̍t keng chhù.,,我用二十萬元的豫算想建築一間房子,"I asked for a budget of $200,000.00 to build a house."
ī-giân,ī-giân,豫言,prophecy | foretell | (Lit. beforehand talk)
ū-giân chiá | sian-ti,ū-giân tsiá | sian-ti,豫言者 | 先知,a prophet
Ī-giân-chiá ê ī-giân lóng ū si̍t-hiān.,,豫言者的豫言都有實現,All that the prophets foretold has been realized (fulfilled).
î-bîn,î-bîn,移民,an immigrant | an emigrant
î-tōng,î-tōng,移動,to move from place to place | movement
Chhù lāi ê mi̍h m̄ thang lām-sám î-tōng.,,家裏的東西不要隨便移動,Don’t move the things in the house all around.
Pò͘ Sîn-hū kū-nî î-tōng (tiau-tōng) khì Po͘-lí. (tiàu-tōng?),,佈神父去年調動到埔里,Father Buttino moved to Puli last year.
ì-gī,ì-gī,異議,to oppose | to object | objection
"Ū ì-gī ê lâng, chhiáⁿ lín hoat-piáu ì-kiàn.",,有異議的，請你們發表意見,"Those who have any objection, please state your opinions."
"I kóng ê ōe chin put-ha̍p-lí, só͘-í góa ū kā i ì-gī.",,他講的話很不合理，所以我向他提出異議,"His talk was very unreasonable, so I objected to him."
ì-gī,ì-gī,意義,meaning | signification
Góa boeh kā lín soeh-bêng Sèng-Bó-Kun kî ê ì-gī.,,我要向你們說明（解說）聖母軍旗的意義,I shall explain to you the significance of the Standard of the Legion of Mary.
ì-tiong | sim-lāi,ì-tiong | sim-lāi,意中,"one's thoughts (mind, opinion, intention)"
"I ì-tiong ài lí kā i pang-bâng, tān-sī m̄ káⁿ kóng.",,他心裡想要你帮忙，但是不敢講,He (she) has a girl (boy) in his (her) heart.
I ū chi̍t ê ì-tiong ê lâng.,,他有一個意中人,
ì-gōa,ì-guā,意外 | 意料之外,unexpected | accident
Che sī chin ì-gōa ê tāi-chì.,,這是意外的事情,This is very unexpected.
"Chhia tio̍h siá khah bān, chiah bē hoat-seng ì-gōa.",,車子要駕駛得慢一點，以免發生意外,"The car must be driven slowly, then we shall have no accident (no accident will happen)."
ìⁿ-á,ìnn-á,燕子,a swallow
chi̍t tùi ìⁿ-á,tsi̍t tuì ìnn-á,一對燕子,a pair of swallows
îⁿ soaⁿ-á,înn suann-á,圓山,name of a place | Yuan Shan
îⁿ,înn,圓,round
iaⁿ-á | âng-eⁿ-á,iann-á | âng-enn-á,嬰孩,an infant
īⁿ-toan,īnn-tuan,異端,superstition | heresy
iā,iā,也,also
iâ-so͘ | iâ-so͘ ki-lī-su-tok,iâ-soo | iâ-soo ki-lī-su-tok,耶穌 | 基利斯督,Jesus Christ
iā,iā,播 | 撒,to scatter
iā soa-á,iā sua-á,撒砂,to scatter sand
iā-chí,iā-tsí,播種,to scatter seed
iá-sim,iá-sim,野心,brutal | a brutal plot
So͘-liân ū thóng-it sè-kài ê iá-sim.,,蘇俄有統一世界的野心,The Soviets have a brutal plot for governing the world.
ià,ià,厭倦,to get tired of | be sated with
"Ta̍k tǹg chia̍h kāng-khoán ê chhài, chia̍h liáu ē ià.",,每頓吃同樣的菜，吃得很厭倦,"If we eat the same for every meal, we shall get sick and tired of it."
iá-siù,iá-siù,野獸,wild beasts (animals)
iá-seng,iá-sing,野生,wild | to grow wild
"Chiah ê chhiū-á sī iá-seng--ê, á-sī lâng chèng--ê?",,這些樹木是野生的還是人種的？,Are these trees wild or have they been planted by someone?
iá-bân,iá-bân,野蠻,barbarous | savage | uncivilized
Hit ê lâng chin iá-bân.,,那個人很野蠻,He is uncivilized.
iā-hêng-chhia | iā-khoài-chhia,iā-hîng-tshia | iā-khuài-tshia,夜快車,a night train
iā-ha̍k | iā-kan-pō͘,iā-ha̍k | iā-kan-pōo,夜間部,a night (an evening) school
iā-kéng,iā-kíng,夜景,a night-view
iáⁿ,iánn,影,shadow
tiān-iáⁿ,tiān-iánn,電影,movies
chi̍t chhut tiān-iáⁿ,tsi̍t tshut tiān-iánn,一部電影,a movie
ū iáⁿ,ū iánn,真的,true
bô-iáⁿ,bô-iánn,假的 | 沒有這回事,not true
iâⁿ,iânn,贏,to win | to be superior to
"Iâⁿ m̄-thang siuⁿ hoaⁿ-hí, su iā m̄-bián hoân-ló.",,贏了不可過於歡喜，輸了也不必煩惱,"When you win don’t be too happy; when you lose, you need not worry."
iah | ah,iah | ah,而,and | in a sarcastic sense
"Góa bô chîⁿ, iah lí iā bô chîⁿ, sī--bô?",,我沒有錢而你也沒有錢，是嗎？,"I have no money, and you have none either; right?"
iah-sih,iah-sih,椰子,a coconut
ia̍h,ia̍h,頁,a page
iâm,iâm,鹽,salt
iâm chúi,iâm tsuí,鹽水,salt water
iam,iam,閹 | 去⋯⋯的勢,to geld | to castrate
iam-ke,iam-ke,閹雞,a capon
iàm-sè,iàm-sè,厭世,pessimism (Lit. to loathe the world)
iām,iām,炎 | 然熾,"blazing (fire, sun) (inflammation)"
iām-ji̍t,iām-ji̍t,炎日,the blazing sun
iām-hóe | hóe chin iām,iām-hué | hué tsin iām,炎火 | 燃熾,a blazing fire
hoat-iām,huat-iām,發炎,become inflamed
náu-mo̍h-iām,náu-mo̍h-iām,腦膜炎,meningitits
iām-hok,iām-hok,艷福,one's fortune in love
iâm-sng,iâm-sng,鹽酸,hydrochloric acid
iàn-hōe,iàn-huē,宴會,a banquet
ián-káng | ián-soat,ián-káng | ián-suat,演講 | 演說,lecture | (N.V.) to give a speech
ián-chàu,ián-tsàu,演奏,a musical performance | to play music
ián-chàu-hōe,ián-tsàu-huē,演奏會,a concert (of instrumental music)
ian,ian,煙,smoke (a noun) (a verb)
ian-tâng,ian-tâng,煙囪,a chimney
ian-hóe,ian-hué,煙火,a firework
pàng ian-hóe,pàng ian-hué,放烟火,to set off fireworks
ian-chhiâng,ian-tshiâng,香腸 | 臘腸,Chinese sausage
ian-bah,ian-bah,煙肉,bacon
iân-pit,iân-pit,鉛筆,pencil
iân-sòaⁿ,iân-suànn,鉛線,wire
iân-tháng,iân-tháng,鉛桶,a bucket
iân-phiáⁿ,iân-phiánn,鉛板,zinc plate (Tin)
iân-kóng | iân-kńg,iân-kóng | iân-kńg,鉛管,a lead pipe
iân-to̍k,iân-to̍k,鉛毒,lead poison
iân-kî,iân-kî,延期,postponement | to postpone | to put off
Pit-gia̍p-sek boeh iân-kî chi̍t kó͘ goe̍h?,,畢業典禮要延期一個月,The graduation exercise will be postponed for a month.
iân-lō͘,iân-lōo,沿路,along the road | on the way
Tâi-tiong kàu Ko-hiông iân-lō͘ lóng ū chhân.,,台中到高雄沿路都有水田,There are rice fields all along the way from Taichung to Kaohsiung.
"Goán iân-lō͘ kiâⁿ, iân-lō͘ khòaⁿ hong-kéng.",,我們一邊走一邊看風景,"While we walked along, we looked at the scenery."
iân-hái,iân-hái,沿海,the coast
Tâi-oân ê iân-hái bô sím-mih chē hî.,,台灣沿海魚不多,There are not many fish along the coast of Formosa.
iân-kò͘,iân-kòo,緣故 | 親戚關係,connection | relation
Góa kap i bô sím-mih iân-kò͘.,,我和他沒有什麽親戚關係,I have no connections with him.
iāng | āiⁿ,iāng | āinn,背,to carry a person in one's back
"Lí nā bē kiâⁿ, góa kā lí iāng (āiⁿ).",,你若不能走，我背你,"If you can’t walk, I’ll carry you on my back."
iáu,iáu,還 | 仍,still
I iáu-teh khùn.,,他還在睡覺,He is still sleeping.
iàu-kín,iàu-kín,要緊 | 重要,severe | serious | important
bô iàu-kín,bô iàu-kín,不要緊,unimportant
iau,iau,餓 | 飢,to be hungry
"Chit ê gín-ná pak-tó͘ nā iau, chiū chin gâu chhá boeh chia̍h tang chia̍h sai.",,這個孩子肚子餓的時候，就會吵着吃這個吃那個,"If this child is hungry, he is really a nuisance, he wants to eat everything he sees. (Lit. want to eat East and West)."
iau-kúi,iau-kuí,大食 | 食饕,a glutton | gluttonous
"Lí chin iau-kúi, nā ū hó mi̍h, khah chē to chia̍h--lo̍h-khì.",,你這麽貪吃，若有好東西，再多也把它吃掉,"You are a hungry devil, no matter how much there is, you will still eat it up."
iau-sí,iau-sí,餓死,to starve to death
iáu-kú,iáu-kú,仍舊,still
iáu-bōe,iáu-buē,還沒,not yet
iau-koài,iau-kuài,妖怪 | 魔鬼,a ghost | a devil
iàu-kiû,iàu-kiû,要求,requirement | to claim | to demand
Chhù-chú iàu-kiû góa chit goe̍h-bóe ài poaⁿ--chhut-khì.,,房東要求我這月底要搬出去,The owner of the house is demanding that I move out at the end of this month.
sî-tāi ê iàu-kiû,sî-tāi ê iàu-kiû,時代的要求,the needs of the times
iàu-tiám,iàu-tiám,要點,the gist | the essential point
"Góa bô sî-kan, chhiáⁿ lí tùi iàu-tiám tāi-seng kóng.",,我沒時間，請你從要點先講,I have no time; please give me the gist of the matter.
iàu-sò͘,iàu-sòo,要素,an (essential) element | an important factor
isù-sài,isù-sài,要塞,a fortress
iàu-sài-tē | iàu-sài-tài,iàu-sài-tē | iàu-sài-tài,要塞地 | 要塞帶,the strategic (fortified) zone
iàu-léng,iàu-líng,要領,the point | the gist | the substance
Chit ê lâng iàu-léng chin hó.,,這個人很機敏,He is a shrewd fellow.
"(kóng-ōe, chò-tāi-chì) put tek iàu-léng",(kóng-uē | tsò-tāi-tsì) put tik iàu-líng,不得要領 | 講話、做事不得要領,(In speaking or doing things) not to come to the point
iau-su̍t,iau-su̍t,妖術,magic | witchery
im-ga̍k,im-ga̍k,音樂,music
Lí ài thiaⁿ Tâi-oân ê im-ga̍k--bô?,,你愛聽台灣的音樂嗎？,Do you like to listen to Taiwanese music?
im-ga̍k-hōe,im-ga̍k-huē,音樂會,a concert (vocal or instrumental)
im-chúi,im-tsuí,灌水 | 浸水,to flood | to flood the fields
im-le̍k | lông-le̍k | kū-le̍k,im-li̍k | lông-li̍k | kū-li̍k,陰曆 | 農曆,lunar calendar
im-tek,im-tik,陰德,a secret act of charity | unknown acts of charity
I it-seng chò chin chē im-tek.,,他一生做了很多陰德,All his life he has performed many unknown acts of charity.
im-thiⁿ | o͘-im-thiⁿ,im-thinn | oo-im-thinn,陰天,a cloudy day: dull weather
"Kin-ná ji̍t sui-jiân im-thiⁿ, góa siuⁿ bē lo̍h-hō͘.",,今天雖然是陰天，我想不會下雨,"Although the sky is cloudy today, I think it will not rain."
im-bô͘ | im-biô,im-bôo | im-biô,陰謀,a plot | intrigue
ìn,ìn,應答 | 回答,to answer
Lí tio̍h-ài ìn khah tōa siaⁿ--lè!,,你得大點聲囘答,You should answer more loudly!
in-ūi,in-uī,因為,because
in-iân,in-iân,關係 | 交誼,affinity | connection | relation
Góa kap i bô sím-mih in-iân.,,我和他沒有什麽關係,I haven’t much connection with him.
ìn-chih,ìn-tsih,英寸 | 英吋,an inch (foreign)
ìn-tō͘,ìn-tōo,印度,India
ìn-á,ìn-á,印章,a stamp (chop)
tǹg ìn-á,tǹg ìn-á,蓋印,to stamp with a chop or seal
ìn-hoe,ìn-hue,印花,a stamp (of stamp duty)
ìn | ìn-soat,ìn | ìn-suat,印刷 | 印,to print
ìn-soat-ki,ìn-suat-ki,印刷機,a printing press
ìn-sek,ìn-sik,印色,an ink pad | stamp cream (usually a red paste)
ìn-siōng,ìn-siōng,印象,an impression
Thâu chi̍t pái ê ìn-siōng bô sím-mih hó.,,第一印象不大好,My first impression was not very good.
ín-chhōa,ín-tshuā,引導,to lead
Lí m̄ thang ín-chhōa lâng chò pháiⁿ tāi-chì.,,你不可引導他人做壞事,Don’t lead people into evil.
ín-hóe,ín-hué,引火,to catch fire | to ignite
"Khì-iû chin khoài ín-hóe, khah sè-jī--lè!",,汽油很容易引火，小心一點吧！,"Gasoline ignites very easily, be careful!"
ín-le̍k,ín-li̍k,引力,gravitation
ín-thè,ín-thè,引退 | 退休,retirement | to resign
Hit ê soán-chhiú seng-bêng boeh ín-thè.,,那個選手聲明要退休,That champion announced that he wishes to resign.
ín-iōng,ín-iōng,引用,quotation | to quote
Sîn-hū chin gâu ín-iōng Tâi-oân ê sio̍k-gí lâi soat-bêng tō-lí.,,神父很會引用台灣的俗語來說明道理,Father is very good at quoting Taiwanese proverbs to explain the doctrine.
iô,iô,搖,to shake
"Góa teh siá jī, toh-á m̄-thang kā góa iô.",,我在寫字，你不要搖動桌子,"I am writing, don’t shake the table."
iô-cheng,iô-tsing,搖鐘,to ring a hand bell
iô-nâ,iô-nâ,搖籃,a cradle
io,io,撫愛,to caress | fondle (a little child)
I chin gâu io gín-ná.,,她善於撫愛小孩,He likes to fondle children.
ió | iúⁿ,ió | iúnn,用杓子汲取,to ladle
io-chiah-kut,io-tsiah-kut,脊椎骨,the loin
io-chiah kut chin sng,io-tsiah kut tsin sng,脊椎骨很痠,The loin is very sore
ioh,ioh,猜,to guess
hō͘ lí ioh,hōo lí ioh,給你猜,you guess
"Góa kúi hòe, hō͘ lí ioh khòaⁿ ē tio̍h--bē?",,你猜得着我幾歲不？,I’ll let you try to guess how old I am.
io̍h-á,io̍h-á,藥,medicine
chi̍t koàn io̍h-á,tsi̍t kuàn io̍h-á,一瓶藥,a bottle of medicine
io̍h-chúi,io̍h-tsuí,藥水,liquid medicine
io̍h-hún,io̍h-hún,藥粉,powder medicine
io̍h-oân,io̍h-uân,藥丸,pills
io̍h-ko,io̍h-ko,藥膏,a plaster | salve
io̍h-tiàm | io̍h-á-tiàm,io̍h-tiàm | io̍h-á-tiàm,藥店,a drug store
io̍h-chè-su,io̍h-tsè-su,藥劑師,pharmacist | a druggist
iok-sok,iok-sok,約定 | 約束,to promise | a promise
Lí kap góa iok-sok ê tāi-chì lóng bô chò!,,你和我約定的事情你都沒有做,You did not do at all what you promised me to do.
iōng | ēng,iōng | īng,用,to use | to spend
Boeh khì tāi-ha̍k tha̍k chheh tio̍h ēng chin chē chîⁿ.,,要到大學念書需用很多錢,"If one wishes to go to a university to study, he must spend very much money."
eng to-á chhiat,ing to-á tshiat,用刀切,to slice with a knife.
ēng iân-pit siá,īng iân-pit siá,用鉛筆寫,to write with a pencil.
iōng tê-kho͘ sé,iōng tê-khoo sé,用香皂洗,to wash with soap.
ēng tâi-oân-ōe soat-bêng,īng tâi-uân-uē suat-bîng,用台灣話說明,to explain in Taiwanese
ēng chhâ chò,īng tshâ tsò,用木頭做,to make something with wood.
ēng chóa pau--khí-lâi,īng tsuá pau--khí-lâi,用紙包起來,to wrap it up with or in paper
ēng soh-á pa̍k--khí-lâi,īng soh-á pa̍k--khí-lâi,用繩子縛起來,to tie something up with string (cord)
ēng pò͘ khàm--khí-lâi,īng pòo khàm--khí-lâi,用布蓋起來,to cover with cloth
ēng toh-pò͘ chhit hō͘ ta,īng toh-pòo tshit hōo ta,用桌布擦乾,to wipe dry with a rag.
ióng,ióng,強健,strong
ióng-kám,ióng-kám,勇敢,brave
ióng-khì,ióng-khì,勇氣,courage
iông-le̍k,iông-li̍k,陽曆,solar calendar
ióng-lí,ióng-lí,養女,an adopted daughter
iōng-kong,iōng-kong,用功,to work hard | diligent
"Lí tio̍h-ài khah iōng-kong--lè, chiah khó ē tiâu.",,你要更加用功，才能考中,"You must work harder, then you will pass the exams."
ióng-io̍k,ióng-io̍k,養育,to raise | to bring up | bringing up | to foster
Ióng-io̍k la̍k chhit ê kiáⁿ m̄ sī iông-ī ê tāi-chì.,,養育六七個孩子不是容易的事情,To raise six or seven youngsters is not an easy thing.
ióng-io̍k-hùi,ióng-io̍k-huì,養育費,the expenses for bringing up a child
ióng-io̍k-īⁿ,ióng-io̍k-īnn,養育院,an asylum
ióng-nó͘-īⁿ,ióng-nóo-īnn,養老院,an asylum for the aged
ióng-chú,ióng-tsú,養子,an adopted sun
iōng-hoat,iōng-huat,用法,directions for use | use | way to use
Chit khoán ê hip-siòng-ki ê ēng-hoat góa m̄ chai-iáⁿ.,,這種照相機的用法我不知道,I don’t know how to use this kind of camera.
iōng-tô͘ | ēng-lō͘ | lō͘-ēng,iōng-tôo | īng-lōo | lōo-īng,用途,use | usefulness
Goân-chú-lêng ê iōng-tô͘ (or ēng-lō͘) chin khoah (or chē).,,原子能的用途很廣（多）,There are a great many uses for atomic energy.
iông-īⁿ | iông-ī,iông-īnn | iông-ī,容易,easy | simple
Chit hāng tāi-chì chin iông-ī. (īⁿ),,這件事情很容易,This thing is very easy.
it-tēng,it-tīng,一定,certainly
it-seng,it-sing,一生,all one's life
I it-seng ūi kok-ka chò chin chē tāi-chì.,,他一生爲國家做很多事情,All his life he did many deeds for his country.
it-tit,it-tit,一直,straight ahead
"I it-ti̍t chò, chò bô hioh-khùn.",,他一直做，而不休息,He works right ahead without stopping.
it-téng,it-tíng,第一等 | 最好,the first-class | the best
it-poaⁿ,it-puann,一般,in general | most
it-poaⁿ ê lâng,it-puann ê lâng,一般人,most people
it-poaⁿ ê bîn-chiòng,it-puann ê bîn-tsiòng,一般民眾,the general public
it-chhè,it-tshè,一切,all | every | without exception
it-chhè ê lâng,it-tshè ê lâng,一切的人,the whole human race | all people
it-bo̍k liáu-jiân,it-bo̍k liáu-jiân,一目瞭然,to get a general idea at a glance | to see all at a glance
"Lí nā khòaⁿ chit pún, chiū it-bo̍k liáu-jiân.",,你若看這本書，就會一目瞭然,"If you read this book, you will get a general idea all in one glance."
it-jīm,it-jīm,一任 | 委任,to leave (a matter) entirely to one
"Chit hāng tāi-chì, lóng it-jīm lu̍t-su teh pān-lí.",,這件事情一任律師辦理着,I left this matter entirely up to the lawyer to take care of.
it-liû,it-liû,第一流,the first rank (rate)
Chit keng sī it-liû ê lí-koán.,,這家是第一流的旅館,This is a first-rate hotel.
it-tek it sit,it-tik it sit,一得一失,"to gain one thing and lose another (Lit. get one, lose one)"
Án-ni chò sī it-tek it-sit.,,這樣做是一得一失,If this is done we gain one point and lose another.
iù,iù,細密的 | 幼嫩的,fine
iû,iû,油,oil | grease | fat
Lí boeh boah iû--bô?,,你要擦油嗎？,Do you want any grease on your hair?
gû-iû,gû-iû,牛油,butter
ti-iû,ti-iû,豬油,lard
ê-iû,ê-iû,鞋油,shoe polish
tāu-iû,tāu-iû,醬油,soya bean sauce
sèng-iû,sìng-iû,聖油,Holy Oil
khì-iû,khì-iû,汽油,gasoline
chi̍t ka-lûn khì-iû,tsi̍t ka-lûn khì-iû,一加侖汽油,a gallon of gasoline
chi̍t kong-chin khì-iû,tsi̍t kong-tsin khì-iû,一公升汽油,a liter (about a quart) of gasoline
hoan-ná-iû,huan-ná-iû,煤油,kerosene
thô͘-tāu iû,thôo-tāu iû,花生油,peanut oil
iû-chia̍h-kóe,iû-tsia̍h-kué,油條,Fritters of twisted dough | long and very crisp | a necktie (slang).
iû-lāu-á,iû-lāu-á,油漏斗,a funnel
o͘-iû,oo-iû,機器油,mobile oil
iū-á,iū-á,柚子,a pomelo
iû-piān-kio̍k,iû-piān-kio̍k,郵便局,post office
iû-chèng-kio̍k,iû-tsìng-kio̍k,郵政局,post office
iû-phiò,iû-phiò,郵票,a stamp
iù-tī-oân | iù-tī-hn̂g,iù-tī-uân | iù-tī-hn̂g,幼稚園,kindergarten
iū-koh,iū-koh,又,furthermore
iú-kám,iú-kám,誘惑,to tempt | temptation
iû-éng,iû-íng,游泳,swimming
iû-éng-tî,iû-íng-tî,游泳池,swimming pool
iû-chhat,iû-tshat,油漆,paint | varnish
iú-bōng | ū-bāng,iú-bōng | ū-bāng,有希望,promising | hopeful
Chit hāng sū-gia̍p chin iú-bōng.,,這個事業很有希望,This enterprise is very promising.
iú-lī,iú-lī,有利,profitable | advantageous
"Ēng chiah ê chîⁿ bé mi̍h khí-lâi khǹg khah iú-lī, á-sī chioh lâng khah iú-lī?",,用這些錢買東西存起來或者放利息那一個較有利？,"Would it be more profitable to use this money to buy things and store them up, or to lend it out to people?"
iú-sán kai-kip,iú-sán kai-kip,有產階級,the propertied (bourgeois) class | a person owning private property
Iú-sán kai-kip m̄ thang kheng-sī sàn-lâng.,,有產階級不要輕視窮人,The bourgeois should not despise the poor.
iú-chì | iú-chì-chiá,iú-tsì | iú-tsì-tsiá,有志 | 有者,a supporter | a person interested | a person in favor of an action
Iú-chì ê lâng chhiáⁿ lín giâ-chhiú.,,有志者請擧手,Those in favour please raise your hands.
Chit keng sèng-tn̂g sī cha̍p ê iú-chì-chiá hōng-hiàn--ê.,,這間聖堂是十個有志者奉献的,The funds for the erection of this church were contributed by ten benefactors.
iú-sek-chiá,iú-sik-tsiá,知識份子 | 有識者,an intelligent person
"Lí sī iú-sek-chiá, m̄ thang kóng hit khoán ê ōe.",,你是知識份子，不要說出那種話,"You are an intelligent person, don’t talk that way."
iú-chêng | iú-ài,iú-tsîng | iú-ài,友情 | 友愛,friendship | kindness
Lí ê iú-chêng góa éng-oán ē kì--tit.,,你的友情我將永遠記得,I’ll remember your kindness forever.
iu-chhiû,iu-tshiû,憂愁,anxiety | deep grief | sorrow | sad
"I sim-lāi ū iu-chhiû ê khoán, put-sî teh thó͘ tōa-khùi.",,他時時在長吁短嘆，大概是心裏有什麽憂愁,"His mind is burdened with grief, he constantly heaves a great sigh."
iû-bo̍k,iû-bo̍k,游牧,nomadic | no fixed location | to wander from place to place | to rove
iû-bo̍k ê sî-tāi,iû-bo̍k ê sî-tāi,游牧時代,the nomadic age
iû-bo̍k ê seng-oa̍h,iû-bo̍k ê sing-ua̍h,游牧生活,a nomadic life
iû-ke̍k-chiàn,iû-ki̍k-tsiàn,游擊戰,guerilla (partisan) warfare
iû-lám-chhia,iû-lám-tshia,遊覽車,a sightseeing car
iu-siù,iu-siù,優秀,excellent | superfine
Chit ê gín-ná chin iu-siù. (or chit hāng mi̍h),,這個孩子很優秀（這件東西）,This child is really the tops.
iu-gū,iu-gū,優遇,warm treatment | to treat (be treated) warmly
Chit-oân tio̍h iu-gū chiah ê phah piàⁿ.,,職員必須優遇才能使他們勤奮,Employees must be treated warmly before they will do their best.
iú-koái,iú-kuái,誘拐,abduction | to kidnap | to allure into evil
Lí m̄-thang iú-koái lâng chò-pháiⁿ.,,你別誘拐人爲非做歹,Don’t allure others into doing wrong.
iûⁿ-á,iûnn-á,羊,a goat | sheep
iûⁿ,iûnn,溶 | 鎔,melt | dissolve | solve
"Chit tè peng tio̍h-ài kín chia̍h, nā bô ē iûⁿ--khì.",,這塊冰要趕快吃，不然會溶化,"This piece of ice must be eaten quickly, otherwise it will melt away."
iúⁿ,iúnn,用杓子汲取,to ladle
"Piān-só͘ pûi chin tīⁿ, tio̍h-ài kiò lâng lâi iúⁿ.",,厠所的糞很滿，須叫人來汲取,"The toilet is all full of dung, you must call some one to ladle it out."
iûⁿ-mô͘ | iûⁿ-mn̂g,iûnn-môo | iûnn-mn̂g,羊毛,wool
iúⁿ-chhī,iúnn-tshī,養育,to raise | rear | breed
"Góa iúⁿ-chhī lí chiah tōa-hàn, í-āu ōaⁿ lí tio̍h-ài iúⁿ-chhī--góa.",,我養育你這麽大了，以後你該扶養我,"I reared you to be such a big fellow, afterwards it will be your turn to take care of me."
iûⁿ-phín | iûⁿ-hòe,iûnn-phín | iûnn-huè,洋品 | 洋貨,foreign (imported) goods
iûⁿ-phín-tiàm,iûnn-phín-tiàm,洋貨店,a foreign goods shop (store)
iûⁿ-chiú,iûnn-tsiú,洋酒,foreign wine
ji,ji,,
jí,jí,條 | 隻 | 香蕉,cl. for bananas
jī-tián,jī-tián,字典 | 辭典,a dictionary
jî-tông,jî-tông,兒童,children
jiân-āu,jiân-āu,然後,after that
jia̍t-sim,jia̍t-sim,熱心,fervent
jia̍t,jia̍t,熱,fever
hoat-jia̍t | hoat-sio,huat-jia̍t | huat-sio,發熱 | 發燒,to have an attack of fever
lāu-jia̍t,lāu-jia̍t,熱鬧,a big celebration
jia̍t-tài,jia̍t-tài,熱帶,the tropics
jiâu,jiâu,皺,be crumpled | become wrinkled
"Góa ê saⁿ jiâu--khì--à (or chin jiâu), lí kā góa ut, hó--bô?",,我的衣服皺了，你給我燙好嗎？,"My clothes are wrinkled, would you iron them for me?"
jiàu,jiàu,以爪騷爬,to scratch
Cha-bó͘-lâng sio-phah ēng chhiú jiàu.,,女人打架用爪搔爬,When girls fight they scratch with their hands.
"Chiūⁿ ê só͘-chāi m̄ pê, bô chiūⁿ (or thiàⁿ) ê só͘-chāi jiàu kah lâu-huih. (a proverb)",,癢的地方不搔爬，不癢（痛）的地方搔到流血,"You neglect your duty, and do with all your strength things that are not your duty. (Lit. You don’t scratch a place that itches, but a place that does not itch; you scratch until it bleeds.)"
ji̍h,ji̍h,壓,to push down with fingers or hands
"Nā khǹg bē lo̍h, ēng nn̄g chhiú kā ji̍h--lo̍h-khì.",,如果放不下用雙手把它壓下去,"If it won’t go down, force it down with your two hands."
ji̍h hong-khîm,ji̍h hong-khîm,彈風琴 | 奏風琴,to play an organ
ji̍h tiān-lêng,ji̍h tiān-lîng,按電鈴,to press a door bell
jīm-sek,jīm-sik,認識,to recognize
jīm-sek put-chiok,jīm-sik put-tsiok,認識不足,to recognize insufficiently
jīm-khó͘,jīm-khóo,認可,authorization | to give sanction
"Sin khí ê ha̍k-hāu, kàu-io̍k-thiaⁿ nā jīm-khó͘ chiū boeh khui-o̍h.",,新辦的學校一經教育廳認可就要開學,The newly built school will open after the Board of Education has given its authorization.
jīm-tēng,jīm-tīng,認定,conclude | recognize | conclusion
Góa jīm-tēng che sī ké--ê.,,我認定這是假的,I conclude that this is false.
jīm-kî,jīm-kî,任期,a term of office
jīm-bēng,jīm-bīng,任命,appoint | appointment
Jīm-bēng i chò kàu-oân.,,任命他做教員,He has been appointed a teacher.
jīm-bū,jīm-bū,任務,official | duties | a mission | office
Sîn-hū ê jīm-bū sī thoân-kàu.,,神父的任務是傳教,To evangelize is the official duty of a priest.
jîm,jîm,摑 | 拿,to take something out of a pocket | bag | a pot or a hole without seeing it.
I tùi tē-á jîm chi̍t kóa thn̂g-á chhut--lâi.,,他從衣袋裏拿出一些糖果,He reached into the bag and took out some candy.
jîm bô chîⁿ,jîm bô tsînn,沒有錢可以拿出來,to feel in the pocket and find one has no money.
jím-nāi,jím-nāi,忍耐,patient | patience
jîn-bōng,jîn-bōng,人望,popularity
Chím-má ê chóng-thóng chin ū jîn-bōng.,,現在的總統很孚衆望,The present president is very popular.
jîn-khì,jîn-khì,衆望 | 人緣,popular
ū jîn-khì,ū jîn-khì,孚衆望的,popular
bô jîn-khì,bô jîn-khì,沒有衆望的,unpopular
jîn-lūi,jîn-luī,人類,human
jîn-tō,jîn-tō,人道,humanity | morality | ethics
bô jîn-tō,bô jîn-tō,非人道,to be inhuman | unethical
"I chin bô jîn-tō, thâi-lâng, pàng-hóe téng-téng bô chi̍t hāng m̄ káⁿ chò.",,他毫無人道，殺人，放火等等沒有一樣不敢做,"He has no morals, he kills people, set buildings on fire and what not, there is not anything he does not dare to do."
jîn-tō chú-gī,jîn-tō tsú-gī,人道主義,humanism
jîn-keh,jîn-keh,人格,character | personality | individuality
I chin ū jîn-keh. (I sī jîn-keh-chiá).,,他很有人格，他是有人格的人,He has a lot of character.
jîn-keh-chiá,jîn-keh-tsiá,有人格的人,a man of character
jîn-bîn | peh-sìⁿ,jîn-bîn | peh-sìnn,人民 | 老百姓,the people | citizens
Ū jîn-bîn chiah ū kok-ka.,,有人民才有國家,There must be citizens before there is a nation.
jîn-chéng,jîn-tsíng,人種,a race (of men)
Sè-kài ū chin chē (khoán ê) jîn-chéng.,,世界上有很多人種,There are many different races in the world.
jîn-chéng ê phian-kiàn,jîn-tsíng ê phian-kiàn,人種的偏見,racial prejudice
"Jîn-chéng ê phian-kiàn nā bô hòe-tî, sè-kài it-tēng bē hô-pêng.",,人種的偏見如不廢除世界一定不會和平,"If racial prejudice is not abolished, the world will not be at peace."
jîn-seng,jîn-sing,人生,"(human) life | as ""life is short | art is long"""
jîn-seng ê bo̍k-te̍k sī sím-mih?,,人生的目的是什麽？,What is the purpose of the life of man? (human life)
jîn-seng-koan,jîn-sing-kuan,人生觀,a view of life
jîn-chō,jîn-tsō,人造,artifical
jîn-chō gû-iû,jîn-tsō gû-iû,人造奶油,margarine | artifical butter
jîn le̍k-chhia,jîn li̍k-tshia,人力車,a rickshaw
jīn-chin,jīn-tsin,認真,earnest | sincere | conscientious | diligent in doing one's duty
Chin jīn-chin o̍h Tâi-oân-ōe.,,很認真學台灣話,To study Taiwanese very conscientiously.
jīn,jīn,認,to recognize
Jīn bat Thian-chú,Jīn bat Thian-tsú,認識天主,To recognize Dod.
ē jīn-tit,ē jīn-tit,認得,can recognize
jīn-chhò,jīn-tshò,認錯,to recognize one's fault | to apologize
hió-jīn,hió-jīn,否認,to deny
I hió-jīn (jīm) i ê chōe.,,他否認他的罪,He denied his crime.
jîn-kháu,jîn-kháu,人口,population
jiō,jiō,尿,urine
jiō-tháng,jiō-tháng,尿桶,urine bucket (pot)
pàng-jiō,pàng-jiō,放尿,urinate
jio̍k,jio̍k,弱,weak
jio̍k-tiám,jio̍k-tiám,弱點,a weak point
Lán lâng siông-siông bē tàng hoat-kiàn ka-tī ê jio̍k-tiám.,,我們往往不能發見自己的弱點,We usually cannot discover our own weaknesses.
jiok,jiok,追,to run after | pursue
cháu-sio-jiok,tsáu-sio-jiok,追來追去,a children's game
Tī biō-chêng ū chin chē gín-ná teh cháu-sio-jiok.,,在廟前有很多小孩子在追來追去,There are a lot of kids playing “Den” in front of the temple.
jiok--khì,jiok--khì,追上去,to run after | to chase | to pursue
"I iáu khì bô lōa hn̄g, lí jiok-khì kiò i tńg--lâi.",,他還沒有去多遠，你追上去呌他囘來,"He has not yet gone very far, run after him and call him back."
jio̍k-kùi,jio̍k-kuì,肉桂,cinnamon
jio̍k-sin,jio̍k-sin,肉身,the body
jip--lâi,jip--lâi,進來,to come in
ji̍p--khì,ji̍p--khì,進去,to go in
ji̍p-ha̍k khó-chhì,ji̍p-ha̍k khó-tshì,升學考試,an entrance exam
ji̍p-ha̍k-chhì-giām,ji̍p-ha̍k-tshì-giām,入學考試,an entrance exam
ji̍t,ji̍t,日,day | sun
ji̍t-sî,ji̍t-sî,日間,during the day
ji̍t-thâu,ji̍t-thâu,太陽,the sun
ji̍t-goa̍t-thâm,ji̍t-gua̍t-thâm,日月潭,Sun Moon Lake
ji̍t-chí,ji̍t-tsí,日期,a fixed date
ji̍t-pún,ji̍t-pún,日本,Japan
ji̍t-pún-ōe,ji̍t-pún-uē,日本話,Japanese
ji̍t-pún chè,ji̍t-pún tsè,日本製,made in Japan
ji̍t-khan,ji̍t-khan,日刊,daily publication
ji̍t khan sin-bûn,ji̍t khan sin-bûn,日刊報,a daily newspaper
ji̍t-kì | ji̍t-kì-phō͘,ji̍t-kì | ji̍t-kì-phōo,日記 | 日簿,a diary
Lí ū ta̍k-ji̍t siá ji̍t-kì--bô?,,你有沒有天天寫日記？,Do you write your diary every day?
ji̍t-kong,ji̍t-kong,日光,sunlight | sunbeams
ji̍t-kip,ji̍t-kip,日給,daily wages
ji̍t-ji̍t,ji̍t-ji̍t,天天 | 每天,every day | day by day | daily
ji̍t-ji̍t ê khang-khòe,ji̍t-ji̍t ê khang-khuè,天天的工作,daily work
ji̍t-ji̍t tōa châng,ji̍t-ji̍t tuā tsâng,天天長大 | 天天植物,grows day by day (a plant)
ji̍t-chhut,ji̍t-tshut,日出,sunrise
ji̍t-lo̍h,ji̍t-lo̍h,日落,sunset
"I ji̍t-chhut chiū chhut-mn̂g, ji̍t-lo̍h chiah ji̍p-mn̂g.",,他日出而出門，日落才入門,He goes out at sunrise and returns at sunset.
joa̍h,jua̍h,熱,hot
joa̍h--tio̍h,jua̍h--tio̍h,中暑,to get a cold in summer
joa̍h-thiⁿ,jua̍h-thinn,夏天,Summer
sio-joa̍h,sio-jua̍h,溫暖,warm
jú....jú | lú...lú...,jú....jú | lú...lú...,越⋯⋯越⋯⋯,the more...the more...
Lí hit niá saⁿ jú (lú) khòaⁿ jú (lú) súi!,,你那件衣服越看越漂亮,The more one looks at your shirt the more beautiful it is.
jû-kàu,jû-kàu,儒教 | 孔子教,Confucianism
kā,kā,給,for | to
kà,kà,教,to teach
Góa tī kok-bîn ha̍k-hāu teh kà (-chheh).,,我在國民學校教書,I am teaching in an elementary school.
ka-chài | kai-chài,ka-tsài | kai-tsài,幸虧 | 該哉,fortunate
kā,kā,咬,to bite
ka-têng | ke-têng,ka-tîng | ke-tîng,家庭,family
ka-cho̍k,ka-tso̍k,家屬,family
kà-sī,kà-sī,教訓 | 教導,to instruct
"Lí chin gâu kà-sī gín-ná, ta̍k ê lóng chin ū kui-kí.",,你很會教訓孩子，每個都很守規矩,"You can really train youngsters, they are all very well disciplned."
ka-choa̍h,ka-tsua̍h,油虫,a cockroach
ka-lûn,ka-lûn,加崙,a gallon
chi̍t ka-lûn khì-iû,tsi̍t ka-lûn khì-iû,一加崙汽油,a gallon of gasoline
ka-tī | ka-kī,ka-tī | ka-kī,自己,self
ka-tī chi̍t ê,ka-tī tsi̍t ê,自己一個,alone
ká-chhek-á,ká-tshik-á,脫榖,to thrash rice
ká-chhek-á ke-khì,ká-tshik-á ke-khì,脫穀機,thrashing machine
ka-la̍uh | lak,ka-la̍uh | lak,掉下 | 落下,to fell (thing) | to lose
Thiⁿ bô ka-la̍uh goe̍h. (a proverb),,天上的月亮不會掉下來,"Heaven does not drop down the moon. (Good things are hard to obtain, you must work for them.)"
ka-to,ka-to,剪刀,a pair of scissors
ka,ka,剪,to cut with scissors
"Góa ē-hiáu chò saⁿ, bē-hiáu ka saⁿ.",,我會做衣服，不會剪衣服,"I know how to make clothes, I don’t know how to cut them out."
ka-lí-hún,ka-lí-hún,加里粉,curry powder
ka-lí-pn̄g,ka-lí-pn̄g,加里飯,curru and rice
ka-lí ke,ka-lí ke,加里鷄,curry and chicken
ka-khū | ka-kū,ka-khū | ka-kū,家具,furniture
ka-pó,ka-pó,家寶,an heirloom | an ancestral | treasure
ka-tiúⁿ,ka-tiúnn,家長,the head of a family
ka-sū,ka-sū,家事,household matters | family affairs
ka-hū,ka-hū,家父,my father (humble expression)
ka-bió,ka-bió,家母,my mother (humble expression)
ka-kang,ka-kang,加工,manufacturing | specification | to work on
Chhek tio̍h ka-kang chiah ē pìⁿ chò pe̍h-bí.,,稻榖必須加工才能變成白米,Rice in the hull needs to be worked on before it becomes polished rice.
ka-ji̍p,ka-ji̍p,加入,subscription | to join
M̄ sī só͘ ū ê kàu-iú lóng ē tàng ka-ji̍p Sèng-Bó-Kun.,,不是每一個教友都可以加入聖母軍,It isn’t every Catholic that can enter the Legion of Mary.
ká-tēng,ká-tīng,假定,suppose | presume
Ká-tēng Bí-kok nā kap So͘-liân sio-thâi……,,假定美國和蘇聯打仗⋯⋯,Suppose America should go to war with Russia……
káⁿ,kánn,敢,dare to
m̄-káⁿ,m̄-kánn,不敢,dare not
kaⁿ-ga̍k | kaⁿ-ge̍k,kann-ga̍k | kann-gi̍k,監獄,a prison
kah-sī,kah-sī,既然,since
"I kah-sī chin sàn, i it-tēng bē-tàng hō͘ (sàng) i ê kiáⁿ khì tiong-o̍h tha̍k chheh.",,他既然很窮，他一定不能讓他的兒子上中學唸書,"Since he is very poor, he cannot send his son to middle school to study."
Chū téng lé-pài í-lâi ta̍k-ji̍t lo̍h tōa hō͘.,,從上個禮拜以來，天天下大雨,Since last week it has rained very heavily every day.
kah,kah,甲,2934 [penn5]
chńg kah,tsńg kah,指甲,finger nails
kah,kah,到,up to | until
Lóng bē hiáu chò kah pòaⁿ hāng.,,,Can’t do anything at all.
chhiò kah teh boeh sí,tshiò kah teh bueh sí,,to laugh to death
KAH,KAH,,
Hiâⁿ kah chin kún.,,燒得很開,Heated until boiling very actively.
"Góa iau kah boeh sí--khì, lí ū sím-mih thang chia̍h--bô?",,我餓得要命，你有什麽東西可以吃嗎？,"I am starving to death, what have you got to eat?"
Chhit kah lóng bô ta.,,擦得一點也不乾,Not wiped dry at all.
Tha̍k kah chin se̍k.,,讀得很熟,Well memorized.
Tèng kah lóng bô tiâu.,,釘得一點也不牢,Not at all nailed securely.
Siu-lí kah chin hó.,,修理得很好,Very well repaired. Swept very clean.
Sàu kah chin chheng-khì.,,掃得很乾浄,Tied very loosely.
Pa̍k kah chin lēng.,,綁得很鬆,All eaten up.
Chia̍h kah liáu-liáu.,,吃得很乾凈,Not washed clean at all.
Sé kah lóng bô chheng-khì.,,洗得一點也不乾凈,
kah phōe,kah phuē,蓋被,to cover with a quilt
kài-bēng,kài-bīng,誡命,Commandment
kái-chiat ki-hô,kái-tsiat ki-hô,解析幾何,analytical geometry
kái-koat,kái-kuat,解決,settle | solve
"In ū chi̍t hāng tāi-chì teh bē-tàng kái-koat, boeh chhiáⁿ Sîn-hū khì.",,他們有一件事情不能解决，要請神父去,"They have a problem, which they are not able to solve, they want to ask you to go, Father."
kái-piàn,kái-piàn,改變,to change | alter
Lâng ê sèng-chit chin oh kái-piàn.,,人的性質很難改變,It is very difficult to alter people’s dispositions.
kái | ké,kái | ké,,to correct | to reform
"Nā ū m̄-tio̍h ê só͘-chāi, chhiáⁿ lí kā góa kái.",,若有錯處，請你替我改,"If there is a mistake somewhere, please correct it for me."
kái-liông,kái-liông,改良,"to reform | improvement (things, animals)"
Tâi-oân ū chin chē pháiⁿ ê hong-sio̍k tio̍h-ài kái-liông.,,台灣有很多壞的風俗必須改良,"Formosa has very many bad customs, which should be reformed."
kái-siān,kái-siān,改善,"to reform | improvement (person, daily life)"
Seng-oa̍h tio̍h-ài ji̍t-ji̍t kái-siān.,,生活必須日日改善,A person’s way of living should improve from day to day.
kái-chō,kái-tsō,改造,reconstruct | reorganization
Chit keng chhù tio̍h-ài koh kái-chō chiah ē tòa--tit.,,這間屋子須要再改造然後才能住,This house must be reconstructed before it can be lived in.
kài-loa̍h,kài-lua̍h,芥子,mustard
kài-siāu,kài-siāu,介紹,to introduce
"Sîn-hū, góa kā lí kài-siāu, chit ūi sī Lîm--sian-si.",,神父，我給你介紹，這位是林先生,"Father, may I introduce Mr. Lim."
kài-siāu-chn̄g,kài-siāu-tsn̄g,介紹狀,a letter of introduction
Chhiáⁿ lí kā góa siá chi̍t tiuⁿ kài-siāu-chn̄g hō͘ Chú-kàu.,,請你帮我寫一張介紹狀給主敎,Please write a letter of introduction to the Bishop for me.
kái-kek,kái-kik,改革,reform | reorganization (N.V.)
Pháiⁿ hong-sio̍k ài kóaⁿ-kín kái-kek.,,壞風俗要趕快改革,Bad customs must be quickly reformed.
kái-chong,kái-tsong,改宗,to change one's religion | to be converted
"Lín nā chai-iáⁿ Thian-chú-kàu sī chin kàu, tio̍h-ài kóaⁿ-kín kái-chong lâi ji̍p Thian-chú-kàu.",,你們如果知道天主教是真教，必須趕快改宗來奉天主教,"If you know that the Catholic religion is the true religion, you should lose no time in being converted."
kái-soán,kái-suán,改選,re-election | elect anew
"Chhī-tiúⁿ ê jīm-kî kàu--à, chit chhe peh boeh kái-soán.",,市長的任期到了，本月八日將要改選,"The mayor’s term of office is up, on the eighth of this month there is to be a new election."
kái-phò͘,kái-phòo,解剖,to analyze | dissection | autopsy | to open and take apart
Chit kù góa lâi kái-phò͘ hō͘ lín thiaⁿ.,,這句我來解剖給你們聽,I will analyze this sentence for you.
Seng-bu̍t ê sî-kan ū kái-phò͘ thò͘-á.,,在生物課裏我們解剖了兔子,"During the biology period, we dissected a rabbit."
kái-hòng,kái-hòng,解放,release | liberation | emancipation
Kiōng-sán-tóng m̄-khéng kái-hòng (or sek-hòng) sîn-hū.,,共產黨不肯釋放神父,The Communists will not release the priests.
kái-hòng lô͘-lē,kái-hòng lôo-lē,解放奴隸,to liberate slavers.
kái-kò͘ | kái-chit | thâi-thâu,kái-kòo | kái-tsit | thâi-thâu,解僱 | 解職,dismissal | to fire
"Lí nā m̄ jīn-chin chò, boeh kā lí kái-kò͘.",,你若不認真做，我要解僱你,"If you are not more conscientious, I will fire you."
kái-sàn,kái-sàn,解散,dispersion | to disband | to break up
"La̍k tiám chi̍p-ha̍p, peh tiám kái-sàn.",,六點鐘集合，八點鐘解散,"We shall gather at six, and disperse (adjourn) at eight."
kái-iok,kái-iok,解約,dissolution | of a contract | to cancel a contract
"Lí nā m̄ chiàu khè-iok chò, boeh kā lí kái-iok.",,你若不按照契約做，我要給你解約,"If you do not do things according to the contract, I will cancel the contract."
kái-tî,kái-tî,解除,"cancellation (contract, armament, alarm)"
Kái-tî kài-giâm-lēng.,,解除戒嚴令,To withdraw martial law.
Kái-tî khong-si̍p kèng-pò.,,解除空襲警報,All clear signal. (After an air raid alarm).
kái-giâm-lēng,kái-giâm-līng,戒嚴令,martial law
kak,kak,角,a dime
chi̍t kak-gîn,tsi̍t kak-gîn,一角,a dime
kak-thn̂g,kak-thn̂g,角糖 | 方塊糖,a lump (cube) of sugar
kak,kak,角,a horn | an antler | a corner
gû-kak,gû-kak,牛角,cow's horns
kak-gō͘,kak-gōo,覺悟 | 預期,to expect | to be prepared (for anything) expectation | determination
"Góa chò chit hāng pháiⁿ tāi-chì, kak-gō͘ ē hō͘ goán lāu-pē mē.",,我做這件壞事，覺悟會給我的父親責罵,"I have done this evil thing, I am ready to be scolded by my father."
"Hō͘ lo̍h chiah kú, chò-sit-lâng ài kak-gō͘ pháiⁿ siu-sêng.",,雨下了這麽久，農人應覺悟這次不能豐收,"I has rained for such a long time, that the farmers are expecting to reap a poor harvest."
"Boeh chò seng-lí, ài kak-gō͘ ū sî-á ē thàn, ū sî-á ē liáu.",,要做生意必須覺悟有時候會賺錢，有時候却虧本,"If one wants to go into business, he must be prepared to make money sometimes, and to lose money sometimes."
kak-chhíⁿ,kak-tshínn,覺醒,awakening | disillusion (N.V.)
Ǹg-bāng lín kóaⁿ-kín kak-chhíⁿ.,,希望你們趕快覺醒,I hope that you will quickly be freed from your false impression. (being to realize the real state of affairs).
kám,kám,豈,is it possible that?
kam-chià,kam-tsià,甘蔗,sugar cane
kam-má,kam-má,柑子,tangerine
kám-hòa,kám-huà,感化,to influence for good | to transform
"Kap hó lâng chò-hóe, ē hō͘ in kám-hòa chò hó, kap pháiⁿ lâng chò-hóe, ē hō͘ in jiám-tio̍h chò pháiⁿ.",,和好人爲伴（在一起）會給他們感化而做好事，和壞人在一起會被他們染着做壞,"Be a companion of good people and you will be influenced by them to do good, be a companion of bad people and you will be influences by them to do evil."
hō͘ lâng kám-hòa | siū lâng kám-hòa,hōo lâng kám-huà | siū lâng kám-huà,受人感化,be influenced
kám-kak,kám-kak,感覺,to feel | sensation
"Chím-má teh tē-tāng, lí ū kám-kak--bô?",,現在在地震，你有感覺到嗎？,"There is an earth quake, do you feel it?"
kám-sim,kám-sim,讚嘆 | 感嘆,to admire
"Sîn-hū, lí chin kám-sim. Sîn-hū, góa chin kám-sim--lí.",,神父，我很佩服你,"Father, you are wonderful."
chin kám-sim,tsin kám-sim,值得稱讚,admirable | wonderful
kám-siā,kám-siā,感謝,gratitude | be grateful
In hiaⁿ-tī ê kám-chêng chin hó!,,他們兄弟感情很好,Those brothers are on very good terms!
kám-chêng,kám-tsîng,感情,one's feeling | emotion
kám-mō͘,kám-mōo,感冒 | 傷風,a clod | the flu
"Nn̄g saⁿ ji̍t chêng tio̍h-tio̍h kám-mō͘ (or kôaⁿ--tio̍h), chím-má iáu ē cha̍t-phīⁿ.",,兩三天前傷了風，到現在鼻子還塞着,"Two or three days ago, I caught a cold, my nose is still stuffed."
kám-tōng,kám-tōng,感動,to be affected by | impression | impressive | to be touched | to be moved
Thiaⁿ-chiòng tāi-ke chin kám-tōng.,,聽衆們非常感動,The audience was very much moved (stirred).
"Nā bē tàng kám-tōng thiaⁿ-chiòng, kóng khah kú iā bô lō͘-ēng.",,如果不能感動聽衆，講多久也沒用,"If you don’t move your audience, no matter how long you talk it is useless."
kám-sióng,kám-sióng,感想,thoughts | impressions
Lí tùi chit pún chheh ū sím-mih kám-sióng?,,你對這本書有什麽感想？,What is your impression of this book?
kám-ho̍k,kám-ho̍k,佩服,admire | be struck with admiration
"Lí chìn-pō͘ chiah kín, góa chin kám-ho̍k--lí.",,你進歩這麽快，我很佩服你,"You are making such great progress, I admire you very much."
kám-tiān,kám-tiān,感電 | 觸電,an electric shock | receive an electric shock
kam-chhó,kam-tshó,甘草,licorice
kàm-tok,kàm-tok,監督,supervision | an overseer | a foreman
"Lín kiáⁿ ài poa̍h-kiáu, lí tio̍h kā i kàm-tok.",,你的孩子喜歡賭博，你得監督他,"Your child is fond of gambling, you should take him in hand."
kàm-tēng,kàm-tīng,鑑定,judgment | discernment | estimate (N.V.)
"Sī chin--ê á sī ké--ê, chha-put-to ta̍t lōa chē, chhiáⁿ lí kā góa kàm-tēng.",,是真的還是假的，差不多值多少，請你給我鑑定一下,Will you please judge whether it is real or false and about how much it is worth?
kan-taⁿ－niā-tiāⁿ,kan-tann－niā-tiānn,只有,only
Góa kan-taⁿ ū chi̍t ê kiáⁿ niā-tiāⁿ.,,我只有一個兒子（而已）,"I have only one son, and that’s all."
kan-khó͘,kan-khóo,艱苦 | 辛苦,misery | difficult | to be sick
kán-tan,kán-tan,簡單,simple
"Kóng siuⁿ kú bô lâng ài thiaⁿ, chhiáⁿ lí kóng khah kán-tan--lè!",,講得太久，沒人愛聽，請你講得更簡單一點,"If one talks too long, no one wants to listen. Please speak more simply. (less at length)"
kàn-pō͘,kàn-pōo,幹部,the leaders | the directorate | staff
I sī chit keng kong-si ê kàn-pō͘.,,他是這個公司的幹部,He is one of the staff of this company.
kan-chiap,kan-tsiap,間接的 | 間接地,indirect | indirectly
"Chhiáⁿ lí ti̍t-chiap kā i kóng, kan-chiap kā i kóng kiann-íⁿ ē sī chhut gō͘-hōe.",,請你直接向他講，間接向他講恐怕會生誤會,"Please speak to him directly, if you speak to him indirectly, there might be a misunderstanding."
kan-tia̍p,kan-tia̍p,間諜,a spy | an emissary
kan-siong,kan-siong,奸商,a dishonest merchant
kàn,kàn,姦,to commit fornicatioln | adultery etc.
kàn lín niû-lé,kàn lín niû-lé,,The most common cuss-word. To fornicate with your mother.
kàn lín lāu-bú,kàn lín lāu-bú,,The most common cuss-word. To fornicate with your mother.
kang | khang-khòe,kang | khang-khuè,工,work
chò-kang,tsò-kang,做工,to work
kang-lâng,kang-lâng,工人,a workman
kang-chîⁿ,kang-tsînn,工錢,cost of labor
kang,kang,公的 | 公雄,male of animals
Chit chiah ti sī kang--ê á-sī bó--ê?,,這隻猪是雄的還是雌的？,Is this pig a male or female?
kāng-khoán | kāng,kāng-khuán | kāng,一樣 | 同樣 | 相同,the same
kāng im bô kāng jī,kāng im bô kāng jī,同音不同字,the same sound but not the same character
bô kāng-khoán,bô kāng-khuán,不一樣 | 不同,not the same
sio kâng,sio kâng,相同 | 一樣,the same
kāng-sî,kāng-sî,同時,at the same time
kāng-sìⁿ,kāng-sìnn,同姓,of the same clan name
kāng-só͘-chāi,kāng-sóo-tsāi,同一處,the same place
kāng lâng,kāng lâng,同一個人,the same person
kàng-hok,kàng-hok,降福,to bless
sèng-thé-kàng-hok,sìng-thé-kàng-hok,聖體降福,Benediction
kàng-seng,kàng-sing,降生,to come down and be born | the Incarnation
kang-tiûⁿ | kang-chhiúⁿ,kang-tiûnn | kang-tshiúnn,工廠,a factory
kang-chok-hoat,kang-tsok-huat,工作法,manual training
kang-gia̍p,kang-gia̍p,工業,industry
káng-kái,káng-kái,講解,to explain something rather deep
káng-ián,káng-ián,講演,to lecture | a lecture
káng,káng,港,a harbor
hiong-káng,hiong-káng,香港,Hong Kong
lo̍k-káng,lo̍k-káng,鹿港,Lukang
káng-hô,káng-hô,講和,(Lit. to talk peace) reconciliation | peace
káng-hô hōe-gī | hô-pêng hoe-gī,káng-hô huē-gī | hô-pîng hue-gī,和平會議,a peace conference
kang-thêng | kang-sū,kang-thîng | kang-sū,工程,works | construction
Sin sèng-tn̂g ê kang-sū lóng Ngá siu-sū ka-tī teh kàm-tok.,,新聖堂的工程全由雅修士自己監督,The construction of the new chapel is all supervised by Brother Albert.
kang-thêng-su | ki-su,kang-thîng-su | ki-su,工程師 | 工技師,an engineer
kàu-iú,kàu-iú,教友,a Christian | Catholic
kāu,kāu,厚 | 濃,thick | strong (of liquids)
Bān gû kāu sái-jiō.,,慢牛多屎尿,Putterer! Stop his work on the least pretext. (Lit. A slow cow frequently relieving nature.)
kàu,kàu,到,to arrive | up to
Chit pang hóe-chhia kúi-tiám ē kàu Tâi-pak?,,這班火車幾點鐘能到台北？,At what time will this train arrive in Taipei?
kàu-ūi,kàu-uī,到達,to arrive at a destination
kàu-ông,kàu-ông,教王,the Pope
kàu-chong,kàu-tsong,教宗,the Pope
kàu-hông,kàu-hông,教皇,the Pope
káu,káu,狗 | 犬,a dog
kau-á,kau-á,小溝,drains | gutters
kau,kau,溝,a stream of water
Chit tiâu kau lí thiàu ē kòe--bē?,,這條溝你跳得過去嗎？,Can you jump across this stream?
kàu-lō͘-bóe,kàu-lōo-bué,最後 | 後來,in the end | finally
kàu-hùn,kàu-hùn,教訓,instruction
"Sîn-hū ê kàu-hùn, lí m̄-thang bē kì--tit.",,神父的教訓，你不可忘記,Don’t you forget Father’s instruction (admonition).
kàu-oân,kàu-uân,教員,a teacher
kàu-siū,kàu-siū,教授,a professor
kàu-io̍k,kàu-io̍k,教育,education
kau-pôe,kau-puê,交誼 | 交際,to associate with
Lí kap i kau-pôe ū lōa kú--à?,,你和他交際多久了？,How long have you been associating with him?
kau-thong,kau-thong,交通,communications
Tâi-oân kīn-lâi ê kau-thong chin lī-piān.,,台灣近來交通很方便,Recently communications in Formosa have been very convenient.
kàu,kàu,夠,enough
Án-ni ū kàu--bô?,,這樣夠嗎？,Is that enough?
iâ-so͘-kàu,iâ-soo-kàu,耶穌教,Protestantism
sin-kàu,sin-kàu,新教,Protestantism
ki-tok-kàu,ki-tok-kàu,基督教,Protestantism
kau,kau,交,to hand over | deliver
Hiah ê chîⁿ lí kau hō͘ sím-mih lâng?,,那些錢你繳給誰？,To whom did you hand that money over to?
kau-koan,kau-kuan,交易,to trade with | to buy from (someone)
"Hit ê lâng bô láu-si̍t, m̄-thang kap i kau-koan.",,那個人不老實，不可和他交易,"That fellow is not honest, don’t trade with him."
kàu-sek,kàu-sik,教室,classroom
kàu,kàu,教,doctrine | instruction | a religious or philosophical sect
thian-chú-kàu,thian-tsú-kàu,天主教,The Catholic religion
thian-chú-kong-kàu-hōe,thian-tsú-kong-kàu-huē,天主公教會,The (Universal) Catholic Church
kàu-hōe,kàu-huē,教會,The Church | a term used by those outside the Church
sèng-kàu-hōe,sìng-kàu-huē,聖教會,The Holy Church | term used by Catholics.
kàu-khu,kàu-khu,教區,a diocese | an ecclesiastical district
tâi-pak kàu-khu,tâi-pak kàu-khu,台北教區,Archdiocese of Taipei
ka-gī kàu-khu,ka-gī kàu-khu,嘉義教區,Chiayi Prefecture
hoa-liân kàu-khu,hua-liân kàu-khu,花蓮教區,Hualien Prefecture
ko-hiông kàu-khu,ko-hiông kàu-khu,高雄教區,Kaohsiung Prefecture
tâi-tiong kàu-khu,tâi-tiong kàu-khu,台中教區,Taichung Prefecture
kau-tài | hoan-hù,kau-tài | huan-hù,交代,to leave word | give message | to ask to do | to order | to instruct
Sîn-hū kau-tài góa eng-àm tio̍h hiâⁿ sio-chúi.,,神父交代我晚上要燒水,Father instructed me to make hot water tonight.
kau-sia̍p,kau-sia̍p,交涉,negotiations | to negotiate | to have a consultation with
Lán lâi khì kap hāu-tiúⁿ kau-sia̍p bîn-ná-chài mài tha̍k.,,我們去和校長交渉明天不要上課,Let’s go and have a consultation with the principal about not studying tomorrow.
kau-thong sū-kò͘,kau-thong sū-kòo,交通事故,a traffic accident
káu-hiā,káu-hiā,螞蟻,an ant
kàu-taⁿ,kàu-tann,到現在,up to now
káu,káu,狗,a dog
kâu,kâu,猴,a monkey
káu-koài,káu-kuài,狡猾,cunning | foxy
"Hit ê lâng chin káu-koài, lí m̄-thang hō͘ i phiàn--khì.",,那個人很狡猾，你不可以被他騙去,"He is a fox, don’t let him deceive you."
kauh,kauh,輾轢,to run over
Khì-chhia kauh-tio̍h chi̍t ê gín-ná.,,汽車轢過一個孩子,A car ran over a child.
ka̍uh,ka̍uh,鳴不平,to grumble | complain
"Chi̍t sut-lá tāi-chì, lí m̄-thang hiah gâu ka̍uh.",,很少的事情，你不要這樣的鳴不平,"If there is only a trifling matter, don’t be so quick to grumble. (Don’t get angry at a drop of the hat.)"
ke,ke,鷄,a chicken
ke-kang,ke-kang,公鷄,a rooster
ke-nòa,ke-nuà,小雌鷄,a pullet
ke-bú | ke-bó,ke-bú | ke-bó,母鷄,a hen
ke-á-kiáⁿ,ke-á-kiánn,小鷄,baby chicks
ke-nn̄g-ko,ke-nn̄g-ko,鷄蛋羹,sponge cake
ke-nn̄g,ke-nn̄g,鷄蛋,an egg
chian ke-nn̄g,tsian ke-nn̄g,煎鷄蛋,fried eggs
chian nn̄g lia̍p ke-nn̄g,tsian nn̄g lia̍p ke-nn̄g,煎二個鷄蛋,fry two eggs
chian chi̍t bīn ê ke-nn̄g,tsian tsi̍t bīn ê ke-nn̄g,煎一面的鷄蛋,fried eggs | sunny side up
chian nn̄g bīn ê ke-nn̄g,tsian nn̄g bīn ê ke-nn̄g,煎二面的鷄蛋,fried eggs | both sides fried
chhá ke-nn̄g,tshá ke-nn̄g,炒鷄蛋,scrambled eggs
chhá saⁿ lia̍p ke-nn̄g,tshá sann lia̍p ke-nn̄g,炒三個鷄蛋,scramble three eggs
ke-nn̄g pau,ke-nn̄g pau,鷄蛋包,poached eggs
chí nn̄g lia̍p ke-nn̄g pau,tsí nn̄g lia̍p ke-nn̄g pau,煑兩個鷄蛋包,poach two eggs
sa̍h nn̄g lia̍p ke-nn̄g,sa̍h nn̄g lia̍p ke-nn̄g,煑兩個鷄蛋,boil two eggs
sa̍h nn̄g lia̍p pòaⁿ chhiⁿ se̍k ê ke-nn̄g,sa̍h nn̄g lia̍p puànn tshinn si̍k ê ke-nn̄g,煑兩個半熟的鷄蛋,boil two soft boiled eggs (Lit. half undone-done)
ke,ke,加 | 多,to add
Chhiáⁿ lí ke gō͘ kho͘-gîn hō͘--góa.,,請你多給我五塊錢,Please give me $5.00 more.
ke chin hó,ke tsin hó,更好,much better
ke chin kùi,ke tsin kuì,更貴,much more expensive
ke chhēng saⁿ,ke tshīng sann,多穿衣服,to put on more clothes
kè-chîⁿ,kè-tsînn,價錢,the price
kè,kè,嫁,to marry a hushand | to give a daughter in marriage
kè-ang,kè-ang,嫁,to be married to a husband
chhut-kè,tshut-kè,出嫁,to marry a husband
"Lí ê cha-bó͘-kiáⁿ (or chhian-kim) tang-sî boeh kè, boeh kè sím-mih lâng?",,你的女兒什麽時候要出嫁，要嫁誰？,"When will your daughter be married, and whom will she marry?"
kè-chhōa,kè-tshuā,嫁娶,to marry or be married in general | marrage
kè-chng,kè-tsng,嫁妝,(a bride's) dowry | marriage outfit given to a daughter
"Cha-bó͘-kiáⁿ nā boeh kè, tio̍h chún-pī kè-chng.",,女兒要出嫁得凖備嫁粧,"If a daughter gets married, you must prepare a dowry."
ke-hóe,ke-hué,財產,belongings | property
I ê ke-hóe lóng su kiáu su liáu-liáu.,,他的財產都賭光了,He lost every bit of his belongings in gambling.
ke-kiám,ke-kiám,多少 | 盡量,more or less (Lit. to add or diminish) either much or a little
Lí ke-kiám tek-khak ū thau-chia̍h.,,你多少總有偷吃過,"I know that you have stolen something to eat, I don’t know whether it was a lot or a little."
I nā ū êng ê sî ke-kiám khùn.,,他有空時，總是睡覺,"When he is free, he must take some rest (It does not matter whether it is more or less)."
kè-ta̍t,kè-ta̍t,價值 | 值得,worth (N.A.) | value
ū kè-ta̍t,ū kè-ta̍t,有價值,has some worth | value
ū tha̍k ê kè-ta̍t,ū tha̍k ê kè-ta̍t,值得讀,worth reading
ū khòaⁿ ê kè-ta̍t,ū khuànn ê kè-ta̍t,值得看,worth looking at
bô thiaⁿ ê kè-ta̍t,bô thiann ê kè-ta̍t,不值得聽,not worth listening to
ū chi̍t pah kho͘ ê kè-ta̍t,ū tsi̍t pah khoo ê kè-ta̍t,有一百塊的價值,worth a hundred dollars
ké-soeh,ké-sueh,解釋,to explain
ke-kui,ke-kui,嗉囊,chicken's feed bag
pûn ke-kui,pûn ke-kui,自誇,to boast (lit. to blow up the feed bag)
ke-kui-á-sian,ke-kui-á-sian,吹牛的人,a blow-hard | a pretentious person
ke-kui-á,ke-kui-á,氣球,a balloon
ke-á,ke-á,街上,street
ke-á-lō͘,ke-á-lōo,街上,downtown
chhut khì ke-á-lō͘,tshut khì ke-á-lōo,出去街上,to go downtown
ke-si,ke-si,器具,tools
ke-khì | ki-khì,ke-khì | ki-khì,機器,machinery
siu-lí ke-khì ê sai-hū,siu-lí ke-khì ê sai-hū,修理機器的工人,a mechanic
ké,ké,假的 | 假裝,false | to pretend
Lí bē hiáu m̄-thang boeh ké gâu!,,你不會的事情不要假裝會,"If you don’t know (understand), don’t pretend that you are very good at something."
kè-á,kè-á,架子,a shelf
chheh-kè,tsheh-kè,書架,a bookshelf | a bookcase
ké | kái,ké | kái,改,to correct
"Lí chin pháiⁿ sèng-tē, tio̍h-ài ké (kái) chiah hó.",,你的性質很壞，要改才好,"Your disposition is terrible, you just must change it."
kè-sio̍k,kè-sio̍k,繼續,to continue
Chhiáⁿ lí kè-sio̍k tha̍k.,,請你繼續讀,Please continue to read.
ké,ké,,To put something under a piece of furniture so as to make it steady | or to raise it higher.
"Chit tè toh-á siuⁿ kē, ài ké khah koân.",,這一個桌子太低，要填高一點,"This table is too low, something must be put under the legs to make it higher."
"Chit tè chè-tâi bô chāi, ài the̍h chi̍t tè chhâ lâi ké hō͘ chāi.",,這個祭台不穩定，要拿一塊木頭把它嵌入,"This altar is not steady, something must be wedged under it to make it steady."
"Lí nā the̍h bē tio̍h, ài gia̍h í-á lâi ké-kha.",,你假如拿不到，要用椅子填高,"If you cannot reach it, you must bring a chair and stand on it."
kè-soàn | kè-sǹg,kè-suàn | kè-sǹg,計算,to calculate | to reckon
"Chit goe̍h-ji̍t khai lōa chē chîⁿ, lí ū kè-soàn khòaⁿ bāi--lè--bô?",,這個月花了多少錢，你有計算看看嗎？,Have you calculated how much money you spent this month?
keh,keh,格,a division | a space
keh-piah,keh-piah,隔壁,adjacent | neighboring | next door
keh-ji̍t | làng-ji̍t,keh-ji̍t | làng-ji̍t,隔一天,on alternate days
keh nn̄g-ji̍t,keh nn̄g-ji̍t,隔兩天,after an interval of two days
keh saⁿ-ji̍t,keh sann-ji̍t,隔三天,after an interval of three days
"Chù-siā, saⁿ ji̍t chù chi̍t pái chiū hó, lí keh nn̄g ji̍t chiah koh lâi.",,打針三天打一次就可以，你隔兩天再來,"I will be sufficient to give an injection every three days, come again after two days."
keh-lī,keh-lī,隔離,to isolate
"Chit khoán ê pēⁿ (pīⁿ) ē thoân-jiám--lâng, tio̍h-ài kóaⁿ-kín keh-lī chiah hó.",,這種病會傳染，要趕快隔離才好,"This disease is contagious, we must isolate you at once."
ke̍k,ki̍k,極,extremely
ke̍k-súi,ki̍k-suí,最美麗,very pretty
kek,kik,窒息 | 悶,to be suffocated | to irritate
"Tī hia teh lo̍h-pûi, góa hō͘ i kek kah tòng bē tiâu.",,那裏正在下肥，我悶得要命,"They are fertilizing the fields over there, I am irritated to the point that I cannot stand it (It stinks to the high heavens)."
hō͘ chúi kek--sí,hōo tsuí kek--sí,溺死,to be drowned
hō͘ óa-su kek--sí,hōo uá-su kik--sí,被瓦斯悶死,to be suffocated with gas
keng-chio | kin-chio,king-tsio | kin-tsio,香蕉,banana
kéng-khì,kíng-khì,景氣,business | times | means of livelihood
Kīn-lâi lông-chhoan ê kéng-khì chin hó.,,近來農村的景氣很好,"Recently, life in the country has been very good."
kéng-sek | kéng-tì,kíng-sik | kíng-tì,景色 | 風景,scenery | landscape
Ji̍t-goa̍t-thâm ê kéng-sek (kéng-tì) chin hó.,,日月潭的景色很好,The scenery at Sun-Moon-Lake is very good.
keng-kòe,king-kuè,經過,to pass | to go through
Boeh khì Oân-lîm tio̍h-ài keng-kòe Chiong-hòa.,,要去員林須經過彰化,In going to Oan Lim one must pass Changhua.
keng-chè,king-tsè,經濟,economics
Chím-má i ê keng-chè chin khùn-lân.,,現在他的經濟很困難,He is now in a very bad way financially.
keng-giām,king-giām,經驗,experience | to experience
ū keng-giām,ū king-giām,有經驗,having experience
bô keng-giām,bô king-giām,沒有經驗,having no experience
lāu keng-giām,lāu king-giām,老經驗,well experienced
m̄ bat keng-giām--tio̍h,m̄ bat king-giām--tio̍h,沒有經驗過,have not experienced
keng-hùi,king-huì,經費 | 費用,upkeep | expenditure | expenses
Goán tau chi̍t kó͘-goe̍h ê keng-hùi ài sì gō͘ chheng kho͘.,,我家一個月要開支四五千塊,Our family expenses are four or five thousand dollars a month.
kèng-chhat,kìng-tshat,警察,policeman
kéng-chhat kio̍k,kíng-tshat kio̍k,警察局,a police station
kèng-pò,kìng-pò,警報,an alarm | signal
khong-si̍p kèng-pò,khong-si̍p kìng-pò,空襲警報,air raid alarm
hong-thai kèng-pò,hong-thai kìng-pò,颱風警報,a typhoon signal or alarm
kèng-ì,kìng-ì,敬意,respect | reverence
piáu kèng-ì,piáu kìng-ì,表敬意,to pay one's respect
Góa nā koh lâi Tâi-tiong chiah koh lâi kā lí piáu kèng-ì.,,我下一次來台中，再來向你表敬意,When I return to Taichung I'll pay you my respects.
keng-thâu,king-thâu,肩膀,the shoulder (of body)
Tāng ê hêng-lí giâ tòa keng-thâu khah hó kiâⁿ.,,重的行李放在肩上較好走,"It's better walking, if heavy baggage is carried on the shoulder."
kéng,kíng,揀 | 選擇,to pick out | select | choose | prefer
"Góa boeh chi̍t hāng hō͘ lí chò kì-liām, chit lāi-bīn ê mi̍h chhut-chāi lí kéng-chi̍t-hāng.",,我想給你一件東西做紀念品，這裡面的東西任你挑一件,I want to give you something as a remembrance; select something from the things in here.
"Chiah ê bí chin chē chio̍h-thâu-á, tio̍h-ài kéng tiāu.",,這些米裡面雜著很多小石頭，必須把他揀丟,"This rice has a lot of small pebbles in it, they must be picked out."
kha,kha,脚 | 下,foot | base | under | cl. for any kind of bucket or basket
tī toh kha,tī toh kha,在桌下,inder the table
chi̍t kha láng,tsi̍t kha láng,一個籃子,a basket
chi̍t kha ê,tsi̍t kha ê,一隻鞋,an odd shoe
chi̍t kha tī,tsi̍t kha tī,一隻筷子,an odd chopstick
kha,kha,脚,a foot
kha-tah-chhia | thih-bé,kha-tah-tshia | thih-bé,腳踏車,a bicycle
kha-tòng,kha-tòng,脚擋 | 腳刹車,foot brake
kha-chiah-phiaⁿ,kha-tsiah-phiann,背部,the back
khà | kòng | phah,khà | kòng | phah,打 | 敲,to strike
khà tiān-pò | kòng tiān-pò,khà tiān-pò | kòng tiān-pò,打電報,to send a telegram
khà tiān-ōe,khà tiān-uē,打電話,to telephone
khà cheng,khà tsing,打鐘,to strike a big bell
kha-chhiú,kha-tshiú,幫手 | 人手,a (helping) hand | help
"Goán-tau ū (or chin chē) kha-chhiú, só͘-í m̄ bián chhiàⁿ lâng.",,我家人手足，所以不必雇人,"We have help at home, so it is not necessary to hire anyone."
"Lóng bô kha-chhiú, tio̍h-ài chhiàⁿ lâng.",,人手不足，就得雇人,"We have no help at all, we must hire someone."
Góa kā lí tàu kha-chhiú.,,我給你幫忙,I will lend you a hand.
kha-chhng,kha-tshng,屁股,the hips | the seat
Lí ê khò͘ kha-chhng phòa chi̍t khang (or Lí ê khò͘-té phòa chi̍t khang),,你的褲子臀部破了一個洞,You have a hole in the seat of your pants.
kha-chhng tn̂g | tn̂g kha-chhng,kha-tshng tn̂g | tn̂g kha-tshng,屁股長,(Lit. The rear end [屁股長] is long) To wear out one's welcome
"Hit ê lâng-kheh kha-chhng chin tn̂g, m̄ chai tang-sî chiah boeh tńg-khì.",,那個客人屁股很長，不曉得什麼時候才要回去,"That visitor is a real bore (pest), I wonder when he will leave."
khah,khah,,comparative particle.
chò khah ū khang-khòe,tsò khah ū khang-khuè,做更多的工作,to get more done
"Chió lâng chò khah ū khang-khòe, chē lâng tian-tò chò khah bô khang-khòe.",,少少的人能做很多的事情，太多的人反而做不多,A few people get more work done; on the contrary many people accomplish very little (get very little work done).
khah ài,khah ài,寧可 | 寧願 | 比較喜歡,to prefer
"Ka-pi góa khah ài lim sio ê, khah bô ài lim léng ê.",,咖啡我比較喜歡喝熱的，比較不喜歡喝冷的,I prefer to drink hot coffee; I don't care much for cold stuff.
khah chai-iáⁿ,khah tsai-iánn,曉得多,to be better informed
"Chit hāng tāi-chì i khah chai-iáⁿ, góa khah m̄ chai (iáⁿ).",,這件事情他比我知道得多，我比較不清楚,"He is better informed on this matter, I don't know much about it."
khah ū êng,khah ū îng,比較有空,to have more free time
"Góa lé-pài-ji̍t khah ū êng, phó͘-thong-sî (or -ji̍t) khah bô êng.",,我星期日比較閒，平常比較忙,I have more free time on Sundays; on weekdays I am rather busy.
khah ē-hiáu,khah ē-hiáu,比較會,to know better how to do something
"Góa khah ē-hiáu phah nâ-kiû, khah bē hiáu siû-chúi.",,我比較會打籃球，比較不會游泳,I am rather good at playing basketball; I am not so good at swimming.
khah ē lo̍h hō͘,khah ē lo̍h hōo,比較會下雨,usually rains more
"Joa̍h-thiⁿ (-sî) khah ē lo̍h-hō͘, kôaⁿ-thiⁿ (sî) khah bē lo̍h-hō͘.",,夏天比較會下雨，冬天比較不會下雨,"It rains more in Summer, less in Winter."
khah ē tàng,khah ē tàng,比較容易,more likely to be able to
"(Tī) sè-kan, bô tek-khah ū ha̍k-būn ê lâng khah ē tàng sêng-kong, bô ha̍k-būn ê lâng khah bē tàng sêng-kong.",,世界上不一定是有學問的人較容易成功，沒有學問的人比較不容易成功,"In the world the better educated people are not definitely more likely to succeed, and the less educated more likely to fail."
khah ū lâng kóng,khah ū lâng kóng,比較有人講,more people
"Chit kù khah ū lâng kóng, hit kù khah bô lâng kóng.",,這句話比較有人講，那句比較沒有人講,People say this more; they don't say that very much.
khah ū chîⁿ,khah ū tsînn,比較有錢,more wealthy | rather wealthy
"I khah ū chîⁿ, góa khah bô chîⁿ.",,他比較有錢，我比較沒有錢,He is rather wealthy; I have not too much money.
khah chhiⁿ-chhiūⁿ,khah tshinn-tshiūnn,比較像,to resemble more | to be more like
"Chit ê gín-ná khah chhin-chhiūⁿ in lāu-pē, khah bô chhin-chhiūⁿ in lāu-bú.",,這個小孩子比較像他的父親，較不像他的母親,This youngster more resembles his father; he doesn’t resemble his mother very much.
khah hó chia̍h,khah hó tsia̍h,比較好吃,to taste better
"Ko-hiông ê bo̍k-koe khah hó-chia̍h, Tâi-tiong ê khah (or m̄) hó-chia̍h.",,高雄的木瓜比較好吃，台中的比較不好吃,"The papayas from Kaohsiung are pretty good, but those from Taichung are not too good."
khah khoah,khah khuah,比較廣,more widespread
Thih ê ēng-lō͘ khah khoah; kim ê ēng-lō͘ khah e̍h.,,鐵的用途比較廣，金的用途比較狹,The use of iron is widespread; that of gold is rather restricted.
khah kùi,khah kuì,比較貴,somewhat more expensive than was expected.
"Chit tè au-á sui-jiân chin súi, tān-sī ū khah kùi.",,這一個杯子雖然很漂亮，但是比較貴,"Although this cup is very beautiful, it is somewhat more expensive than I expected. (or than I can afford.)"
khah khì,khah khì,過一些時候 | 以後,after sometime (in the near future)
Khah khì góa siūⁿ boeh chò seng-lí.,,過一些時候，我想要做生意,"After sometime, I think I'll go into business."
koh khah khì,koh khah khì,再過去,a little farther ahead (a litter farther)
Koh khah khì ū chi̍t khám thì-thâu-tiàm.,,再過去有一間理髮店,There is a barber shop a little ahead.
ē khah ióng,ē khah ióng,更加強壯,will get stronger
"Ta̍k-ji̍t ūn-tōng, seng-khu ē khah ióng.",,每天運動，身體會比較強壯,"If a person takes some physical exercise every day, his body will get stronger."
khah sit-lé,khah sit-lé,很抱歉,rather embarrassing
"Góa khah sit-lé, boeh tāi-seng tńg-lâi-khì.",,我很抱歉，要先回去,I am somewhat embarrassed; (because) I want to go back ahead of time.
ē khah sit-lé,ē khah sit-lé,會失禮,to be somewhat rude or impolite
"Góa boeh mn̄g sîn-hū chi̍t kù ōe, m̄ chai ē khah sit-lé bē?",,我要問神父一句話，不知道是否會失禮,"I want to ask you a question, Father; I wonder if this will be a little impolite."
khah ài,khah ài,比較喜歡,to choose | to prefer
Lí khah ài chia̍h sím-mih?,,你比較喜歡吃什麼？,What do you prefer to eat?
khah-chá,khah-tsá,早一點,somewhat early | rather early
Bîn-ná chái-khí boeh khah chá lâi-khì Ko-hiông.,,明天早上要早一點去高雄,"Tomorrow morning, rather early I am going to Kaohsiung."
khah....iā.....,khah....iā.....,怎麼樣⋯⋯也⋯⋯,even if
"Tō-lí (koh) khah chhim, góa iā tio̍h-ài o̍h.",,道理無論怎麼深，我也要學,"Even if the doctrine were still more profound, I must still learn it."
khah....tām-po̍h-á,khah....tām-po̍h-á,更⋯⋯一點點,somewhat | to be inclined to be
"Chit ê gín-ná chin khiáu, tān-sī ū khah chhiú-chhèng tām-po̍h-á.",,這個孩子很聰明，但是有一點頑皮,"This youngster is very clever, but somewhat mischievous."
khah....iā.....,khah....iā.....,怎麼⋯也⋯,no matter how much
"Chit ê gín-ná chin pháiⁿ, khah phah iā m̄ kiaⁿ.",,這個孩子很壞，再打也不怕,"This is a really bad child, no matter how much you beat him, he is still not afraid of you."
khah....iā bē,khah....iā bē,怎麼⋯也不⋯,no matter how much...still will not
"Lí chí ê chhài, khah chia̍h iā bē siān.",,你做的菜，再吃也不厭,"No matter how much of your cooking I eat, I don't get tired of it."
khah....iā m̄,khah....iā m̄,怎麼⋯也不願,no matter how...still not willing
"Góa m̄ chai i teh siū-khì siáⁿ-hòe, khah kiò iā m̄ ìn.",,我不知道他在生氣什麼，再叫（喊）也不回答,"I don't know what he is angry about, no matter how much (often) you call him, he does not answer."
khah lâi,khah lâi,再過來一點,a little towards the speaker
"Tùi sèng-tn̂g khah lâi chit pêng, ū chi̍t khám piáⁿ-tiàm.",,從聖堂下來這一邊，有一間餅行,"There is a bakery, a little towards us, from the Church. (A little up from the Church in this direction)"
khah tōa hàn,khah tuā hàn,更大一點,older
"Lí chím-má iáu bē hiáu, āu-pái nā khah tōa hàn chiū ē-hiáu.",,你現在還不會，將來長大了就會,"Now you still don't understand, later on after you get a little older, you will understand."
khah lāu,khah lāu,老些 | 更老,older
"Lí nā khah lāu, chiū ē chai-iáⁿ kiān-khong sī lōa iàu-kín",,你若老些就會曉得健康是多麼要緊,"When you get older, you will know how important good health is."
tio̍h khah tōa,tio̍h khah tuā,要大些,must get bigger | must grow more
"Chit khoán ê kóe-chí-chhiū tio̍h khah tōa châng, chiah ē siⁿ.",,這種的果樹要大些，才能結果,This type of a fruit tree must get a bit bigger before it bears fruit.
khah lâi,khah lâi,再來一點,to come closer
Khah lâi lè!,,再來一點,Come closer!
khah khì lè!,,再去一點,Step back a bit!
khah óa,khah uá,緊一些,closer
khah khui,khah khui,鬆一些,farther apart
Chē khah óa lè!,,坐得緊一些,Sit closer to me (or together)
Chē khah khui lè!,,坐得鬆一些,Sit farther apart!
khah chhut la̍t,khah tshut la̍t,再出力一點,to exert oneself more
Khah chhut la̍t lè!,,再出點力,Exert yourself a bit more!
khah sio̍k,khah sio̍k,便宜一點,to be cheaper
(Sǹg) khah sio̍k lè!,,算便宜一點,Make it cheaper!
khah-chá,khah-tsá,以前,
Khah-chá ê lâng bô ēng tiān-hóe.,,以前的人沒有用電燈,People in former times did not use electric lights.
khah iâⁿ,khah iânn,勝過,to be superior to
I ê la̍t khah iâⁿ gō͘ ê lâng ê la̍t.,,他的力勝於五個人的力,His strength is superior to that of five men.
khah-su,khah-su,劣於 | 亞於,to be inferior to
Sin-chiú khah sū kū-chiú.,,新酒劣於舊酒,New wine is inferior to old.
khah-bián,khah-bián,不用 | 不到,not so much needed | hardly necessary
Khah bián chi̍t ji̍t,,不用一天,It will hardly take a day.
Khah bián gō͘ kho͘,,不到五塊錢,It won't cost as much as five dollars.
khah-thêng-á,khah-thîng-á,過一會,in a very short time
I khah thêng-á ē tńg-lâi.,,他過一會就回來,He will be back very shortly.
khah ē,khah ē,較容易,more likely to
"Lāu-lâng khah ē poa̍h-tó, lí tio̍h-ài kā i khan lè.",,老人較易摔倒，你要扶他,An old person is more likely to fall; you should lead him by the arm.
khah bē,khah bē,較不容易 | 較不會,less likely to
"Góa léng-sián liáu-āu, ū khah bē siū-khì.",,我領洗以後，較不會生氣,"After (since) I have received Baptism, I am less likely to get angry."
khai-chîⁿ,khai-tsînn,花錢,to spend money lavishly
khai hōe | khui hōe,khai huē | khui huē,開會,to hold a meeting
khai-sí,khai-sí,開始,to begin
khai-bō͘,khai-bōo,開幕,opening (Lit. open-curtain)
Oân-lîm ê sin sèng-tn̂g bîn-ná-chài boeh khai-bō͘,,員林的新聖堂明天要開幕,Tomorrow will be the opening of the new Church in Oan Lim.
khai-bō͘ tián-lé,khai-bōo tián-lé,開幕典禮,openig ceremony
Chú-kàu boeh chú-chhî khai-bō͘ tián-lé.,,主教將主持開幕典禮,The Bishop will manage the opening ceremony.
khak,khak,殼,husks | a shell | a nutshell
(ke oe ah) nn̄g-khak,(ke oe ah) nn̄g-khak,蛋殼,an egg shell
thô͘-tāu-khak,thôo-tāu-khak,花生殼,peanut shells
la̍t-chí-khak,la̍t-tsí-khak,栗子殼,a chestnut shell
hê-á-khak,hê-á-khak,蝦子殼,shell of a shrimp
peh-khak,peh-khak,剝殼,to husk | to pare | to remove the shell
khàm,khàm,蓋,to cover
a̍p-á kòa tio̍h-ài khàm lè.,,盒子蓋要蓋起來,You must put the lid on the box.
khám,khám,間 | 店舖,cl. for a shop
Hit khám thì-thâu-tiàm.,,那間理髮店,That barber shop.
khām-sàu,khām-sàu,咳嗽,to clear the throat
I boeh kóng ōe ê sî lóng ài tāi-seng khām-sàu.,,他講話時都要首先咳嗽一下,"When he is about to talk, he clears his throat very loudly."
khan,khan,牽 | 導,to lead an animal with a string or to lead a person by the hand
Lí tio̍h-ài khan gû khì chhī.,,你要牽牛去餵,You must lead the cow out to feed it.
khan-chhiú,khan-tshiú,妻,one's wife
khang,khang,孔 | 空,a hole | empty
Góa ê ê-té phòa chi̍t khang.,,我的鞋底破了一個洞,The sole of my shoe has a hole in it.
khui-khang,khui-khang,開洞,to make a hole
phīⁿ-khang,phīnn-khang,鼻孔,nostrils
hīⁿ khang,hīnn khang,耳洞,inner part of ear
ngiáu phīⁿ-khang,ngiáu phīnn-khang,清鼻孔,to clean out nose as a barber does
Lí m̄ thang khàng phīⁿ-khang.,,你不要搔鼻孔,Don't pick your nose.
ngiáu hīⁿ-khang,ngiáu hīnn-khang,清耳孔,to clean out ears as a barber does
khàng,khàng,搔,to scrape | to scratch
khàng phīⁿ khang,khàng phīnn khang,搔鼻孔,to pick the nose
khang-khang,khang-khang,空空,empty
khang-khòe,khang-khuè,工作,work
khang siuⁿ-á,khang siunn-á,空箱,an empty box
khang-keng,khang-king,空房,an empty room
khap,khap,俯伏 | 顛覆,to prostrate | to put upside down
Óaⁿ-pôaⁿ nā sé hó ài khap lè.,,碗碟洗後要倒放,"After the dishes have been washed, they must be inverted."
"Góa ài kā lí thiaⁿ kha-chiah-phiaⁿ, chhiáⁿ lí khap lè.",,我要聽你的背部，請你俯臥著,"I want to listen to your back, please prostrate. (said by a doctor to a patient)"
kha̍p,kha̍p,接觸,to touch | come in contact with | strike against | bump into.
Tiān-sòaⁿ kap tiān-sòaⁿ nā sio-kha̍p ē chhut hòe.,,電線和電線相接觸會出火,"When an electric wire comes in contact with another electric wire, it gives off a spark."
"Góa chhiú-nih phâng chi̍t óaⁿ chhài-thng, lí m̄ thang kā góa kha̍p tio̍h.",,我手裡端著一碗菜湯，你別碰上我,"I have a bowl of soup in my hands, don't bump into me."
"Góa ê o͘-thó͘-bái sió-khóa kā i kha̍p-tio̍h nā-tiāⁿ, bô kā i kauh-tio̍h, iā bô kā i pōng-tio̍h.",,我的機器腳踏車觸到他一點而已，沒有輾倒他也沒有碰上他,I barely touched him with my motor-bike; I did not run over him nor did I collide with him.
khàu,khàu,哭,to cry
m̄-bián khàu,m̄-bián khàu,不要哭,no need of crying
khau,khau,刮 | 以刨削,to scrape | to plane
khau-to,khau-to,刨刀,a plane
Chit tè pang kā góa khau hō͘ pîⁿ.,,這片板替我把他刮平,Plane this board smooth for me.
khe,khe,溪,a river
tōa tō͘ khe,tuā tōo khe,大肚溪,Big Belly River
khè-iok,khè-iok,契約,a contract | to make a contract
"Góa āu lé-pài boeh poaⁿ lâi chit keng chhù, góa í-keng kap chhù-chú khè-iok liáu a.",,我下星期將搬到這個房子來，我已經和房東契約完了,"Next week I will move into this house, I have already made a contract with the owner."
kheh-khì,kheh-khì,客氣,ceremony | to stand on ceremony
m̄-thang kheh-khì,m̄-thang kheh-khì,不要客氣,make yourself at home
m̄-bián kheh-khì,m̄-bián kheh-khì,不要客氣,make yourself at home
kheh-thiaⁿ | chiap-thāi-só͘ | èng-chiap-sek,kheh-thiann | tsiap-thāi-sóo | ìng-tsiap-sik,客廳 | 接待所 | 應接室,reception room | guest room
kheh,kheh,閉 | 眼睛,to shut (the eyes)
Lí ba̍k-chiu kheh-kheh teh siūⁿ sím-mih tāi-chì?,,你閉著眼睛在想什麼事情？,"You have your eyes closed, what are you thinking about?"
khèng-chiok,khìng-tsiok,慶祝,to celebrate
Góa lia̍h chi̍t chiah ke boeh lâi khèng-chiok lí ê siⁿ-ji̍t.,,我抓一隻鷄要來慶祝你的生日,"I brought a chicken, I want to congratulate you on your birthday. (I want to celebrate your birthday.)"
khéng,khíng,肯,willing
Lí khéng kā góa pang-bâng bô?,,你肯不肯幫我的忙？,Are you willing to help me.
m̄ khéng,m̄ khíng,不肯,unwilling
I ê sin thih-bé lóng m̄-khéng chioh lâng.,,他的新腳踏車都不肯借給人家,He is unwilling to lend his new bicycle to anyone.
kheng,khing,框,"a frame (of a picture, window etc.)"
siòng-kheng,siòng-khing,相框,a picture frame
mn̂g-kheng,mn̂g-khing,門框,a door frame
thang-á-mn̂g-kheng,thang-á-mn̂g-khing,窗框,a window frame
kheng-sī | khòaⁿ-khin,khing-sī | khuànn-khin,輕視,to despise | to look down upon
Mài kheng-sī góa.,,別輕視我,Don't look down upon me.
khì,khì,去,to go
khí--lâi,khí--lâi,起來,to get up | to raise up
peh--khí-lâi,peh--khí-lâi,爬起來,to climb up | to get up out of bed.
só--khí-lâi,só--khí-lâi,鎖起來,lock it up
pau--khí-lâi,pau--khí-lâi,包起來,wrap it up
koaiⁿ--khí-lâi,kuainn--khí-lâi,關起來,close it
thiàu--khí-lâi,thiàu--khí-lâi,跳起來,to jump up
the̍h--khí-lâi,the̍h--khí-lâi,拿起來,to bring up
khiā--khí-lâi,khiā--khí-lâi,站起來,to stand up
kì--khí-lâi,kì--khí-lâi,記起來,to make a record of
kńg--khí-lâi,kńg--khí-lâi,捲起來,to roll up
khí,khí,築 | 搭 | 房屋,to raise up
khí-chhù,khí-tshù,造房子,to build a house
khí-siáu,khí-siáu,發瘋,crazy
khì-chúi,khì-tsuí,汽水,soda pop
chi̍t koàn khì-chúi,tsi̍t kuàn khì-tsuí,一瓶汽水,a bottle of pop
khì-hāu,khì-hāu,氣候,climate
khì-iû,khì-iû,汽油,gasoline
khí-kám,khí-kám,豈敢 | 不敢當,not at all | don't mention it
khí-hóe,khí-hué,起火,to start or bulid a fire
khí-thâu,khí-thâu,起先,beginning
chò-khí,tsò-khí,做起,to start to do
tha̍k-khí,tha̍k-khí,讀起,to begin studying
Tùi tē kúi kù tha̍k khí?,,從第幾句讀起？,From which sentence (do we) start studying?
chia̍h khí,tsia̍h khí,開始吃,to start to eat
tùi chím-má khí | chū chím-má khí,tuì tsím-má khí | tsū tsím-má khí,從現在起,from now on
khí-kè,khí-kè,漲價,to rise in price
Kīn-lâi ta̍k hāng lóng teh khí-kè.,,近來每樣東西都在漲價,The price of everything has been raising recently.
khi-phiàn,khi-phiàn,欺騙,to cheat | cheat
"Lí nā ē khi-phiàn lâng, chiū ē hō͘ lâng khi-phiàn.",,你若會騙人，就會受人騙,"If you cheat others, they will cheat you."
khì-khū,khì-khū,器具,a tool
khì | siū-khì,khì | siū-khì,生氣,to get angry
Lín má-mà teh khì lí m̄ tha̍k chheh.,,你媽媽正在為你不讀書而生氣,Your mother is angry with you because you don't want to study.
khì-kńg,khì-kńg,氣管,the bronchial tubes
khì-kńg-chi-iām,khì-kńg-tsi-iām,氣管支炎,bronchitis
khì-koân,khì-kuân,棄權,to quit | renounce a right
Pí-sài kàu-lō͘-bóe! m̄ thang khòaⁿ ē su chiū boeh khì-koân.,,必須賽到最後，不要因大勢已去就想棄權,Play the game out! Don't quit because it looks as if you will lose.
khi,khi,傾斜 | 偏向,lean to one side
"Khiā hō͘ ti̍t, m̄ thang khiā khi-khi.",,立正！不站得歪歪斜斜,"Stand up straight, don't lean to one side."
"Chit ki thiāu-á bô ti̍t, khi kòe chiàⁿ-pêng.",,這根柱子不直，斜向右邊,"This pole is not straight, it leans to the right."
"Hong nā thàu, chûn ē khi kòe hong-bóe.",,風勢大時，船身會斜向風吹的方向,"If the wind blows, a vessel will lean in the direction in which the wind is blowing."
khí-kho-i,khí-kho-i,牙科醫,a dentist
khí-kho-i-īⁿ,khí-kho-i-īnn,牙科醫院,a dental hospital | a dentist's office
khiâ,khiâ,騎,to straddle as a horse
khiâ-bé,khiâ-bé,騎馬,to ride a horse
khiâ thih-bé,khiâ thih-bé,騎腳踏車,to ride a bicycle
khiā,khiā,站,to stand
Chhiáⁿ lín khiā-khí-lâi.,,請你們站起來,Please stand up.
khia,khia,奇數,an odd number
"Khia ê sàu thô͘-kha, siang ê koah chháu.",,奇數的掃地，雙數的割草,"If it's an odd number, you must sweep the floor; if it's even you must cut grass."
khiā-ke,khiā-ke,住宅,family residence
"Góa ê tiàm tī chia, khiā-ke tī Lâm Tâi-tiong.",,我的店舖在這裡，住宅在南台中,"My store is here, my residence is in South Taichung."
khiām,khiām,節儉,sparing | thrifty | economical
khiàm,khiàm,欠,to owe | to be missing
Khiàm lâng ê chîⁿ tio̍h-ài kóaⁿ-kín hêng.,,欠人的錢要趕快還,"If you owe people money, you must pay it back quickly."
khiam-pi,khiam-pi,謙卑 | 謙遜的,humble
khiam-sè,khiam-sè,謙卑 | 謙遜的,humble
khiap-sì,khiap-sì,難看的,ugly (only for countenance)
"Gín-ná khiap-sì bô iàu-kín, gâu tha̍k-chheh tio̍h hó.",,小孩子難看沒有關係，會讀書就好,"If a child is ugly it makes no difference, if he is good at the books, then all's O.K."
khiáu,khiáu,聰明,clever | smart
khiau,khiau,曲 | 彎,bent | crooked | curved | winding
"Chit tiâu lō͘ chin khiau, khiâ o͘-thó͘-bái tio̍h-ài khah chù-ì lè!",,這條路很彎，騎機器腳踏車要注意,"This road has many curves, when riding a motorbike, one needs to be rather (very) careful."
khiâu,khiâu,使性的 | 脾氣暴躁的,be fretful | be peevish
"Chit ê gín-ná teh phòa-pīⁿ, só͘-í chin gâu khiâu.",,這個孩子病了，所以脾氣很暴躁,"This youngster is not well, so he is very fretful."
"Má-mà chin bô êng, lí m̄-thang khiâu tang khiâu sai.",,媽媽很忙，你別這麼使性,"Mother is very busy, don't fret about this and fret about that."
khîn,khîn,勤,industrious | diligent
khîn-bián,khîn-bián,勤勉,diligent | industrious
khin,khin,輕,light (not heavy)
khioh,khioh,拾到,to pick up | to gather
"Tī lō͘-ni̍h khioh ê, m̄-sī thau-the̍h ê.",,在路上拾到的，不是偷來的,"This was picked up in the street; it is not stolen. (I picked this up on the road, I did not steal it.)"
khit-chia̍h,khit-tsia̍h,乞食,a begger
kiû-khit,kiû-khit,求乞,to beg
Góa boeh kā lí kiû-khit chi̍t sut-lá chîⁿ lâi i pīⁿ.,,我要向你乞求一些錢來治病,I want to beg you for a bit of money to cure my sickness.
khiuⁿ,khiunn,土因 | 語調,a dialect | a peculiar pronunciation | a brogue.
Gōa-séng-lâng kóng Tâi-oân-ōe ū chi̍t ê khiuⁿ.,,外省人講台灣話有一種土音,The mainlanders speak Taiwanese with a brogue.
khǹg,khǹg,放 | 置,to put | to place
khǹg,khǹg,勸,to advise
Iâ-so͘ khǹg lâng tio̍h-ài ài pa̍t-lâng chhin-chhiūⁿ ài ka-tī.,,耶穌勸人要愛他人與愛自己一樣,Jesus exhorted people that they must love others as themselves.
khò,khò,課,lesson
àm khò,àm khò,晚課,evening prayers
chá khò,tsá khò,早課,morning prayers
khó,khó,洘,thick
khó-môe,khó-muê,洘稀飯,thick rice gruel
khó-chhì,khó-tshì,考試,exam | to examine
khó-koàn,khó-kuàn,考卷,exam papers
ké khó-koàn | kái khó-koàn,ké khó-kuàn | kái khó-kuàn,改考卷,to correct exams
khò-tê,khò-tê,課題,home work
khó-bē-tiâu,khó-bē-tiâu,考不中,not able to pass exam
khó-bô-tiâu,khó-bô-tiâu,考不上,not to pass exam
khó ū thong-kòe,khó ū thong-kuè,考得通過,to pass exam
kho ba̍k,kho ba̍k,科目,subjects in school
kho-ha̍k,kho-ha̍k,科學,science
khó-sioh,khó-sioh,可惜,regrettable | what a pity that...
chin khó-sioh,tsin khó-sioh,很可惜,It's really pitiful
"Khó-sioh, góa kin-ná-ji̍t bô sî-kan, bē-tàng kā lí tàu-kha-chhiú.",,可惜我今天沒有時間，不能幫你的忙,"It's too bad that I have no time today, I cannot give you a hand."
khò,khò,靠,depend on | to trust
Lâng tio̍h-ài khò Thian-chú ê sèng-thióng.,,人須依靠天主的聖寵,Men must rely on God's grace.
óa-khò,uá-khò,依靠,to rely on | to depend on
kho͘,khoo,元 | 塊 | 錢,a dollar
khó͘,khóo,苦,bitter
khó͘-lān,khóo-lān,苦難,suffering
khó͘-ha̍k,khóo-ha̍k,苦學 | 半工半讀,to work one's way through school
"Chit ê ha̍k-seng chin sàn, só͘-í teh khó͘-ha̍k.",,這個學生很窮，所以在半工半讀,"This student is very poor, so he is working his way through school."
khó͘-ha̍k-seng,khóo-ha̍k-sing,苦學生,a self-supporting student
khó͘-sim,khóo-sim,苦心,take pains | do one's best | efforts
Góa chai-iáⁿ lín ê khó͘-sim.,,我很了解你們的苦心,I know that you are doing your best.
Góa chai-iáⁿ lín chin khó͘-sim.,,我知道你們費了很多苦心,
khó͘-pí kóng,khóo-pí kóng,譬如說,for example
khò͘,khòo,褲,trousers
khò͘ tē-á,khòo tē-á,褲袋,pants pocket
khòaⁿ,khuànn,看,to look | to discern | to watch | to read
khòaⁿ-kìⁿ,khuànn-kìnn,看見,"to see. N.B. We should be careful to distinguish between ""khuann3"" and ""khuann3-kinn3"""
khòaⁿ,khuànn,看,means to look at
khòaⁿ-kìⁿ,khuànn-kìnn,看見,means to see or to perceive with the eye.
góa m̄ bat khòaⁿ-kìⁿ,guá m̄ bat khuànn-kìnn,我不曾看過,I have never seen that.
khòaⁿ pò-chóa,khuànn pò-tsuá,看報紙,to read the paper.
khòaⁿ chheh,khuànn tsheh,看書,to read a book silently
khòaⁿ mî-sat,khuànn mî-sat,看彌撒,to attend Mass
khòaⁿ sin-niû,khuànn sin-niû,看新娘,to visit the bride | to attend a wedding
khòaⁿ tiān-iáⁿ,khuànn tiān-iánn,看電影,to watch a movie | we say to see a movie | but the natives seem to say to watch a movie.
khòaⁿ bāi,khuànn bāi,看一看,to try | to make a trial | to test
khì khòaⁿ (bāi) lè,khì khuànn (bāi) lè,去看一看,go and take a look
chia̍h khòaⁿ (bāi) lè,tsia̍h khuànn (bāi) lè,吃吃看,taste it! Take a taste.
chò khòaⁿ (bāi) lè,tsò khuànn (bāi) lè,做做看,Try to do it | give it a trail
phīⁿ khòaⁿ (bāi) lè,phīnn khuànn (bāi) lè,聞聞看,Smell it
kóng khòaⁿ (bāi) lè,kóng khuànn (bāi) lè,說說看,Try to say it
siá khòaⁿ (bāi) lè,siá khuànn (bāi) lè,寫寫看,Try to write it
niû khòaⁿ (bāi) lè,niû khuànn (bāi) lè,量量看,Measure it
chē khòaⁿ (bāi) lè,tsē khuànn (bāi) lè,坐坐看,"Sit down and see how it is. (e.g. a seat or chair, try it and see if it's comfortable)."
hó-khòaⁿ,hó-khuànn,好看,good looking
pháiⁿ khòaⁿ,pháinn khuànn,不好看,ugly | bad looking
khòaⁿ ē chhut,khuànn ē tshut,看得出,can distinguish
"Hó lâng pháiⁿ lâng, lí khòaⁿ ē chhut bē?",,好人壞人你看得出嗎？,Can you distinguish good people from bad ones?
khòaⁿ bē-chhut,khuànn bē-tshut,看不出,cannot distinguish
"Chin ê á-sī ké ê, góa khòaⁿ bē chhut.",,真的或是假的，我看不出,I cannot tell the difference between a true one and a false one.
thau khòaⁿ,thau khuànn,偷看,to peep | to look stealthily or secretly
Thau khòaⁿ pa̍t-lâng ê phoe.,,偷看別人的信,To steal a look at other people's letters.
khòaⁿ bô tio̍h,khuànn bô tio̍h,沒有看到,did not manage to see it | e.g. from coming too late | or not being near enough | though it really was there.
khòaⁿ bē tio̍h,khuànn bē tio̍h,看不到,unable to see it | e.g. because something is obstructing the view.
khòaⁿ-bô,khuànn-bô,看不到,"to look but not to see | sometimes has the meaning of ""not know how to""."
Chit tiuⁿ tē-tô͘ góa (bē hiáu khòaⁿ) khòaⁿ bô.,,這張地圖我看不清楚（我不會看這張地圖）,I don't know how to read this map.
khòaⁿ-khin,khuànn-khin,看輕,to despise
M̄-thang khòaⁿ khin lâng.,,不要看輕人家,Don't despise others.
khòaⁿ tāng,khuànn tāng,看重,to value very highly | to esteem | to appreciate
Khòaⁿ tāng Thian-chú ê sèng-thióng.,,看中天主的聖寵,To value the grace of God very highly.
khòaⁿ,khuànn,,
Lí khì mn̄g khòaⁿ i boeh lâi bô?,,你去問他看看他要不要來？,"""Go and ask whether he is coming or not."
Góa boeh lâi-khì mn̄g khòaⁿ i ū êng bô?,,我要去問他看看他有沒有空？,"Go and ask if he is coming."""
Lí khì mn̄g khòaⁿ hit ê sî-cheng ài kúi ê?,,你去問那個時鐘要多少錢？,I am going to ask whether he is free or not.
Lí tio̍h-ài lâi mn̄g góa khòaⁿ boeh bé sím-mih chhài.,,你應該來問我看看要買什麼菜？,Go and find out how much that clock costs.
Lí khì mn̄g i khòaⁿ boeh chhōe siáⁿ lâng?,,你去問他看看是要找什麼人？,You must come and find out what vegetables I want to buy.
khòaⁿ,khuànn,,
Niû khòaⁿ ū lōa tn̂g.,,量看看有多長,Measure it and find out how long it is.
Chhìn khòaⁿ ū lōa tāng.,,稱稱看有多重,Weigh it and find out how heavy it is.
Sǹg khòaⁿ tio̍h bô.,,算算看對不對,Count it and see if it is correct.
khòaⁿ,khuànn,,
Lí khì khòaⁿ sîn-hū lâi á bōe.,,你去看看神父來了沒有？,Go and see whether the priest has arrived yet.
Lí khì khòaⁿ iáu ū mī-piáⁿ bô.,,你去看看有麵餅沒有？,Go and look whether there are still some hosts or not.
khòaⁿ tang khòaⁿ sai,khuànn tang khuànn sai,看東看西 | 東瞻西望,to look all around
"Khòaⁿ Mî-sat ê sî, m̄-thang khòaⁿ tang khòaⁿ sai.",,望彌撒的時候，不要東瞻西望,"When attending Mass, don't look all around (lit. don't look East and West)."
khòaⁿ,khuànn,診察,to diagnose | examine (a patient)
I-seng teh khòaⁿ pīⁿ-lâng (or hoān-chiá).,,醫生在看（診察）病人,The doctor is examining the patient.
Góa boeh lâi khì hō͘ i-seng khòaⁿ.,,我要去給醫生診察一下,I want to go and be examined by a doctor.
khoaⁿ-khoaⁿ,khuann-khuann,慢慢地 | 小心地,slowly | carefully | gently
"Khoaⁿ-khoaⁿ-á siá, chiah siá ē súi.",,慢慢寫，才會寫得好,"Write carefully, then you will write neatly."
"ū tāi-chì khoaⁿ-khoaⁿ-á kóng, m̄ thang sio-mē.",,有事慢慢談，不要吵架,"If there is some trouble, speak gently, don't quarrel."
khoah,khuah,寬 | 濶,wide
Lí ê pak-tó͘ (sim-koaⁿ) chin khui-khoah.,,你的心地很寬大,You are very generous.
khoài,khuài,快,easy | fast
khoài chhia,khuài tshia,快車,express bus (ot train)
hui khoai chhia,hui khuai tshia,飛快車,diesel car
khoài-lo̍k,khuài-lo̍k,快樂,happy | cheerful | glad
khoài-sìn,khuài-sìn,快信,express mail
khoán,khuán,種 | 樣,kind | sort | type
toh chi̍t khoán,toh tsi̍t khuán,那一種,which kind?
chit khoán,tsit khuán,這種,this kind
hit khoán,hit khuán,那種,that kind
sím-mih khoán,sím-mih khuán,哪一種,what kind?
kāng khoán,kāng khuán,一樣,the same
bô kāng khoán,bô kāng khuán,不一樣,not the same
khoàn-kò,khuàn-kò,勸告,to advise
Khoàn-kò lâng lâi thiaⁿ tō-lí sī chin hó ê tāi-chì.,,勸告人來聽道理是很好的事,It is a very good thing to advise others to listen to the doctrine.
khoan-bián,khuan-bián,寬免,to forgive | forgiveness | to dispense
"Lí nā bē-tàng siú Chú-ji̍t, tio̍h-ài kiû Sîn-hū khoan-bián.",,你若不能守主日，就要求神父寬免,"If you cannot observe Sunday, you must ask the priest for a dispensation."
khoán-thāi,khuán-thāi,歡待 | 款待,to treat (well)
hó khoán-thāi,hó khuán-thāi,待⋯⋯好,to treat well
"Lí nā hó khoán-thāi lâng, lâng chiū ē hó khoán-thāi lí.",,你若好好地款待他人，人就會好好地歡待你,"If you treat others well, they will also treat you well."
pháiⁿ khoán-thāi,pháinn khuán-thāi,待⋯⋯不好,to treat ill
ê-khoán,ê-khuán,⋯⋯的樣子 | 似乎,"seems | probably (can be used instead of ""[tai7-khai3]"", but always comes at the end of the sentence.)"
Tāi-khài ē lo̍h hō͘ = ē lo̍h hō͘ ê khoán,,大概會下雨 = 會下雨的樣子,It will probably rain. = It looks like it will rain.
Tāi-khài ū tī-lē = ū tī-lē ê khoán,,大概在 = 似乎在,He is probably at home (in). = He is probably at home (in).
Tāi-khài sī Tè sîn-hū = Tè sîn-hū ê khoán,,大概是戴神父 = 似乎是戴神父,It's most probably Father Fedders. = It's most probably Father Fedders.
khoat-tiám,khuat-tiám,缺點,defect (something wanting)
"Chit ê lâng chin gâu, tān-sī iā ū chin chē khoat-tiám.",,這個人很聰明但是也有很多缺點,"This lad is very clever, but he has many defects."
khoat-tēng,khuat-tīng,決定,to determine | to decide | to settle
Góa iáu-bōe khoat-tēng tang-sî boeh tńg-khì.,,我還沒有決定什麼時候要回去,I have not yet decided when I shall return.
khoe-sìⁿ,khue-sìnn,扇子,a fan
khòng,khòng,零,zero
chi̍t pah khòng gō͘ ê lâng,tsi̍t pah khòng gōo ê lâng,壹百零五個人,105 people
khong-khì,khong-khì,空氣,air
khóng-chú,khóng-tsú,孔子,Confucius
khóng,khóng,燉 | 蒸煑,to stew
khòng hō͘ nōa,khòng hōo nuā,燉到很軟,to stew or boil until very soft ([nua7])
khòng bah,khòng bah,燉肉,stewed pork
khong-kiān,khong-kiān,康健,healthy | health
Góa ê a-kong iáu-kú chin khong-kiān.,,我的祖父還是很健康,My grandfather is still very healthy.
khong-tiong,khong-tiong,空中,in the air | the air | the sky
Khong-tiong ū chin chē khòaⁿ bē tio̍h ê lah-sap-á.,,空中有許多看不見的髒東西,There are many invisible particles of dirt in the air.
khong-si̍p,khong-si̍p,空襲,an air raid
Lí bat tú-tio̍h khong-si̍p bô?,,你曾遇到過空襲嗎？,Have you ever experienced an air raid?
khong-si̍p kèng-pò,khong-si̍p kìng-pò,空襲警報,an air raid alarm
khong-kun,khong-kun,空軍,air forces
khu,khu,區 | 塊,a government district | a ward in a city | a section of a field | a field
chi̍t khu chhân,tsi̍t khu tshân,一塊田,a field
khu-tiúⁿ,khu-tiúnn,區長,the head of a district
kàu-khu,kàu-khu,教區,an ecclesiastical district | a diocese | a prefecture | vicariate
tâi-tiong-kàu-khu,tâi-tiong-kàu-khu,台中教區,the prefecture of Taichung
khû,khû,蹲,to squat | crouch
"Khiā-le nā kan-khó͘, chhiáⁿ lín khû le.",,站立若是辛苦的話，請你們蹲下來,"If standing is too tough, then please squat."
khū-khū-chhoah | khū-khū-chùn,khū-khū-tshuah | khū-khū-tsùn,戰抖,to shiver
Kiaⁿ (or kôaⁿ) kah khū-khū-chun. (or -chhoah),,怕（冷）得發抖,To be so scared or cold as to shiver (or tremble).
khui,khui,開,to open
khui | phah-khui,khui | phah-khui,開 | 打開,to open
khui mn̂g,khui mn̂g,開門,to open a door
khui thang-á-mn̂g,khui thang-á-mn̂g,開窗,to open a window
khui koàn-thâu,khui kuàn-thâu,開罐頭,to open a can of food
khui koàn-thâu--ê,khui kuàn-thâu--ê,開罐頭的,a can opener.
thí-khui,thí-khui,展 | 開,to open the eyes | to spread open or to open out as an umbrella or a fan.
"Ba̍k-chiu ài thí-khui (or peh-khui), m̄ thang kheh-le.",,眼睛要展開，不要合著,You must open your eyes don't close them.
"Hō͘-sòaⁿ nā lo̍h hō͘ chiah thí-khui, nā bô hō͘ ài ha̍p-le.",,雨傘在下雨的時候才展開，若沒有下雨要合著,"Open your umbrella only when it rains, if it isn't raining, you should close it."
hian-khui,hian-khui,翻 | 開,to open as a book | to uncover | to draw aside as a veil or a curtain
You must open your eyes don't close them.,,請你們翻第三十五頁,Please open your books to page thirty five.
"Open your umbrella only when it rains, if it isn't raining, you should close it.",,盒子蓋翻起來看一看,Uncover the box and take a look.
khui-hōe | khai-hōe,khui-huē | khai-huē,開會,to hold a meeting
khui-o̍h,khui-o̍h,開學,to open school
khui-hoe,khui-hue,開花,to bloom | in flower
khùn,khùn,睡眠,to sleep
ài-khùn,ài-khùn,欲睡的,sleepy | to be sleepy
khùn tiong-tàu,khùn tiong-tàu,午睡,to take a (midday) nap
khùn-saⁿ,khùn-sann,睡衣,pajamas | a nightgown
khùn bô kàu bîn,khùn bô kàu bîn,睡眠不足,want of sleep | not enough sleep
"Góa chang-àm khùn bô kàu bîn, kin-ná-ji̍t chin lán.",,我昨晚睡眠不足，今天覺得很累,"Last night I did not get enough sleep, today I am very tired."
khùn lo̍h bîn,khùn lo̍h bîn,熟睡,to fall fast asleep | to be sound asleep
"I chím-má khùn chin lo̍h-bîn, kā i kng chhut-khì gōa bīn iā bē cheng-sîn.",,他正在熟睡，把他抬到外面也不會醒,"He is now sleeping very soundly, you could carry him outside and he wouldn't even wake up."
khùn bē lo̍h bîn,khùn bē lo̍h bîn,睡不著,to have a bad sleep | pass a sleepless night
"Chang-àm chhúi-khí teh thiàⁿ, só͘-í khùn lóng bē lo̍h-bîn.",,昨晚因牙齒在痛，所以都睡不著,"Last night I had a toothache, so I slept very poorly."
pháiⁿ-khùn,pháinn-khùn,不規規矩矩地睡,to be restless in sleep | to toss about in one's sleep
"Chit ê gín-ná chin pháiⁿ khùn, tiāⁿ-tiāⁿ poa̍h lo̍h khì bîn-chhn̂g-kha.",,這個孩子不規規矩矩地睡，常常跌落床下,"The youngster is very restless in bed, he always falls out under the bed."
khùn m̄ chai chhí | khùn kòe-thâu,khùn m̄ tsai tshí | khùn kuè-thâu,睡不醒,to oversleep
"In-ūi chin thiám, chái-khí soah khùn m̄ chai chhíⁿ (or m̄ chai cheng-sîn).",,因𤔡很疲勞，今早竟睡不醒,"Because I was very fatigued, I overslept this morning."
ki,ki,枝,cl. for things held in hand
ki-tok-kàu,ki-tok-kàu,基督教,Protestantism
kì-liām,kì-liām,紀念 | 記念,to commemorate | a remember | a souvenir
Lán kin-ná-ji̍t kì-liām Iâ-so͘ Sèng-tàn-chiat.,,我們今天記念耶穌的聖誕節,Today we commemorate the feast of the Nativity of Jesus.
Góa chit ê sèng-pâi hō͘ lí chò kì-liām.,,我這一個聖牌送給你做記念,I'll give you this medal as a remembrance.
kì,kì,記,to record
Lí khai ê chîⁿ lóng tio̍h-ài kì-khí-lâi.,,你所用的錢都要記起來,You must keep a record of all the money you spend.
kì-siàu,kì-siàu,記帳,to record accounts
kì,kì,鋸,to saw
kì-á,kì-á,鋸子,a saw
ki-hô,ki-hô,幾何,geometry
kî-khó,kî-khó,期考,a semester exam
ki-hōe,ki-huē,機會,opportunity
"Nā ū hó ki-hōe, tio̍h-ài kóng tō-lí hō͘ lâng thiaⁿ, khoàn lâng hōng kàu.",,若有好機會就要講道理給他們聽，勸人奉教,If you have a good opportunity you must explain the doctrine to others and exhort them to enter the Church.
kî,kî,旗,a flag
kî-á,kî-á,旗子,the national flag
seng-kî,sing-kî,星期,a week
seng-kî-ji̍t,sing-kî-ji̍t,星期日,Sunday
kî,kî,棋,checkers | chess
kiâⁿ-kî,kiânn-kî,行棋,to play chess
ki-liông | ke-lâng,ki-liông | ke-lâng,基隆,Keelung
ki-chhó͘,ki-tshóo,基礎,foundation | basis
"Bô lūn chò sím-mih tāi-chì, ki-chhó͘ siōng iàu-kín, ki-chhó͘ nā pháiⁿ (or lám), chhin-chhiūⁿ khí chhù tòa tī soa-téng.",,無論做什麼事情基礎最要緊，基礎不好就如築屋於沙上,"No matter what one does, the foundation is most important; if the foundation is weak, it is like building a house on sand."
ki-su̍t,ki-su̍t,技術,technique
Chit ê sai-hū ê ki-su̍t chin hó.,,這個工匠的技術很好,This master workman's technique is very good.
kí-hêng,kí-hîng,舉行,"to hold | perform | celebrate (meeting, ceremony)"
kí-hêng pi̍t-gia̍p sek,kí-hîng pi̍t-gia̍p sik,舉行畢業典禮,to hold graduation exercises
kí-hêng kiat-hun-sek,kí-hîng kiat-hun-sik,舉行結婚典禮,to celebrate a wedding
kì-lo̍k,kì-lo̍k,記錄,a record | to take minutes | to record
Hōe-gī ê sî lóng tio̍h-ài siá kì-lo̍k.,,會議時都要寫記錄,"A record must be made when there is a discussion (When there is a meeting, minutes must be taken)."
I só͘ kóng ê tāi-chì chhiáⁿ lí kì-lo̍k-khí-lâi.,,他所說的事情，請你記錄下來,Please make a record of all he says.
kì-chiá,kì-tsiá,記者,a journalist
I sī London Times ê kì-chiá.,,他是倫敦時報的記者,He is a journalist for the London Times.
kî-koài | ku-koài,kî-kuài | ku-kuài,奇怪 | 古怪,strange | mysterious
"Chin kî-koài, bô lâng lâi, toh-téng ê mi̍h ná ē bô-khì.",,真奇怪，沒有人來，桌上的東西怎麼會丟掉呢？,"This is very strange, no one was here, and the things on the top of the table have disappeared."
kî-su̍t,kî-su̍t,奇術 | 魔術,jugglery | magic | tricks
Góa piàn kî-su̍t hō͘ lí khòaⁿ hó bô?,,我表演魔術讓你看好嗎？,"I'll do a trick (a stunt) for you, O.K.?"
kì-hù,kì-hù,捐 | 樂捐,contribution | to subscribe
ki-kim,ki-kim,基金,a fund | a foundation
I kì-hù chi̍t pah bān (kho͘) boeh hō͘ kàu-hōe chò ki-kim.,,他捐出一百萬元要給教會做基金,"He contributed 1,000,000.00 to the Church as a foundation."
kî-tó,kî-tó,祈禱,a prayer | to pray
kìⁿ,kìnn,見,to perceive | interview
"Góa ū chi̍t hāng tāi-chì, boeh lâi-khì kìⁿ Koān-tiúⁿ.",,我有一件事情要去見縣長,I have some business; I want to go and see the Mandarin about it.
khòaⁿ-kìⁿ,khuànn-kìnn,看見,to see (lit. to look and perceive).
Chheⁿ-mê bô khòaⁿ-kìⁿ.,,瞎子沒有看見,A blind man cannot see (lit. does not see).
thiaⁿ-kìⁿ,thiann-kìnn,聽見,to hear (lit. to listen and perceive).
Chhàu-hīⁿ lâng bô thiaⁿ-kìⁿ.,,聾子沒有聽見,A deaf man cannot hear. (lit. does not hear).
bāng-kìⁿ,bāng-kìnn,夢見,to dream. (lit. to see in a dream.)
"Góa chang-àm bāng-kìⁿ chi̍t ê chin hó ê bāng, bāng-kìⁿ lí chhiáⁿ góa.",,我昨晚夢見一個很好的夢，夢見你請我客,"Last night I had a wonderful dream, I dreamt that you invited me out to eat."
phàng-kìⁿ,phàng-kìnn,丟了,to lose
"Góa cha-hng teh kiâⁿ-lō͘ ê sî, phàng-kìⁿ jī cha̍p gōa kho͘.",,我昨天在走路的時候，丟了二十多塊錢,"Yesterday, when I was out walking I lost twenty some dollars."
khòaⁿ-mî-sat,khuànn-mî-sat,,is not to see the Mass | but to watch or attend the Mass.
thiaⁿ tō-lí,thiann tō-lí,聽道理,"is not ""to hear a sermon"" but ""to listen to a sermon"""
kià,kià,寄 | 存,send | to put in the care of | to deposit
"Góa chit tâi o͘-thóo-bái kià lí, chhiáⁿ lí m̄-thang hō͘ gín-ná sńg.",,這輛機器腳踏車托你照管，請你不要讓小孩子玩,"I will leave this motor-bike of mine in your care, don't let the kids fool around with it."
kià chîⁿ,kià tsînn,存款,to deposit money
kià phoe,kià phue,寄信,to mail letters
"Góa boeh khì Iû-chèng-kio̍k kià phoe, iā boeh khì gîn-hâng kià chîⁿ.",,我要去郵政局寄信，也要到銀行存款,I am going to the Post Office to mail a letter and I am also going to the Bank to deposit some money.
kiā,kiā,坡,be steep | a slope (of a hill)
Boeh khì Thian-tông ê lō͘ chin e̍h koh chin kiā.,,上天堂的路又狹又險,The road going to Heaven is very narrow and very steep.
peh-kiā,peh-kiā,上坡,to walk up a hill | to drive up a hill
Lán ê khì-chhia chím-má teh peh kiā (or lo̍h-kiā).,,我們的汽車正在上坡（下坡）,Our car is now going up hill (down hill).
lo̍h-kiā,lo̍h-kiā,下坡,to walk down a hill | to drive down a hill
Lán ê khì-chhia chím-má teh peh kiā (or lo̍h-kiā).,,我們的汽車正在上坡（下坡）,Our car is now going up hill (down hill).
kiāⁿ,kiānn,件,an item | cl. for affairs
mi̍h-kiāⁿ,mi̍h-kiānn,物件,a thing | an article
chi̍t kiāⁿ hêng-lí,tsi̍t kiānn hîng-lí,一件行李,a piece of baggage
kiáⁿ,kiánn,孩子,an offspring | s son
ke-á-kiáⁿ,ke-á-kiánn,小雞,baby chicks
niau-á-kiáⁿ,niau-á-kiánn,小貓,kittens
káu-á-kiáⁿ,káu-á-kiánn,小狗,puppies
ti-á-kiáⁿ,ti-á-kiánn,小豬,piggies
kiaⁿ,kiann,恐怕 | 害怕,to fear
Hui-ki nā lâi m̄-bián kiaⁿ.,,假如飛機來不要怕,If planes come there is no need to fear.
kiâⁿ,kiânn,走 | 行,to walk | to run (of things)
"Góa kiâⁿ chin hn̄g, kha chin sng.",,我走很遠，腳很酸,"I have walked very far, my legs are very sore."
kiâⁿ lâi kiâⁿ khì,kiânn lâi kiânn khì,走來走去,to walk about
kiaⁿ liáu | kiaⁿ í | kiaⁿ á,kiann liáu | kiann í | kiann á,恐怕,lest | for fear that | afraid that
"Kiaⁿ-íⁿ (-liáu, -áⁿ) kin-ná-ji̍t ē lo̍h hō͘.",,恐怕今天會下雨,I am afraid it will rain today.
kiáⁿ-sun,kiánn-sun,子孫,son-in-low
kiáⁿ-sài,kiánn-sài,女婿,descendants
kiàⁿ,kiànn,鏡子,mirror
chhiú-kiàⁿ,tshiú-kiànn,手鏡,a hand mirror
ba̍k-kiàⁿ,ba̍k-kiànn,眼鏡,spectacles
kòa ba̍k-kiàⁿ,kuà ba̍k-kiànn,戴眼鏡,to wear spectacles
kiám,kiám,減,to subtract | to be missing | to be minus
Lí kiám góa chin chē hòe.,,你比我少好幾歲,You are many years younger than I.
kiâm,kiâm,鹹,salty
kiám-chhái,kiám-tshái,萬一 | 或許,suppose | by any chance
"Lâng-kheh kiám-chhái ē lâi, tio̍h-ài hiâⁿ kún-chúi thang phàu tê.",,客人或許會來，要燒開水以便泡茶,"If some guests should by chance come, you must heat some water to brew tea."
kiam,kiam,兼,along with | to hold or exercise together | as two offices or duties
Goán hāu-tiúⁿ teh kiam sèng-bó-kun ê chí-tō- (chiá) sîn-hū.,,我們的校長兼任聖母軍的指導者（司鐸）,Our principal is also acting as the spiritual director of the Legion of Mary.
kiám-cha,kiám-tsa,檢查,inspection | to examine | to overhaul
sin-thé-kiam-cha,sin-thé-kiam-tsa,身體檢查,physical examination
kiám-un,kiám-un,檢溫,to take the temperature
kiám-un-khì,kiám-un-khì,檢溫器,a clinical thermometer
Ēng kiám-un-khì kiám-un.,,用檢溫器檢温,To take a temperature with a thermometer.
kiàn-siàu,kiàn-siàu,害羞 | 怕羞,ashamed | embarrassed
kiān-khong,kiān-khong,健康,health
khong-kiān,khong-kiān,康健,healthy
Lín pē-bú ū khong-kiān bô?,,你的父母康健嗎？,Are your parents still healthy? (a polite way of asking if they are still alive).
kiàn-pún,kiàn-pún,樣本 | 樣品,pattern | sample
Lí si̍t-chāi ê mi̍h-kiāⁿ kap kiàn-pún bô kāng-khoán.,,你實在的東西和樣本不相同,Your real thing and the pattern are not the same.
kian-kò͘,kian-kòo,堅固,firm | secure (adj.)
kian-kò͘ ê sìn-tek,kian-kòo ê sìn-tik,堅固的信德,strong faith
kian-chín,kian-tsín,堅振,Confirmation
kian-līn,kian-līn,慳吝,covetousness
Kian-līn sī chhit chōe-chong ê chi̍t hāng.,,慳吝是七罪宗的一項,Covetousness is one of the seven capital sins.
kiat-hìⁿ-sak,kiat-hìnn-sak,拋棄 | 丟掉,to throw away
kiat-hun,kiat-hun,結婚,to marry
Lí ū kiat-hun bōe?,,你結過婚嗎？,Are you married yet?
kiat-kó,kiat-kó,結果,result | as a result of | consequently
"Lí nā pīn-tōaⁿ liām-keng, kiat-kó lí ē chò léng-tām ê kàu-iú.",,你假若懶得念經，結果你會變成冷淡的教友,"If you are lazy about praying, the result will be that you will be a lukewarm Catholic."
kiat | kio̍k,kiat | kio̍k,吝嗇,to be stingly
Chit ê lâng chin kia̍t (or kho̍k).,,這個人很吝嗇,This fellow is very stingy.
I sī chi̍t ê kho̍k-á-thâu.,,他是個吝嗇鬼,He is a stingy-buck.
kiáu-jiáu,kiáu-jiáu,打擾,to disturb | bother
"Góa tiāⁿ-tiāⁿ lâi kiáu-jiáu lí, chin pháiⁿ-sè!",,我常常來打擾你，很不好意思,I am always coming around to bother you; I am really ashamed of myself.
kiau-ngō͘,kiau-ngōo,驕傲,pride
Kiáu m̄-thang poa̍h!,,不要賭博,Don't gamble!
kiáu,kiáu,賭博,gamble (noun)
kim,kim,金 | 光滑,gold | bright | shiny | golden
kim-khò͘,kim-khòo,金庫,a money safe
kim-chóa,kim-tsuá,金紙,paper money (for superstition)
a-kīm,a-kīm,舅母,[a-ku7]'s wife
kim-koe,kim-kue,南瓜,a pumpkin
kìm-chí | kìm,kìm-tsí | kìm,禁止 | 禁,to forbid
Góa kìm-chí góa ê kiáⁿ khì khòaⁿ pháiⁿ tiān-iáⁿ.,,我禁止我的孩子去看不好的電影,I have forbidden my son to go to bad movies.
kin-á-ji̍t,kin-á-ji̍t,今天,today
kin,kin,巾,a cloth used for special purpose
chhiú-kin,tshiú-kin,手帕,handkerchief
toh-kin,toh-kin,檯巾,table cloth
chia̍h-pn̄g-kin,tsia̍h-pn̄g-kin,餐巾,napkin
bīn-kin,bīn-kin,毛巾,face towel
kín,kín,快,fast
kin-nî,kin-nî,今年,this year
kīn-lâi,kīn-lâi,近來,recently
kin,kin,斤,a catty
kong-kin,kong-kin,公斤,kilogram 2.2 lbs
kīn,kīn,近,near
kīn-sī,kīn-sī,近視,shortsighted
kiō,kiō,轎,a sedan chair
kiò,kiò,叫,to call | to tell
kiò mn̂g,kiò mn̂g,門 | 敲門,to call at the door to get it opened
kiô,kiô,橋,a bridge
kòe-kiô,kuè-kiô,過橋,to cross over a bridge
Góa kòe kiô khah chē lí kiâⁿ lō͘.,,我過橋比你走路還要多,"Listen, sonny, I've got a lot more experience than you."
kiô | âng-phôe-chhài,kiô | âng-phuê-tshài,茄子,an eggplant
kiông,kiông,強,strong
kiong-kèng,kiong-kìng,恭敬,to worship | venerate | to revere
Boeh niá Sèng-thé ê sî tio̍h-ài kiong-kiong-kèng-kèng.,,要領聖體的時候要恭恭敬敬,"On receiving Holy Communion, one should be very reverent."
kiong-hí,kiong-hí,恭喜,to congratulate | congratulation
sèng-tàn chiat kiong hi,sèng-tàn tsiat kiong hi,聖誕節恭喜,Merry Christams
sin-nî kiong-hí,sin-nî kiong-hí,新年恭喜,Happy New Year
lí ê seⁿ-ji̍t chin kiong-hí,lí ê senn-ji̍t tsin kiong-hí,你的生日真恭喜,Happy Birthday
kiōng-sán-tóng,kiōng-sán-tóng,共產黨,Communist Party
kiōng-hô tóng,kiōng-hô tóng,共和黨,the Republican Party
kiōng-hô tóng-oân,kiōng-hô tóng-uân,共和黨員,a republican
kiōng-hô-kok,kiōng-hô-kok,共和國,a republic.
ki̍p-keh,ki̍p-keh,及格 | 合格,to pass an exam | to come up to standard
ki̍p-tē,ki̍p-tē,及第 | 及格,to be promoted
kip-tiúⁿ,kip-tiúnn,級長,class president
kip-sèng ê hùi-iām | kip-sèng ê hì-iām,kip-sìng ê huì-iām | kip-sìng ê hì-iām,急性肺炎,acute pneumonia
kip-sèng ê tn̂g-á-iām,kip-sìng ê tn̂g-á-iām,急性腸炎,acute bowel catarrh
kiù,kiù,救,to save
"Lí nā bô siú Thian-chú ê Kài-bēng, bē-tàng tit-tio̍h kiù.",,你若不遵守天主的誡命，不能得到救,"If you do not keep the Commandments of God, you cannot obtain salvation."
kiù lâng ê lêng-hûn,kiù lâng ê lêng-hûn,救人的靈魂,to save the souls of others.
kiù-sè-chú,kiù-sè-tsú,救世主,the Savior
kiù-chè,kiù-tsè,救濟,to relieve | relief
Bí-kok kià chin chē saⁿ kap gû-leng-hún lâi boeh kiù-chè sàn-lâng.,,美國送很多的衣服和奶粉要來救濟窮人,America has sent a lot of clothes and milk powder to relieve the poor.
kiù-chè-hōe,kiù-tsè-huē,救濟會,a relief society
kiû,kiû,求,to beg for | request
Kiû Sîn-hū khoan-bián.,,求神父寬免,(I) beg you Father to dispense (for a dispensation).
kiû,kiû,球,a ball
tē-kiû,tē-kiû,地球,the globe | the earth
tiān-kiû,tiān-kiû,電泡 | 電球,electric | light bulb
bāng-kiû,bāng-kiû,網球,tennis
pâng-kiû,pâng-kiû,棒球,baseball
nâ-kiû,nâ-kiû,籃球,basketball
kiû-siû,kiû-siû,仇讎,an enemy | a foe
kiú-kiàn,kiú-kiàn,好久沒見,did not see you for a long time
kiú-gióng,kiú-gióng,久仰,I have heard a great deal about you
kiuⁿ,kiunn,薑,ginger
kng,kng,光亮,bright
kng,kng,抬 | 兩人以上,two or more people carry
Chit tháng chúi kap góa kng lâi-khì ak hoe.,,這桶水和我抬去澆花,Carry this bucket of water with me to water the flowers.
kńg--khí-lâi,kńg--khí-lâi,捲起來,to roll up (as screen)
Chit tiuⁿ tô͘ chhiáⁿ lí kńg-khí-lâi khǹg.,,請你把這張圖捲起來放好,Please roll up this map and put it away.
kng | kng-á,kng | kng-á,缸,a large mouthed earthen jar | a big crock
chúi-kng,tsuí-kng,水缸,a water jar
àng,àng,甕,a small jar or pot
kǹg,kǹg,鋼,steel
To tio̍h-ài ēng hó ê kǹg chiah ē lāi.,,刀子要用好的鋼作才會快,Knives must be made of good steel before they will be sharp.
kò-kái,kò-kái,告解,to confess | confession
pān kò-kái,pān kò-kái,辦告解,to make a confession
ko-san-cho̍k,ko-san-tso̍k,高山族,aborigines
ko-tiong,ko-tiong,高中,Senior Middle School
ko-kang,ko-kang,高工,Senior Technical School
ko-siang,ko-siang,高商,Senior Commercial School
ko-kiàn,ko-kiàn,高見,exalted opinion
ko-hiông,ko-hiông,高雄,Kaohsiung
ko-lê-chhài,ko-lê-tshài,高麗菜,a cabbage
kò,kò,控告,to accuse | to complain | to sue at law | to take to court
"Lí hit tiâu chîⁿ nā m̄ hêng góa, boeh kā lí kò.",,你那一筆錢要不還我，我就要告你,"If you don't pay back that sum of money to me, I'll take you to court."
kô-kô-tīⁿ,kô-kô-tīnn,糾纏不休,"annoying | to annoy | troublesome | wearisome | importunate (person, affair)"
"Chit ê lâng chin kô-kô-tîⁿ, kā i kóng m̄ bé iáu-kú m̄ tńg-khì.",,這個人糾纏不休，我說不買還不走,"This fellow is very annoying, I told him I don't want to buy, but he still will not leave."
"Chit ê gín-ná chin kô-kô-tîⁿ, góa nā kiâⁿ-chi̍t-pō͘, i chiū tòe-chi̍t-pō͘.",,這個孩子老糾纏著我，我走一步他就跟一步,Why is this kid always bothering me? If I take a step he is right behind me.
"Góa chin bô êng, lí m̄-thang kap góa kô-kô-tîⁿ.",,我很忙，你不要糾纒我,"I am very busy, don't annoy me."
kô͘,kôo,貼,to paste
Chit tiuⁿ tô͘ chhiáⁿ lí kô͘ tòa piah-ni̍h.,,請你把這張圖貼在壁上,Please paste this map on the wall.
kô͘-á,kôo-á,漿糊,a jar of paste
kó͘-goe̍h,kóo-gue̍h,個月,a month
kò͘-sū,kòo-sū,故事,in ancient times | formerly
kóng kò͘-sū,kóng kòo-sū,講故事,a story
chin sim-sek ê kò͘-sū,tsin sim-sik ê kòo-sū,很有趣的故事,to tell stories
kó͘-chui,kóo-tsui,可愛,very interesting story
Chit ê eⁿ-á lú tōa-hàn lú kó͘-chui.,,這個嬰孩愈大愈可愛,"The bigger this baby gets, the cuter he is."
á-ko͘,á-koo,姑母,father's sisters
ko͘-tiūⁿ,koo-tiūnn,姑丈,[a-koo]'s husband
kó͘,kóo,吹開 | 分,to fan | to winnow
kó͘ chhek-á,kóo tshik-á,穀,to winnow rice grain
kó͘-lē,kóo-lē,鼓勵,to encourage
Chit ê sian-siⁿ chin gâu kó͘-lē ha̍k-seng tha̍k-chheh.,,這個先生很會鼓勵學生讀書,This teacher is very good at encouraging students to study.
kó͘-chíⁿ,kóo-tsínn,井,a well
Kó͘-chíⁿ-té ê chúi-ke m̄ chai-iáⁿ hái lōa tōa.,,井底的青蛙不知海之大（以管窺天）,A frog at the bottom of a well does not know how vast the sea is. (Said of persons who are narrow-minded).
ko͘-put-chiong,koo-put-tsiong,不得已,unavoidable | no other way out | absolutely must
"I m̄ khì, ko͘-put-chiong góa tio̍h-ài khì.",,他不去，我不得不去,"He won't go, so I have to go."
ko͘-jî,koo-jî,孤兒,an orphan
kō͘-jî-īⁿ,kōo-jî-īnn,孤兒院,an orphanage
kó͘-kè,kóo-kè,估價,to estimate | appraise
"Chit khoán ê chheh ìn saⁿ pah pún ài kúi ê chîⁿ, lí kó͘-kè khòaⁿ bāi-lè.",,這種書印三百本要多少錢，你估價一下,How much would it cost to print three hundred copies of this book? Make an estimate.
kò͘,kòo,顧,to watch | to keep an eye on | to take care of
kò͘ gín-ná,kòo gín-ná,看孩子,to take care of children
kò͘ pīⁿ-lâng,kòo pīnn-lâng,看護病人,to take care of a sick person
kò͘ mn̂g,kòo mn̂g,看門,to watch the door
kò͘ mn̂g ê,kòo mn̂g ê,守門的,a doorkeeper
kò͘ tiàm,kòo tiàm,看店,to take care of a store
Chit tâi thih-bé chhiáⁿ lí kā góa kò͘ lē.,,這輛腳踏車請你帶我看管,Please watch this bike for me.
kó͘,kóo,鼓,a drum
phah-kó͘,phah-kóo,打鼓,to beat a drum
kó͘-tóng,kóo-tóng,古董,a curio
kò͘-būn,kòo-būn,顧問,"an adviser (of society, company, etc.)"
koa,kua,歌,a song
chhiù-koa,tshiù-kua,唱歌,to sing
sèng-koa,sìng-kua,聖歌,hymns
kok-koa,kok-kua,國歌,a national anthem
chhiù sèng-lī ê koa,tshiù sìng-lī ê kua,唱勝利的歌,to sing a song of victory
kòa,kuà,蓋,a lid
A̍p-á kòa tio̍h khàm khah ba̍t-lè.,,盒子蓋要蓋得緊一點,The lid of that box must be put on tighter.
chi̍t kóa,tsi̍t kuá,一些,some
chi̍t kóa chheh,tsi̍t kuá tsheh,一些書,some books
chi̍t kóa hêng-lí,tsi̍t kuá hîng-lí,一些行李,some baggage
chi̍t kóa lâng,tsi̍t kuá lâng,一些人,some people
kôaⁿ,kuânn,寒 | 冷,cold
kôaⁿ-thiⁿ,kuânn-thinn,冬天,winter
kôaⁿ--tio̍h,kuânn--tio̍h,受冷 | 傷風,to get a cold
kōaⁿ,kuānn,提 | 携,to carry by a handle
Góa kōaⁿ pn̄g boeh lâi hō͘ lí chia̍h.,,我帶飯要給你吃,I brought some rice for you to eat.
Kōaⁿ chi̍t tháng chúi lâi.,,提一桶水來,Bring a bucket of water.
kōaⁿ,kuānn,汗,perspiration
lau kōaⁿ,lau kuānn,流汗,to perspire
koaⁿ,kuann,肝,liver
sim-koaⁿ,sim-kuann,心臟,the heart | the mind
ti-koaⁿ,ti-kuann,豬肝,pig's liver
kóaⁿ,kuánn,趕,to drive away | chase
Lí tio̍h-ài kóaⁿ gû khì chhī.,,你要趕牛去餵,You must chase out the cow to graze.
kóaⁿ-kín,kuánn-kín,趕快 | 趕緊,to make haste
koaⁿ-chhâ,kuann-tshâ,棺木,a coffin
koah,kuah,割,to cut by drawing the knife around
koah-tiū-á,kuah-tiū-á,割稻禾,to harvest
koai,kuai,乖,well behaved
Koai ê gín-ná khah ē hō͘ lâng thiàⁿ.,,乖的孩子較會受人的疼愛,A well behaved child is more likely to be loved by people.
koai-á,kuai-á,拐杖,a cane | a stick
Lāu-lâng kap pái-kha-ê kiâⁿ lo͘ tio̍h gia̍h koái-á.,,老人和跛子走路都要帶拐杖,Old people and cripples must use a cane.
koaiⁿ,kuainn,關 | 閉,to close
koaⁿ-mn̂g,kuann-mn̂g,關門,close the door
Thang-á-mn̂g tio̍h-ài koaiⁿ-khí-lâi.,,窗口要關起來,The window must be closed.
koân,kuân,高,high
koàn,kuàn,罐,a bottle or can
koàn-thâu,kuàn-thâu,罐頭,canned goods
chi̍t koàn léng-chúi,tsi̍t kuàn líng-tsuí,一瓶冷水,a bottle of cold water
chi̍t koàn gû-leng,tsi̍t kuàn gû-ling,一瓶牛奶,a can of butter
chi̍t koàn ê-iû,tsi̍t kuàn ê-iû,一罐鞋油,a can of shoe polish
chi̍t kaòn io̍h-á,tsi̍t kàon io̍h-á,一瓶藥,a bottle of medicine
chi̍t koàn be̍h-á-chiú,tsi̍t kuàn be̍h-á-tsiú,一罐啤酒,a bottle of beer
koán,kuán,管,to rule
Lín Thian-chú kàu sī sím-mih lâng koán ê?,,你們天主教是誰管的？,Who rules over you Catholics?
koán-hat,kuán-hat,管轄,jurisdiction | to govern
Chiong-hòa ê sèng-tn̂g sī sio̍k tī Tâi-tiong kàu-khu ê koán-hat.,,彰化的聖堂是屬於台中教區的管轄,The Church of Changhua is under the jurisdiction of ecclesiastical district of Taichung.
Tâi-oân cha̍p nî chêng sī sio̍k tī Ji̍t-pún ê koán-hat.,,台灣十年前是屬於日本管轄的,Ten years ago Formosa was under the rule of the Japanese.
koàn-sì,kuàn-sì,慣於,to be accustomed to
Koàn-sì sêng chū-jiân.,,習慣成自然,A habit becomes second nature.
chin m̄ koàn-sì,tsin m̄ kuàn-sì,不慣於,not accustomed to
koan-sòe,kuan-suè,關稅,customs duty
Lí la̍p lōa chē koan-sòe?,,你繳納多少關稅？,How much customs did you pay?
koán-lí,kuán-lí,管理,to administer | to manage | management | to run
Hāu-tiúⁿ chin gâu koán-lí chit ê ha̍k-hāu.,,校長很會管理這個學校,The principal runs this school very well.
koan-hē,kuan-hē,關係,relation | connection | to relate to
Chit hāng tāi-chì kap góa bô koan-hē.,,這件事情和我沒有關係,"""This matter has no relation to me. (I have nothing to do with this affair). """
koân-sián,kuân-sián,權洗,"""In periculo mortis"" | Baptism"
koān,kuān,縣,A governmental district. The following is a list of the (16) sixteen Hsiens of Taiwan with the English equivalents taken from the official directory for 1956.
tâi-pak koān,tâi-pak kuān,台北縣,Taipei
thô-hn̂g koān,thô-hn̂g kuān,桃園縣,Taoyuan
gî-lân koān,gî-lân kuān,宜蘭縣,Ilan
sin-tek koān,sin-tik kuān,新竹縣,Hsinchu
biâu-le̍k koān,biâu-li̍k kuān,苗栗縣,Miaoli
tâi-tiong koān,tâi-tiong kuān,台中縣,Taihchung
chiong-hòa koān,tsiong-huà kuān,彰化縣,Changhua
lâm-tâu koān,lâm-tâu kuān,南投縣,Nantou
hûn-lîm koān,hûn-lîm kuān,雲林縣,Yunlin
ka-gī koān,ka-gī kuān,嘉義縣,Chiayi
hoa-liân koān,hua-liân kuān,花蓮縣,Hualien
tâi-tang koān,tâi-tang kuān,台東縣,Taitung
tâi-lâm koān,tâi-lâm kuān,台南縣,Tainan
ko-hiông koān,ko-hiông kuān,高雄縣,Kaohsiung
pîn-tong koān,pîn-tong kuān,屏東縣,Pingtung
phîⁿ-ô͘ koān,phînn-ôo kuān,澎湖縣,Penghu (Pescadores)
koat-tēng,kuat-tīng,決定,to decide
"Boeh khì á m̄ khì, iáu-bōe koat-tēng.",,去不去還沒决定,I haven't decided whether I am going or not.
koat-sim,kuat-sim,決心,to determine | to resolve
Góa koat-sim m̄ koh poa̍h-kiáu.,,我决心不再賭博,I have resolved not to gamble any more.
koat-ì,kuat-ì,決意,to determine | to resolve
Góa koat-ì bô ài kap pháiⁿ lâng kau-pôe.,,我决意不要和壞人交陪,I am determined not to associate with bad fellows. (company)
kóe-chí,kué-tsí,水果,fruit
kóe-chí chiap,kué-tsí tsiap,水果汁,fruit juice
kòe,kuè,過,pass by | cross over
kòe-nî,kuè-nî,過年,to celebrate New Year's
kòe-kè | hōe-kè,kuè-kè | huē-kè,會計,the theory of accounting | treasurer | procurator
kòe-óng,kuè-óng,逝世,to die (polite term)
koe,kue,瓜,a melon
bo̍k-koe,bo̍k-kue,木瓜,papaya
si-koe,si-kue,西瓜,water melon
chhì-koe,tshì-kue,胡瓜,cucumber
tang-koe,tang-kue,冬瓜,squash
kim-koe,kim-kue,南瓜,pumpkin
kòe-sit,kuè-sit,過失,a fault | to commit a fault | to err
Lâng lóng ē kòe-sit.,,人都會犯錯,To err is human.
"Che sī góa ê kòe-sit, chhiáⁿ lí goân-liōng.",,這是我的過失，請你原諒,"This is my fault, please forgive me (excuse me)."
kòe-mî | kóe-mê,kuè-mî | kué-mê,過夜,to pass the night | to stay over night
Góa chang-àm tī Oân-lîm kòe-mê (mî).,,我昨天在員林過夜,Last night I stayed in Oan Lim over night.
Góa tī Ta̍k-pak kòe nn̄g mî.,,我在台北過兩夜,I was in Taipei for two nights.
kòe-tō,kuè-tō,過度,excessive | excessively | too much
Tha̍k chheh (tha̍k) kòe-tō͘ ē khí-siáu.,,讀書過度會發瘋,"If one studies too much, he will go crazy."
kòe-khì,kuè-khì,過去,the past (days or events) | the past tense
"Kòe-khì ê tāi-chì bô iàu-kín, kin-ná-ji̍t khí lí tio̍h chò hó lâng.",,過去了的事情不要緊，從今以後你應該做好人,"The things of the past are not important, from today on, you should be good."
koh-khah,koh-khah,更,still
"Lí chin chē gín-ná, góa koh-khah chē.",,你有很多孩子，我更多,"You have many children, I have still more."
koh-khah hó,koh-khah hó,更好,still better
koh | koh-chài,koh | koh-tsài,再,again | moreover | also | and
koh-chài kóng,koh-tsài kóng,再說,to repeat
koh chi̍t pái,koh tsi̍t pái,再一次,once more
tōa koh ióng,toā koh ióng,大又強,big and strong
koh-khì,koh-khì,再過去,go a little farther
koh kòe-khì hit ki pâi-á,koh kuè-khì hit ki pâi-á,再過去那一站,the next bus stop (lit. the next sign)
koh kòe-khì hit khám tiàm | keh-piah hit khám tiàm,koh kuè-khì hit khám tiàm | keh-piah hit khám tiàm,再過去那一店 | 隔壁那一店,The next shop (the neighboring shop)
koh kòe-khì hit kù | āu-kù,koh kuè-khì hit kù | āu-kù,下一句,the next sentence
koh kòe-khì hit phiⁿ | āu-phiⁿ,koh kuè-khì hit phinn | āu-phinn,下一頁,the next page
koh kòe-khì hit tiâu ke,koh kuè-khì hit tiâu ke,下一條街,the next street
koh,koh,再,"When this word ""KOH"" is prefixed to certain verbs | it has the sence of ""back""."
koh-khǹg,koh-khǹg,,to put back
Chit pún chheh lí tio̍h-ài koh khǹg tòa góa ê toh-á téng.,,這本書你要再放在我的桌子上,You must put this book back on the table in my room.
Hit ki hō͘-sòaⁿ lí tio̍h-ài koh gia̍h khì khǹg goân-úi.,,那枝雨傘你要再拿去放在原位,You must put that umbrella back where it belongs.
"Hit tè í-á lí nā bô boeh koh chē, tio̍h giâ lâi koh khǹg tòa góa ê pâng-keng.",,那隻椅子你若不要再坐，就再拿來放在我的房間,"If you are not going to sit in that chair any more, you should put it back in my room."
koh-khì,koh-khì,再去,to go back
Góa hit niá saⁿ lí koh khì kā góa khòaⁿ chò hó bōe?,,我那套衣服你再去給我看看做好了沒有,Go back and see if that shirt of mine is finished yet.
"Lí koh khì Lîm sian-siⁿ hia, mn̄g khòaⁿ i kin-ná-ji̍t ē-tàng lâi bē?",,你再去林先生那裡，問他看看今天能不能來？,You go back to Mr. Lim's place and ask whether he can come today or not.
"Bêng sîn-hū tńg lâi á-bōe, lí ū koh khì khòaⁿ bāi lè bô?",,明神父回來了沒有，你有沒有再去看看,Did you go back and take a look if Father Baudhuin returned yet?
koh-lâi,koh-lâi,再來,to come back
Lí khì chhiáⁿ hit ê thô͘-chúi sai-hū koh lâi góa chia chi̍t ē.,,你去請那位土匠再來我這裡一下,Go and ask that mason to come back here to me for a minute.
"Góa chhut-khì liáu-āu, Lîm sian-siⁿ ū koh lâi chhōe góa bô?",,我出去以後，林先生有再來找我嗎？,"After I went out, did Mr. Lim come back here looking for me?"
"Hit ê sé-saⁿ-ê boeh tńg-khì ê sî, i ū kóng boeh koh lâi (chia) bô?",,那一個洗衣的要回去的時候，她有說要再來嗎？,"When that wash-lady went back, did she say she would come back here?"
koh-the̍h,koh-the̍h,再拿,to take back
Chit niá mî-chioh-phōe koh the̍h khì góa ê pâng-keng.,,這一件棉被再拿去我的房間,Take this quilt back to my room.
koh-khah,koh-khah,無論怎麼...也...,no matter how
koh khah súi,koh khah suí,,no matter how nice
Pa̍t lâng ê mi̍h koh khah súi góa iā bô ài.,,別人的東西再怎麼美麗我也不要,No matter how nice other peoples' things are I still don't want them.
kok-bîn,kok-bîn,國民,citizens
kok-bîn-ha̍k-hāu,kok-bîn-ha̍k-hāu,國民學校,elementary school
kok-bîn-tóng,kok-bîn-tóng,國民黨,Nationalist Party
kok-gí,kok-gí,國語,Mandarin | the national language
kok-bûn,kok-bûn,國文,Chinese literature
kok-koa,kok-kua,國歌,National anthem
kok-kî,kok-kî,國旗,National flag
kok-lâng,kok-lâng,各人,each man | each one
kóng,kóng,說 | 講,to speak | talk
kóng-ōe,kóng-uē,講話,to talk
kòng,kòng,打 | 擊,to strike
kòng-cheng,kòng-tsing,打鐘,to ring a big bell
kòng tiān-pò,kòng tiān-pò,打電報,to send a telegram
kong,kong,公,public
kong-hn̂g,kong-hn̂g,公園,a park
kong-lí,kong-lí,公里,a kilometer | 5 | 8 of a mile
kong-chhioh,kong-tshioh,公尺,meter | 39 inches
kong-tō,kong-tō,公道,fair | just
Chò sím-phòaⁿ tio̍h-ài chin kong-tō.,,做審判要很公道,"When refereeing, one must be very just."
kòng-thûi-á,kòng-thuî-á,鎚子,a hammer
kóng-pò͘ tiān-tâi,kóng-pòo tiān-tâi,廣播電台,a broadcasting station
kóng pe̍h-chha̍t,kóng pe̍h-tsha̍t,說謊,to lie
kong-êng,kong-îng,光榮,glory | glorious
Ǹg-bāng lí chò chi̍t ê hó kàu-iú lâi kong-êng Thian-chú.,,盼望你做一個好教友來光榮天主,I hope that you will be a good Catholic and give glory to God.
kóng-put-pêng,kóng-put-pîng,發牢騷,to grumble | to complain
"Hit ê lâng chi̍t sut-lá tāi-chì, chin gâu kóng put-pêng.",,那個人很少的事情就會發牢騷,That man can complain about the least little thing.
kong-ke,kong-ke,共有,joint ownership | to hold in common
Nn̄g ê ka-cho̍k kong-ke chi̍t ki chúi-tō.,,兩個家族共有一枝自來水管,Two families have one water faucet in common.
I hit tâi thih-bé sī kap góa kong-ke ê.,,他那輛腳踏車是和我共有的,He and I are joint owners of that bicycle.
a-kong,a-kong,祖父,grandfather
gōa-kong,guā-kong,外祖父,grandfather on mother's side
lāi-kong,lāi-kong,內祖父,grandfather on father's side
kong-bîn,kong-bîn,公民 | 公民科,civics | citizens
kong-hāu,kong-hāu,功效,effect | results
Góa chia̍h io̍h-á chia̍h lóng bô kong-hāu.,,我服藥都沒有功效,I have taken medicine with no results at all.
kóng-kò͘ | kóng-kò,kóng-kòo | kóng-kò,廣告,announcement | advertisement (V.N.)
"Lí nā bô kóng-kò, bô lâng chai-iáⁿ thang kā lí bé.",,你若無廣告，沒人知道向你買,"If you do not advertise, nobody knows that he can buy (this article) from you."
kong-bū-oân,kong-bū-uân,公務員,a public officer | officials
kong-lô,kong-lô,功勞,merit | distinguished services
I tùi kok-ka (or Kàu-hōe) chin ū kong-lô.,,他對國家（教會）很有功績,He is distinguished for his services to his country (to the Church).
kong-su,kong-su,公私,both public and private
Chò tāi-chì kong-su tio̍h ài hun hō͘ bêng.,,做事公私要分明,"In doing things, we should make a distinction between private and public affairs."
kū,kū,舊,old (of things)
kū-nî,kū-nî,舊年 | 去年,last year
kū-le̍k | lông-le̍k,kū-li̍k | lông-li̍k,舊曆 | 農曆,lunnar calender
kù,kù,句子 | 句字,a sentence | a word | a phrase
chi̍t kù ōe,tsi̍t kù uē,一句話,word | phrase | clause | sentence
chit kù,tsit kù,這句,this sentence or word etc.
kúi kù-á ōe,kuí kù-á uē,幾句話,a few words
kú,kú,久,a long time
chin-kú,tsin-kú,很久,for a long time
Chin kú bô lo̍h hō͘.,,很久沒有下雨,It has not rained for a long time.
Lo̍h hō͘ lo̍h chin kú.,,下雨下了很久,It rained for a long time.
I chin kú bô phòa-pīⁿ.,,他很久沒有生病,He has not been sick for a long time.
I phòa-pīⁿ chin kú-à.,,他病了很久,He has been sick for a long time.
Chin kú bô khòaⁿ-kìⁿ.,,好久不見（你）,I haven't seen you for a long time.
bô-lōa-kú,bô-luā-kú,不多久,not very long
I chhut khì bô lōa kú.,,他出去不多久,He has not been out very long.
khah kú,khah kú,更久,longer
I o̍h Eng-gí pí góa khah kú.,,他學英文比我更久,He has studied English longer than I.
chiah ni̍h kú,tsiah ni̍h kú,這麼久,so long as this
I m̄ bat chhut khì chiah ni̍h kú.,,他不曾出去過這麼久,He has never been out so long as this.
siuⁿ-kú,siunn-kú,太久,too long
I kóng tō-lí siuⁿ-kú.,,他講道理過久,He preached too long.
koh bô lōa kú,koh bô luā kú,再不多久,not very long from now
I-seng kóng lí ê pīⁿ koh bô lōa kú chiū ē hó.,,醫生說你的病再不多久就會好,The doctor said that you will recover from your sickness very shortly.
chit bô lōa-kú,tsit bô luā-kú,最近,recently | during these last few weeks | lately
Chit bô lōa kú góa ê sî-pió siông-siông bē kiâⁿ.,,最近我的錶常常不走,Lately my watch very often stops (Lit. doesn't run).
gō͘ hun-cheng kú,gōo hun-tsing kú,五分鐘,for five minutes
I kóng tō-lí bô cha̍p gō͘ hun-cheng kú.,,他講道理講沒有十五分鐘,He preached for less than fifteen minutes.
gō͘ tiám-cheng kú,gōo tiám-tsing kú,五點鐘,for five hours
Chang-àm góa chí-ū khùn gō͘ tiám-cheng kú.,,昨天晚上我只有睡了五點鐘,Last night I slept for only five hours.
la̍k goe̍h-ji̍t kú | pòaⁿ nî kú | la̍k kó͘-goe̍h kú,la̍k gue̍h-ji̍t kú | puànn nî kú | la̍k kóo-gue̍h kú,六個月,
ū la̍k goe̍h-ji̍t kú bô chia̍h thâu-lō͘-a.,,有六個月沒有職業,I have been unemployed for six months.
nn̄g lé-pài kú,nn̄g lé-pài kú,兩個禮拜,for two weeks
"I siu-lí chit tâi thih-bé, kóng tio̍h-ài nn̄g lé-pài-kú.",,他修理這輛腳踏車說要兩個禮拜,He says it will take two weeks to repair this bicycle.
cha̍p nî-kú,tsa̍p nî-kú,十年,
Goán chit khám tiàm khui cha̍p nî kú-a.,,我們這間舖子已經開了十年,We have been running this store for ten years.
iáu-kú,iáu-kú,還在,still
I iáu-kú teh khùn.,,他還在睡覺,He is still sleeping.
Sîn-hū iáu (kú) teh chò Mî-sat.,,神父還在做彌撒,Father is still celebrating Mass.
m̄-kú,m̄-kú,不過,buts | nevertheless
"Góa boeh khì, m̄-kú teh lo̍h hō͘.",,我想去，不過在下雨,"I want to go, but it is still raining."
kúi nî-á-kú,kuí nî-á-kú,幾年,for a few years.
kúi nā nî-kú | kúi ā nî-kú,kuí nā nî-kú | kuí ā nî-kú,許多年,for several years
kúi-nā ji̍t kú | kúi ā ji̍t kú,kuí-nā ji̍t kú | kuí ā ji̍t kú,許多天,for several days
kúi ji̍t-á-kú,kuí ji̍t-á-kú,幾天,for a few days
kùi nā kó͘ goe̍h kú | kúi ā kó͘ goe̍h kú,kuì nā kóo gue̍h kú | kuí ā kóo gue̍h kú,幾個月,for several months
saⁿ sì ji̍t kú,sann sì ji̍t kú,三四天,for three or four days
gō͘ la̍k nî kú,gōo la̍k nî kú,五六年,for five or six years
chi̍t kú-á,tsi̍t kú-á,一會兒,for a short time
a-kū,a-kū,舅父,mother's brother
ku-koài,ku-kuài,古怪 | 奇怪,strange | odd
"Chin ku-koài, góa bêng-bêng ū thiaⁿ-kìⁿ i ê siaⁿ, àn-chóaⁿ lí kóng i bô lâi.",,真奇怪，我明明聽到他的聲音，你怎麼說他沒來,"It is very strange, I heard his voice very clearly, and you say he did not come."
ku,ku,龜,a tortoise | a turtle
kū-lo̍k-pō͘,kū-lo̍k-pōo,俱樂部,a club | a recreation room
kúi,kuí,幾 | 多少,How many
kúi ji̍t chêng,kuí ji̍t tsîng,幾天前,how many days ago
Lí kúi-ji̍t-chêng tńg lâi?,,你回來已經有幾天？,How many days ago did you return?
bô kúi ji̍t chêng,bô kuí ji̍t tsîng,前幾天,not many days ago.
Góa bô kúi ji̍t chêng ū khì Tâi-pak.,,我前幾天才到過台北,Not many days ago I went to Taipei.
chit kúi-ji̍t,tsit kuí-ji̍t,這幾天,these last few days
Chit kúi ji̍t ê thiⁿ-khì chin joa̍h.,,這幾天的天氣很熱,The weather these last few days has been very hot.
kúi kho͘-á,kuí khoo-á,只有幾元,several dollars
kúi nā kho͘,kuí nā khoo,好幾元,a few dollars.
kúi pún á chheh,kuí pún á tsheh,幾本書 | 只有幾本書,several books
kúi nā pún chheh | kúi ā pún chheh,kuí nā pún tsheh | kuí ā pún tsheh,好幾本書,a few books
kúi ê á lâng,kuí ê á lâng,幾個人 | 只有幾個人,several persons
kúi nā ê lâng | kúi ā ê lâng,kuí nā ê lâng | kuí ā ê lâng,好幾個人,a few people
kúi kù-á ōe,kuí kù-á uē,幾句話,a few words
kúi nā kù ōe | kúi ā kù ōe,kuí nā kù uē | kuí ā kù uē,好幾句話,a short talk
kùi,kuì,貴,expensive
kui-kí,kui-kí,規矩,rules
ū kui-kí,ū kui-kí,有規矩,disciplined
bô kui-kí,bô kui-kí,不規矩,ill-mannered | no discipline
siú kui-kí,siú kui-kí,守規矩,to observe the rules
kui,kui,整 | 全,the whole
ài chian kui lia̍p á-sī phah sòaⁿ-sòaⁿ.,,要整個的煎還是要打散了才煎,Do you want your eggs straight-up or scrambled?
kui-ji̍t,kui-ji̍t,整天,the whole day
kui ha̍k-hāu,kui ha̍k-hāu,全校,the whole school
kūi,kuī,跪,to kneel
Boeh niá Sèng-thé tio̍h-ài kūi le.,,要領聖體就要跪下,When one is about to receive Holy Communion he should be kneeling.
kui,kui,歸 | 屬,to belong to | to revert to
Tâi-oân kui Tiong-kok ê sî lín ū hoaⁿ-hí bô?,,台灣歸屬中國時，你們有沒有高興？,"When Formosa reverted back to China, were you happy? (pleased? )"
kùi | tiàu,kuì | tiàu,掛,to hang on a well
"Saⁿ tio̍h-ài kùi-khí-lâi, chiah bē jiâu-khì.",,衣服要掛起來，才不會皺,You must hang up your clothes and then they won't get wrinkled.
kúi | kúi-á,kuí | kuí-á,鬼,a devil | ghost
mô͘-kúi,môo-kuí,魔鬼,a devil | ghost
kún,kún,沸騰 | 開,to boil | boiled | boiling
Chúi bô kún m̄-thang lim.,,水沒開不可喝,"If water has not been boiled, don't drink it."
kûn,kûn,裙,a skirt
Góa chit niá kûn siuⁿ té.,,我這裙子太短,This skirt of mine is too short.
kun-tūi,kun-tuī,軍隊,troops | the army
kun-jîn,kun-jîn,軍人,soldiers
sèng-bô-kun,sìng-bô-kun,聖母軍,the Legion of Mary
kut-la̍t,kut-la̍t,勤勉,diligently
kut,kut,骨,bone
kut-thâu,kut-thâu,骨頭,a bone
chhiú-kut,tshiú-kut,手,the bone of the arm | the arm
"Góa ê chhiú-kut teh thiàⁿ, lí m̄ thang kā góa bong tio̍h!",,我的手痛，你不要摸到我,"My arm hurts, don't touch it!"
kha-kut,kha-kut,,the bone of the leg | leg
Hit ê lâng ê kha-kut hō͘ lâng phah tn̄g-khì.,,那個人的腳被人打斷了,Somebody broke that man's leg.
ku̍t,ku̍t,滑,smooth | to slide | slippery
"Chit tiâu lō͘ chin ku̍t, lí m̄-thang poa̍h-tó.",,這條路很滑，你不可摔倒,"This road is very slippery, don't fall down."
ku̍t,ku̍t,掘,to dig
Tùi chia ku̍t chi̍t khang thang chèng chit châng hoe.,,從這裡掘一個穴，以便種這株花,Dig a hole here to plant this flower. (lit. dig down from here. )
lā,lā,攪拌,to stir
lā-lā-lè,lā-lā-lè,攪一攪,stir it
lâ-lûn-sio,lâ-lûn-sio,微熱的,"tepid (water, tea, soup)"
lah-sap | lah-sap kúi,lah-sap | lah-sap kuí,骯髒 | 污穢,dirty
lah-sap kúi,lah-sap kuí,骯髒,a dirty rascal | dirty
la̍h-chek,la̍h-tsik,蠟燭,a candle
lah-chek-tâi,lah-tsik-tâi,蠟燭台,candlestick | a pair of candlesticks
la̍h-ji̍t,la̍h-ji̍t,日曆,a calendar
lâi,lâi,,
Góa boeh khì chhài-chhī-á bé mi̍h.,,我要去市場買東西我要去市場買東西來吃,I am going to the market to buy some things. (In this sentence we may not say [lâi bé mi̍h]).
Góa boeh khì chhài-chhī-á bé mi̍h lâi chia̍h.,,我要去公園散步,I am going to the market to buy things to eat.
Góa boeh lâi-khì kong-hn̂g sàm-pō͘.,,主日教友要去聖堂看彌撒,"I am going to the park to stroll around. (In this sentence, we may not say [lâi sàm-pō͘])."
Chú-ji̍t kàu-iú tio̍h-ài khì sèng-tn̂g khòaⁿ Mî-sat.,,我要去食堂叫幾碗菜來請客人,On Sundays Catholics must go to Church to attend Mass. (We may not say here lâi khòaⁿ [Mî-sat]).
Góa boeh lâi-khì si̍t-tn̂g kiò kúi-óaⁿ-á chhài lâi chhiáⁿ lâng-kheh.,,小朋友，我要讀書，你們出去外面遊玩（嗨）,I am going to the restaurant to order several dishes of food to serve some guests.
"Sió pêng-iú, góa boeh tha̍k-chheh, lín chhut khì gōa-bīn chhit-thô heh.",,我要帶這個朋友去鐵路飯店吃中國菜,"Little pals, I want to study, you go outside and play."
Góa boeh chhōa chit ê pêng-iú lâi-khì thih-lō͘ pn̄g-tiàm chia̍h Tiong-kok liāu-lí.,,,I want to take this friend to the Railroad restaurant for a Chinese meal. (We may not say [lâi chia̍h]).
lâi,lâi,來,"to come | used after verb to indicate motion towards speaker e.g. ""to"""
lâi-khì,lâi-khì,我們去吧,let's go
boeh lai-khì,bueh lai-khì,我要去 | 我們要去,I (we) am going
boeh khì,bueh khì,你要去 | 他要去,you (or he) are going
kīn-lâi,kīn-lâi,近來,recently
Kīn-lâi seng-lí hó bô?,,近來生意好嗎？,How's business lately?
chiong-lâi,tsiong-lâi,將來,afterwards | after this | in the future
Chiang-lâi góa boeh chò chi̍t ê kàu-iú.,,將來我要做一個教友,I will certainly become a Catholic sometime in the future.
āu-lâi,āu-lâi,以後,afterwards | in the future
"Chit ê ha̍k-seng chin kut-la̍t tha̍k chheh, āu-lâi it-tēng ē chò chin gâu ê lâng.",,這個學生很努力唸書，以後一定會成𤔡偉大的人,"This student studies very diligently, he will certainly be a very capable man in the future."
pún-lâi,pún-lâi,,originally
"Pún-lâi góa bô boeh khì, tān-sī i pek góa tio̍h-ài khì.",,本來我不想去，但是他強迫著要我去,"Originally I did not intend to go, but he forced me to go."
goân-lâi,guân-lâi,原來,originally
Goân-lâi góa sī chi̍t ê chò-chhân-lâng.,,原來（本來）我是一個農夫,"Originally, I was a farmer."
í-lâi,í-lâi,以來,"since | in the sense of time | usually preceded by ""[tsu7]""-from."
In nn̄g ê (chū) kiat-hun í-lâi bô chi̍t-ji̍t bô sio-mē sio-phah.,,他們倆個從結婚以來，沒有一天不相罵相打（架）,"Since those two have been married, there hasn't been a day that they haven't fussed and fought."
í-lāi,í-lāi,以內,within
Chit hāng khang-khòe chi̍t lé-pài í-lāi chiū ē hó.,,這件工作一個禮拜以內就可以做好,This piece of work will be finished within one week.
lāi,lāi,內,inside
tī sèng-tông lāi,tī sìng-tông lāi,在聖堂裡面,in Church
lāi-bīn,lāi-bīn,內面,inside
chit lāi-bīn,tsit lāi-bīn,這裡面,in here
lāi,lāi,銳利,sharp
lâi-óng,lâi-óng,來往,to associate
Lí kap i m̄-thang siuⁿ chhin-bi̍t lâi-óng.,,你和他不可過於親密來往,Don't associate with him (her) too intimately.
lâi-á,lâi-á,梨,a pear
la̍k,la̍k,六,six
lak-khì,lak-khì,脫落,to drop (something) off.
Góa ê bān-liân-pit tùi toh-téng lak-lo̍h-khì thô͘-kha.,,我的鋼筆從桌上落到地上,My fountain pen fell from the table on to the floor.
"Góa ê saⁿ, liú-á (button) lak chi̍t lia̍p khì.",,我的衣扣脫落了一個,I dropped (lost) a button off my shirt.
lak-ko̍h-khì,lak-ko̍h-khì,落下,to drop down (something)
lám,lám,弱,weak
lâm-tâu,lâm-tâu,南投,name of place
lām-sám,lām-sám,隨便 | 輕率地,aimlessly | carelessly
Lām sám (sú) kóng.,,胡亂講,To speak without discretion.
lām-sú,lām-sú,隨便 | 輕率地,aimlessly | carelessly
Lām sám (sú) kóng.,,胡亂講,To speak without discretion.
lâm,lâm,南,South
lâm,lâm,男,male of persons
lâm-ha̍k-seng,lâm-ha̍k-sing,男學生,schoolboy
lām,lām,混合,to mix | to blend
Hó ê kap pháiⁿ ê m̄-thang sio-lām (lām lo̍h-khì).,,好的和壞的不要混合,Don't mix good stuff (or ones) with bad stuff (or ones).
lâm-bí,lâm-bí,南美,South America
lâm-iûⁿ,lâm-iûnn,南洋,the South Seas
lâm-ke̍k,lâm-ki̍k,南極,the South Pole
lâm-pō͘,lâm-pōo,南部,the southern part
Tâi-lâm tī Tâi-oân ê lâm-pō͘.,,台南在台灣的南部,Tainan is in the Southern part of Formosa.
lâm,lâm,淋,to pour water on | to pour water into
Joa̍h-thiⁿ-sî góa chin ài lâm léng-chúi.,,夏天我很歡喜淋冷水,In hot weather I like to pour cold water on myself.
Góa hō͘ tōa hō͘ lâm kah chi̍t seng-khu tâm lok-lok.,,我被大雨淋得全身濕透了,The rain poured down on me until I was soaked all over.
lán,lán,累 | 懶,tired
lân-san-chiⁿ,lân-san-tsinn,零星的錢,small change
lán,lán,我們,we | includes the person spoken to
lân-hoe | iûⁿ-lân,lân-hue | iûnn-lân,蘭花,orchid
lân,lân,鱗,scale (of a fish)
phah lân,phah lân,剝鱗,to scale | to remove the sales
Lân tio̍h phah hō͘ chheng-khì chiah thang chí.,,鱗要剝得乾淨才可以煮,The scales must be cleaned (cleared) off before it can be cooked.
lâng,lâng,人,man | person | people
làng,làng,隔,at intervals of
Goán tau koh làng chi̍t keng chiū sī in tau.,,我家再隔一家就是他的家,"""There is a house between their house and ours. (or their house is two houses from ours.) """
làng chi̍t chōa,làng tsi̍t tsuā,隔一行,every other line
làng chi̍t ji̍t lâi chi̍t pái,làng tsi̍t ji̍t lâi tsi̍t pái,隔一天來一次,Come once every other day.
làng chi̍t lé pài khì chi̍t pái,làng tsi̍t lé pài khì tsi̍t pái,隔一個星期去一次,Go once every other week.
lâng-kheh,lâng-kheh,客人,guest | visitor
láng,láng,筐 | 籠,a basket without a handle
lâng,lâng,膿,purulent matter | pus
chiek lia̍p-á lâng | jek lia̍p-á lâng,tsiek lia̍p-á lâng | jek lia̍p-á lâng,搾瘡膿,press the matter from a boil
lâng kan-khó͘,lâng kan-khóo,不舒服,is sick
Góa lâng chin kan-khó͘.,,我的身體不舒服,I am very sick.
Góa kin-ná-ji̍t lâng teh kan-khó͘.,,我今天身體不舒服,I am not well today.
la̍p,la̍p,納 | 繳,to pay (as tax)
Sòe-kim ài the̍h-khì kong-só͘ la̍p.,,稅金要拿到公所去繳納,You must take your taxes to the public office and (pay it) turn it in.
lap | la̍p,lap | la̍p,踏 | 踩,to tread on | trample down
Góa ê kha hō͘ i lap-tio̍h.,,我的腳被他踩到,He tramped on my foot.
la̍t,la̍t,力,power | force
ū la̍t,ū la̍t,有力,powerful
bô la̍t,bô la̍t,無力,powerless
la̍t-chí,la̍t-tsí,栗,a chestnut
láu-si̍t,láu-si̍t,老實,honset | sincere
làu-sái,làu-sái,瀉肚,diarrhea (V.N.)
lāu,lāu,老,old
lāu-su,lāu-su,老師,teacher
lāu-pē,lāu-pē,父親,father
lāu-bú,lāu-bú,母親,mother
lâu,lâu,樓,more than one story house
nn̄g chàn lâu,nn̄g tsàn lâu,兩層樓,two stories
tē jī chàn lâu,tē jī tsàn lâu,二樓,the second floor
lâu-kha,lâu-kha,樓下,downstairs
lâu-téng,lâu-tíng,樓上,upstairs
lâu,lâu,流,to flow | to carry away
Góa ê bō-á hō͘ chúi lâu-khì.,,我的帽子被水流去,My hat was carried away by the water.
lâu-kōaⁿ,lâu-kuānn,流汗,to perspire
lāu-jia̍t,lāu-jia̍t,熱鬧,exciting | everything in a din and a bustle.
lāu,lāu,漏,to leak
chhù téng ē lāu,tshù téng ē lāu,屋頂會漏,the roof leak
lāu-hong | làu-hong | siau-hong,lāu-hong | làu-hong | siau-hong,漏氣,puncture (in an inner tube) (Lit. to leak air)
"Góa ê thih-bé ē lāu-hong, kā góa khan-khì siu-lí.",,我的腳踏車（輪胎）會漏氣，替我拿去修理,My bike has a leak; take it and have it repaired for me.
làu-khùi,làu-khuì,露出馬腳,to make a show of oneself | to lose face
"Lí nā m̄ tha̍k, tē saⁿ tiám-cheng ē làu-khùi.",,你要是不讀，第三堂課會露出馬腳,"If you do not study, you will make a show of yourself in the third class."
"Lí nā ài pûn ke-kui, ū chi̍t ji̍t ē làu-khùi.",,要是你歡喜吹牛，總有一天會露出馬腳,If you like to boast (blow up the chicken's feed bag) someday you will make a show of yourself.
lâu,lâu,留 | 遺留,to detain (a guest) | to remain over | to keep | to allow to grow | to leave over | bequeath
Lâu i tòa lè!,,留住他,Get him to stay longer.
Lí tio̍h lâu sîn-hū tòa chia chia̍h tàu.,,你得留神父在這裡吃午飯,You should get Father to stay here for lunch.
"I chin hó-ì, lâu góa tòa hia kòe-mî.",,他很好意留我在那裏過夜,"He is very kind, he kept me there over night."
"M̄ thang chia̍h liáu-liáu, ài lâu chi̍t kóa ē-tàu thang chia̍h.",,不要吃光，留點下午吃,"Don't eat it all up, you should leave some for lunch."
Góa ê châi-sán sī góan lāu-pē lâu hō͘ góa ê.,,我的財產是我的父親留給我的,My property was bequeathed to me by my father.
lâu chhùi-chhiu,lâu tshuì-tshiu,留鬍子,to grow a beard | to have a beard
lâu thâu-chang,lâu thâu-tsang,留頭髮,to grow a queue | to have a pigtail
láu-liān,láu-liān,老練,experienced
láu-lain̄ ê i-seng,láu-lāin ê i-sing,老練的醫生,an experienced doctor
sái chhia chin láu-liān,sái tshia tsin láu-liān,駕駛車子很熟練,an experienced driver
lé-pài,lé-pài,禮拜 | 星期,a week
lé-pài-tn̂g,lé-pài-tn̂g,禮拜堂,a Protestant church
lé-tn̂g,lé-tn̂g,禮堂,assembly hall
lé-sò͘,lé-sòo,禮數,etiquette
ū lé-sò͘,ū lé-sòo,有禮貌,polite
bô lé-sò͘,bô lé-sòo,沒禮貌,impolite
lé-bu̍t,lé-bu̍t,禮物,a present | a gift
Góa boeh the̍h chi̍t hāng lé-bu̍t lâi-khì chiok-hō͘ in ê kiat-hun.,,我要拿一件禮物去祝賀他們的結婚,I shall take a gift and go to congratulate them on their wedding.
lē,lē,例子,examples
phí chi̍t ê lē,phí tsi̍t ê lē,舉一個例子,e.g. for example
lê,lê,犁,to plough | a plough
Lê chhân pak-tó͘ chin khoài iau.,,犁田肚子很快餓,"When ploughing the fields, one gets hungry very quickly."
lè-tio̍h | lù-tio̍h,lè-tio̍h | lù-tio̍h,擦過傷 | 受微傷,a scratch | scratched
Lí poa̍h-tó ū lè (lú)-tio̍h bô?,,你跌倒有擦傷嗎？,Did you get bruised (scratched) when you fell?
le,le,,
Thang-á-mn̂g koaiⁿ--leh.,,窗戶都關著,The windows are closed.
Sèng-tn̂g ê mn̂g só--leh.,,聖堂的門鎖著,The door of the church is closed.
I chit-má tó--leh.,,他現在臥著,He is now lying down.
I hiān-chāi chē--leh.,,他現在坐著,He is now sitting town.
I chit-má ū tī--leh.,,他現在在家,He is at home now.
le,le,,
"In-ūi i chit-má teh pòa-pīⁿ, i tó-lé (leh) chia̍h.",,因為他現在在生病，他躺著吃,He eats sitting down and relieves nature lying down.
"I chē-lé (leh) chia̍h, tó-lé (leh) pàng.",,他坐著吃，躺著大小便,He writes standing.
I khiā-lé (leh) siá-jī.,,他站著寫字,they eat squirting.
In khû-lé (leh) chia̍h-pn̄g.,,他們蹲著吃飯,At noon he always rests (sleeps) sitting.
I ē-tàu-sî siông-siông chē-lé (teh o̤ leh) khùn.,,他中午常常坐著睡,"In the Summer time, I sleep with the windows open."
Joa̍h-thiⁿ sî góa thang-á-mn̂g lóng khui lé (teh o̤ leh) khùn.,,夏天我都開著窗戶睡覺,Country people often carry babies on their backs while they are working.
Chhân-chng-lâng siông-siông gín-á āiⁿ (o̤ iāng) lé (teh o̤ leh) chò khang-khòe.,,鄉下人常常背著嬰孩工作,This child always wants some one to be holding him while he sleeps.
Chit ê âng-eⁿ-á lóng ài lâng (kā i) phō lé (teh o̤ leh) khùn.,,這個嬰孩老是要人抱著睡,"It makes no difference if the weather is good or bad he is always carrying his umbrella, when he walks"
"Bô-lūn hó-thiⁿ á-sī pháiⁿ-thiⁿ, i hō͘-sòaⁿ lóng gia̍h lé (teh o̤ leh) kiâⁿ.",,無論天氣好壞他都帶著雨傘走,"Don’t be holding a cup and playing around, you will break it."
"Tê-poe m̄-thang the̍h lé (teh o̤ leh) chhit-thô, ē kòng-phòa.",,茶杯不可拿著玩，會打破,
le,le,,
Khah kín--lē!,,快一點,Hurry up! Get moving!
"Hui-ki lâi--a, lín tio̍h ài khap (phak)--lē!",,飛機來了，你們都要伏著,"The planes are coming, you must prostrate!"
le,le,,
Chú-kàu ū tī--teh (leh o̤ lē) -bô? I bô tī--leh.,,主教在嗎？ 他不在,Is the Ordinary in? He is not home.
le̍k-sú,li̍k-sú,歷史,history
le̍k,li̍k,綠 | 綠色,green
lek-sek,lik-sik,發青,to turn pale
Góa ê bīn le̍k-sek--khì,,我的臉發青,I turned pale from fear.
léng,líng,冷,cold
léng-tām,líng-tām,冷淡,lukewarm
lêng-hûn,lîng-hûn,靈魂,the soul
leng,ling,乳 | 奶,milk
gû-leng,gû-ling,牛奶,cow milk
gû-leng-hún,gû-ling-hún,奶粉,milk powder
iûⁿ-leng,iûnn-ling,羊奶,goat milk
chhiū-leng,tshiū-ling,橡皮,rubber
lāi-leng,lāi-ling,內胎,inner tube
gōa-leng,guā-ling,外胎,tire
leng-bú | leng-bó,ling-bú | ling-bó,奶媽 | 乳母,a wet nurse
lēng-tông,līng-tông,令堂,mother (polite term)
lēng-chun,līng-tsun,令尊,father (polite term)
léng-thó͘,líng-thóo,領土,a territory
lēng,līng,鬆,loose
lêng-géng,lîng-gíng,龍眼,dragon-eye (fruit)
lêng,lîng,龍,a dragon
lí,lí,你,you
lí-iû,lí-iû,理由,reason
lī-piān,lī-piān,方便 | 便利,convenient
lī-ek,lī-ik,利益,advantage | benefit
lī-iōng,lī-iōng,利用,to utilize | make use of
Iáu-ē lī-iōng--tit ê mi̍h m̄-thang hiat-tiāu.,,還可以利用的東西不要丟掉,Don’t throw away things that can still be used.
lí,lí,里,a Chinese mile
lí-kái,lí-kái,理解,to comprehend
Lí chò thit-hāng tāi-chì góa bē-tàng lí-kái.,,你做這件事情，我不能了解,I can understand that your doing this thing.
lí-hêng,lí-hîng,旅行,travel | to travel
lí-hùi,lí-huì,旅費,travelling | expenses
"Góa chin ài kap in khì lí-hêng, tān-sī bô lí-hùi.",,我很希望和他們去旅行，但是沒有旅費,"I should like very much to go travelling with them, but I haven’t the travelling expenses."
lì,lì,撕,"to tear (as paper, clothes)"
lì-phòa | thiah-phòa,lì-phuà | thiah-phuà,撕破,"to tear (books, clothes)"
"Chit-pún chheh chioh lí khòaⁿ, m̄-thang kā góa lì--phòa.",,這本書借給你看，不可把它撕破,"I am lending this book to you to read, but don’t tear it."
lì--khui | thiah-khui,lì--khui | thiah-khui,撕開,to open by tearing (as envelope)
Pa̍t-lâng ê phoe m̄-thang kā lâng lì--khui.,,他人的信，不可打開,Don‘t tear open other people’s mail.
lī-khui,lī-khui,離開,to leave | part from | separate
Góa lī-khui Bí-kok tāi-khài ū cha̍p nî kú--ah.,,我離開美國大概有十年久了,I have already left America for about ten years.
lī-pia̍t | lī-khui,lī-pia̍t | lī-khui,離別,to leave | part from | separate
"Góa chit-má kap lín lī-pia̍t, m̄-chai tang-sî chiah ē-tàng kap lín sio-kìⁿ?",,我現在和你們離別，不知何時才能再見？,"I am now leaving you, I wonder when we should be able to see each other again?"
lī-hun | lī-iân,lī-hun | lī-iân,離婚 | 離緣,divorce (N.V.)
"Ta̍k-ke ài jím-nāi, m̄-thang ūi-tio̍h sió-khóa tāi-chì lâi lī-hun.",,大家要忍耐，不要為了小事情而離婚,"You should both be patient, don’t be divorced on account of some trivial matter."
lí-le̍k | keng-le̍k,lí-li̍k | king-li̍k,經歷 | 履歷,one's personal history (career)
Chit ê lâng ê lí-le̍k chin hó.,,這個人的經歷很好,This lad’s history is very good.
lí-le̍k-su,lí-li̍k-su,履歷書,a record of one's life
lī-sek,lī-sik,利息,interest on money
lī-hāi,lī-hāi,厲害,"serious (illness, accident)"
"Lí ê pīⁿ chin lī-hāi, tio̍h ài kóaⁿ-kín i.",,你的病很厲害，要趕快醫治,"Your sickness is very serious, you must have it taken care of (healed) at once."
lí-sióng,lí-sióng,理想,ideal
I tùi jîn-seng ū chi̍t ê chin koân ê lí-sióng.,,他對於人生有一個很高（尚）的理想,He has a very high ideal in life.
chin lí-sióng,tsin lí-sióng,很理想,ideal
lí,lí,女,a female (person)
lí ha̍k-seng,lí ha̍k-sing,女學生,a school girl
lí-á,lí-á,李,plum
lí-sū,lí-sū,理事,a director | a mannager
lí-sū hōe,lí-sū huē,理事會,a board of directors
lia̍h,lia̍h,捉,to catch
lia̍h-chha̍t,lia̍h-tsha̍t,捉賊,to catch a thief
lia̍h-khì koaiⁿ,lia̍h-khì kuainn,投獄,to arrest
lia̍h hî--ê,lia̍h hî--ê,漁夫,a fisherman
lia̍h hō͘-sîn,lia̍h hōo-sîn,捕蒼蠅,to catch flies
liām,liām,念,read aloud | party
liām-keng,liām-king,念經,to pray
liâm-piⁿ,liâm-pinn,馬上 | 一會兒,at once | immediately
liâm,liâm,粘,to stick
Chi̍t tè chhiū-leng-thn̂g liâm tī lí ê saⁿ--nih.,,一塊橡皮糖（泡泡糖）黏著你的衣服,There is a piece of chewing sticking to your shirt.
liâm-liâm,liâm-liâm,粘粘,sticky
liàm,liàm,抓,to pinch with two fingers
"Lí nā beh án-ni, góa boeh kā lí liàm (--lo̍h-khì).",,你若要這樣，我就要抓你,If you are going to act that way I’ll pinch you.
lián,lián,輪,a wheel
saⁿ lián-chhia,sann lián-tshia,三輪車,a pedicab
liân,liân,連...,even
"Kah sī pháiⁿ gín-á, liân pē-bú iā m̄ chhap--i.",,既是壞孩子，連父母也不管他,"Since he is a (bad) wicked child, even his parents don’t want to have anything to do with him."
liān,liān,煉 | 鍊,to purify | to refine | to prepare in fire
Chit pau io̍h-á tio̍h-ài liān chin kú.,,這包藥必須煉得很久,This package of medicine must be boiled for a very long time.
liān-lêng,liān-lîng,煉靈,the souls in Purgatory
liān-ga̍k,liān-ga̍k,煉獄,Purgatory
liān-si̍p,liān-si̍p,練習,exercise | to exercise | to practice
Lí tio̍h-ài liān-si̍p khah chē pái--leh.,,你必須練習好幾次,You must practice more.
liân-ha̍p,liân-ha̍p,聯合,to combine | to unite
In nn̄g-ê liân-ha̍p teh chò seng-lí.,,他們兩個聯合在做生意,The two of them have combined their business.
lian,lian,凋謝 | 枯萎,"to fade | wither (as flowers, leaves)"
Hiah ê hoe lian--khì-à.,,那些花凋謝了,Those flowers have withered.
liàn,liàn,滾 | 滾轉,to roll (over)
"Chit kha tháng góa giâ bô hoat (tit), ēng liàn--ê hó--bô?",,這個桶我抬不起來，用滾轉好不好？,I can’t carry this drum (barrel). May I roll it?
liān-á,liān-á,鏈,a chain
liān,liān,鏈,to chain
Chit chiah káu ài ēng liān-á liān--khì-lâi.,,這隻狗需用鏈鏈繫起來,This dog must be chained up with a chain.
liâng,liâng,涼,cool
liâng-chúi | khì-chúi,liâng-tsuí | khì-tsuí,汽水,soda pop
lia̍p,lia̍p,粒 | 顆 | 個,cl. for round things
Chit lia̍p thâu-khak chin tōa lia̍p.,,這個頭很大,This is a big head.
lia̍p-á,lia̍p-á,傷腫,a boil
I thâu-khak siⁿ chi̍t lia̍p lia̍p-á.,,他頭上生了一個瘍腫,He has a boil on his head.
liāu-lí,liāu-lí,烹煮 | 料理,prepared dishes | to prepare food
I chin gâu liāu-lí.,,他（她）很會烹調,He is very clever at preparing dishes.
tâi-oân ê liāu-lí,tâi-uân ê liāu-lí,台灣菜,Taiwanese food
tiong-kok ê liāu-lí,tiong-kok ê liāu-lí,中國菜,Chinese food
liáu,liáu,了 | 完了,finished | completed
liáu,liáu,了,use of as enclitic.
"Sîn-hū, mī-hún kap hoat-hún lóng ēng liáu--à, eng-àm lâi chí pn̄g hó--bô?",,神父，麵粉和發粉都用完了，今晚來煮飯好嗎？,"Father, the flour and baking powder have all been used up, how about cooking rice tonight?"
"M̄-bián kóaⁿ-kín khì, hō͘ lo̍h soah, chiah khì.",,不必忙著去，雨下停了才去,"There is no need to going in such a hurry, don’t go before it stops raining."
liáu-chîⁿ,liáu-tsînn,虧本 | 賠錢,to lose money (as in business)
liáu-āu,liáu-āu,以後,after (usually follows a verb)
lim,lim,飯 | 喝,to dirink
lim-thng,lim-thng,喝湯,to eat soup
lim io̍h-chúi,lim io̍h-tsuí,喝藥水,to take liquid medicines
lim gû-leng,lim gû-ling,喝牛奶,to drink milk
lîm-sî,lîm-sî,臨時 | 一時的,temporary | extraordinary
lîm sî ê kang-lâng,lîm sî ê kang-lâng,,a temporary employee
Góa ài chhiàⁿ nn̄g-ê lîm-sî ê kang-lâng,,我要雇兩個臨時的工人,I want to hire two temporary walkers.
lín,lín,你們,you
lín nn̄g ê lâng,lín nn̄g ê lâng,你們兩個人,you two
liông-sim,liông-sim,良心,conscience (Lit good heatr)
ū liông-sim,ū liông-sim,有良心,have a clear conscience
bô liông-sim,bô liông-sim,沒有良心,conscienceless | no conscience
liōng,liōng,大度 | 寬大,magnanimity | generosity
Hit ê lâng chin ū-liōng.,,那個人很寬大,He is a (broad-minded) generous man.
liû-kip | lo̍h-tē,liû-kip | lo̍h-tē,留級,to remain in same class
"Lí nā bô jīn-chin tha̍k-chheh, lí ē liû-kip.",,你假如不認真讀書，會留級,"If you don’t study more conscientiously, you will not pass."
liu-á,liu-á,鈕扣,a button
liu-á khang,liu-á khang,鈕扣孔,a button hole
liú,liú,扣住 | 扣緊,to button (up)
Lí ê khó͘-liú-á chi̍t liú bô liú.,,你的褲子的鈕扣一個沒有扣上,You have not buttoned one of the buttons on your pants.
liù,liù,脫,"to take off (cap, hat)"
liù bō-á,liù bō-á,脫帽子,to take off cap or hat
liû-seng-ki,liû-sing-ki,留聲機,the gramophone
liû-ha̍k,liû-ha̍k,留學,to study abroad
Lí m̄-thang ūi-tio̍h boeh khì Bí-kok liû-ha̍k chiah boeh léng-sián.,,你不要為著到美國留學才領洗,Don’t wish to be baptized only because you want to go to America to study.
liû-hak-seng,liû-hak-sing,留學生,students sent abroad to study
liû-hêng | sî-kiâⁿ,liû-hîng | sî-kiânn,流行,fashion | in fashion | to prevail | style.
Chit-má kûn teh liû-hêng tn̂g--ê á-sī té--ê?,,現在裙子流行著長的還是短的？,Is the fashion now to have long or short skirts?
tòe liû-hêng,tuè liû-hîng,跟流行,to follow the fashion
"Lí lóng m̄ tha̍k-chheh, tiāⁿ-tiāⁿ siūⁿ boeh tòe sî-kiâⁿ.",,你都不想唸書，常常想跟著流行走,"You don’t want to study, all you think of is to follow the fashions."
lò,lò,高,tall
lô-má,lô-má,羅馬,Rome
lô-má-jī,lô-má-jī,羅馬字,Romanization
lô,lô,濁,muddy (as water)
lô-hoân,lô-huân,勞煩 | 麻煩,to trouble one to do
Góa boeh lô-hoân lí kā góa chò chi̍t hāng tāi-chì.,,我要麻煩你替我做一件事情,I wish to trouble you to do me a favor.
lô-tōng,lô-tōng,勞動,to labour
Lí m̄-thang lô-tōng siuⁿ kòe-thâu.,,你不要勞動過分,Don’t work (labor) beyond the proper measure.
lô-tōng-chiá,lô-tōng-tsiá,勞動者,a labourer
lô-tōng-kài,lô-tōng-kài,勞動界,labouring calss
lô͘-môa,lôo-muâ,鱸鰻 | 流氓,roaming eel | a vagabond
lō͘-si-teng,lōo-si-ting,螺絲釘,a screw
lō͘-si ká,lōo-si ká,螺思旋,a screw driver
lō͘-ēng,lōo-īng,用處,use
ū lō͘-ēng,ū lōo-īng,有用處,useful
bô lō͘-ēng,bô lōo-īng,沒有用處,useless
lō͘,lōo,路,road
kiâⁿ-lō͘,kiânn-lōo,走路,to walk
kàu-lō͘-bóe,kàu-lōo-bué,最後,at last
ló͘-la̍t,lóo-la̍t,謝謝,thank you
lô͘-le̍,lôo-le̍,奴隸,a slave
lōa,luā,多少,how
"Sîn-hū bîn-á-chài boeh kā goán khó tō-lí, góa lōa nih kiaⁿ--leh.",,神父明天要考我們教理，我多麼怕,"Father will examine (us) in the doctrine tomorrow, how frightened I am."
lōa hn̄g,luā hn̄g,多遠,How far?
lōa chē,luā tsē,多少,How many? How much?
lōa,luā,誣指,to accuse one falsely | to put one under false charge
"Góa chit-má chiah lâi, lí m̄-thang lōa góa thau-the̍h lí ê sî-pió.",,我剛剛來，你不要誣指我偷你的錶,"I just got here now, don’t accuse me falsely of stealing your watch."
loa̍h-á,lua̍h-á,櫛,a comb
loa̍h thâu-mô͘ | loa̍h thâu-mn̂g,lua̍h thâu-môo | lua̍h thâu-mn̂g,梳頭髮,to comb the hair
loān,luān,亂,confused | to confuse | to disturb
"Góa beh tha̍k-chheh, lí m̄-thang kā góa loān.",,我要念書，你不要搗亂我,"I want to study, don’t disturb me."
loân-ài,luân-ài,戀愛,love | to love
"Lín nn̄g ê teh loân-ài, lín pē-bú chai-iáⁿ--bô?",,你們兩個在戀愛，你們的父母知道嗎？,"You two are in love, do your parents know about this?"
lo̍h hō͘,lo̍h hōo,下雨,to rain
lo̍h seh,lo̍h seh,下雪,to snow
lo̍h-pûi,lo̍h-puî,下肥,to fertilize
lo̍h-tē,lo̍h-tē,留級,not to pass | to stay in the same class
lo̍h-kè,lo̍h-kè,跌價,to lay down prices (fixed price)
lo̍h-khì,lo̍h-khì,下去,to go down
lo̍h-khì-hia,lo̍h-khì-hia,下去那裡,go down there
lo̍h-lâi,lo̍h-lâi,下來,to come down
lo̍h-lâi-chia,lo̍h-lâi-tsia,下來這裡,come down here
lo̍h lâu-thui,lo̍h lâu-thui,下樓梯,to go down stairs
lok,lok,盒,a box | used only for matches
lo̍k-im,lo̍k-im,錄音,to record the voice
lo̍k-im-ki,lo̍k-im-ki,錄音機,a tape recorder
lo̍k-á,lo̍k-á,鹿,a deer
lo̍k-tô,lo̍k-tô,駱駝,a camel
lo̍k-tô-mô͘,lo̍k-tô-môo,駱駝毛,camel's hair
lóng,lóng,都,entirely
Hit khám tiàm ta̍k-hāng lóng-ū.,,那個商店每樣東西都有,That shop has every kind of thing.
lóng-bô,lóng-bô,都沒有,there isn't any at all
lóng m̄-sī án-ni,lóng m̄-sī án-ni,都不是這樣,It isn't that way at all. (It certainly isn't that way)
góa lóng bē siong-sìn,goá lóng bē siong-sìn,我都不相信,I can't believe that at all
lóng-chóng,lóng-tsóng,都 | 全部,all
Bān-mi̍h lóng-chóng sī Thian-chú chò--ê.,,萬物都是天主造的,All things are created by God.
lông-gia̍p,lông-gia̍p,農業,agriculture
lông-ha̍k-īⁿ,lông-ha̍k-īnn,農學院,Agricultural College
lông-le̍k | kū-le̍k,lông-li̍k | kū-li̍k,農曆,lunar calendar
lông-hu,lông-hu,農夫,a farmer | a peasant
lông-bîn,lông-bîn,農民,farmers | peasants
Kīn-lâi lông-bîn ê seng-oa̍h ke chin hó.,,近來農民的生活水準提高了,Recently the life of the farmers has been much better.
lông-chhoan | chhân-chng,lông-tshuan | tshân-tsng,農村,an agricultural district | country place | a farm village
Tâi-oân ê lông-chhoan jī cha̍p gōa nî chêng chiū ū tiān-hóe.,,台灣的農村在二十多年前就有了電燈,The country places in Taiwan had electric lights some twenty years ago.
lòng,lòng,撞,a farm | a farmstead
"M̄-thang gia̍h tek-á sńg, ē lòng tio̍h ba̍k-chiu.",,不要拿竹竿玩，會撞上眼睛,"Don’t take a stick and fool around, you might poke somebody in the eye."
lông-tiûⁿ,lông-tiûnn,農場,to poke (with a fist or a stick)
lòng-kiû,lòng-kiû,撞球,billiards | to play billiards or pool
lòng-kiû keng | kiû-keng,lòng-kiû king | kiû-king,撞球間,a billiard room | a pool room.
lú...lú...,lú...lú...,愈...愈...,the more...the more
Lú o̍h Tâi-oân-ōe lú chhú-bī.,,台灣話越學越有趣,"The more Taiwanese you learn, the more interesting it gets."
lúi,luí,個 | 眼鏡 | 朵 | 花,Cl. for eyes or flowers
chi̍t lúi ba̍k-chiu,tsi̍t luí ba̍k-tsiu,一個眼睛,
chi̍t lúi hoe,tsi̍t luí hue,一朵花,
lûi-kong,luî-kong,雷,thunder
"Chang-àm tân lûi-kong, góa lōa-nih kiaⁿ--leh.",,昨天晚上打雷，我多麼害怕,How frightened I was last night when it thundered.
jîn-lūi,jîn-luī,人類,human
lūn,lūn,論,to discuss
"Lí iáu-bōe tha̍k tō-lí, chiū boeh kap lâng lūn tō-lí.",,你還沒有學道理，就要和人論道理,"You have not yet studied the doctrine, and you want to discuss the doctrine with others."
lūn-goe̍h,lūn-gue̍h,閏月,intercalary month
lûn-liû,lûn-liû,輪流,by turns
Lín nn̄g ê àm-sî tio̍h-ài lûn-liû kò͘-mn̂g.,,你們兩個人晚上要輪流看門,You two must take turns in watching the gate at night.
chiàu-lûn,tsiàu-lûn,照輪流,by turns
Lín tio̍h-ài chiàu lûn sé thô͘-kha.,,你們應該輪流洗地板,You must take turns in washing the floor.
lu̍t-su,lu̍t-su,律師,a lawyer
hoat-lu̍t,huat-lu̍t,法律,law
m̄,m̄,不 | 不願意,will not | not want to | used also as negative before some verbs
m̄-thang,m̄-thang,勿 | 不可,don't should not necessary
m̄-bián,m̄-bián,不必 | 不要 | 免,no need | not necessary
m̄-kú,m̄-kú,然而 | 但是,but
m̄ chin hó,m̄ tsin hó,多麼好,wouldn't that be wonderful
Góa boeh ē-tàng chiūⁿ Thian-tông m̄ chin hó!,,我若能上天堂是多麼地好！,"If I could go up to heaven, wouldn’t that be wonderful?"
m̄-chai,m̄-tsai,不知 | 是不是,I wonder
Bîn-á-chài m̄-chai ē hó-thiⁿ--bē?,,明天不曉得會不會放晴？,I wonder if it will be nice weather tomorrow?
m̄ hān tiāⁿ...iā sī,m̄ hān tiānn...iā sī,不但...而且,not only...but also
"Lí nā phòa-pīⁿ, m̄ hān-tiāⁿ phah-pháiⁿ seng-khu, iā tio̍h-ài liáu chin chē chîⁿ.",,你若生病，不但會弄壞身體，而且要花很多錢,"If you get sick, you not only harm your body, you must also (spend) waste a lot of money."
a-ḿ,a-ḿ,伯母,a-peh's wife
m̄-káⁿ,m̄-kánn,不敢,dare not
m̄-tio̍h,m̄-tio̍h,不對,incorrect
m̄-sī,m̄-sī,不是,on | not
m̄-khéng,m̄-khíng,不願意,not willing
m̄ hó khòaⁿ,m̄ hó khuànn,不好看,not pretty
m̂ | hoe-m̂,m̂ | hue-m̂,蕾 | 蕚,a bud | a flower bud
m̄-sī...chiū-sī | it-tēng sī,m̄-sī...tsiū-sī | it-tīng sī,不是...就是,either...or
"Chhù-lāi chí-ū lín nn̄g ê, m̄-sī lí chò--ê chiū-sī (o̤ it-tēng sī) i chò--ê.",,家裡只有你們兩個人，不是你做的便是（一定是）他做的,"There were only two people in the house, if you didn’t do it, he certainly do it."
m̄-nā...iā,m̄-nā...iā,不只 | 不但 | 而且,not only but also
"Sîn-hū m̄-nā gâu kóng Tâi-oân-ōe, iā chin gâu kóng Kok-gí.",,神父不但很會說台灣話，而且國語也說得很好,"Father not only speaks Taiwanese we ll, he also speaks Mandarin very well."
Lí ê kiáⁿ ū gō͘ ê--bô? M̄-nā (gō͘ ê).,,你的孩子有五個嗎？不止（五個）,"You have five children, haven’t you? Not only five. More than five."
m̄-ti̍h,m̄-ti̍h,不要,not to want | not to care for | to forsake | to desert
Chia ê kū cha̍p-chì lí iáu boeh ti̍h á m̄ (ti̍h)?,,這些舊雜誌你還要不？,Do you still want these old magazines or not?
"Hit ê lâng m̄-ti̍h bó͘-kiáⁿ, chi̍t ji̍t sì-kè khì poa̍h-kiáu.",,那個人置妻子於不顧，整天到處去賭博,"That fellow doesn’t care for his wife and children, all day long he goes all around t gambling."
má-siōng,má-siōng,馬上,at once | immediately
má-má-hu-hu,má-má-hu-hu,馬馬虎虎,careless | carelessly | in a slipshod way | slovenly
Lí chò tāi-chì m̄-thang má-má-hu-hu.,,你做事不要馬馬虎虎,Don’t be careless about your affairs.
a-má,a-má,祖母,grandmother
gōa-má,guā-má,外祖母,mother's mother
lāi-má,lāi-má,內祖母,father's mother
mâ-hoân,mâ-huân,麻煩,to trouble | troublesome
Góa mâ-hoân lí chin-chē!,,我麻煩你很多,I have troubled you very much.
mā | mē,mā | mē,罵,to scold | to speak ill of
Lí m̄-thang mē tōa mē sè!,,你不可亂罵人。,Don’t be quarreling with everybody.
sio-mā | sio-mē,sio-mā | sio-mē,爭吵,to quarrel
mài,mài,不要 | 勿,don't
mài-khì,mài-khì,不要去,don't go
mài-kóng,mài-kóng,不要說,don't talk
mài-siū-khì,mài-siū-khì,不要生氣,Don't be angry
mâu-tún,mâu-tún,矛盾,self contradictory
"I kóng-ōe chin mâu-tún, cha-hng kóng i bat khì Bí-kok liû-ha̍k, chit-má kóng i m̄-bat chē-chûn iā m̄-bat chē hui-ki.",,他說話很矛盾，昨天說他曾經到過美國留學，現在又說他未曾坐過船也沒坐過飛機,"When he talks he cantradicts himself; yesterday he said that he went to America to study, now he says that he has never ridden in a boat or an airplane."
mâu-pēng,mâu-pīng,毛病,a blemish | a defect | a fault
"Chi̍t tâi khì-chhia chin chē mâu-pīⁿ, liâm-mi chia hāi, liâm-mi hia hāi.",,這輛汽車有很多毛病，一下子這裡一下子那裡壞,"This car has many defects, one minute it is out of order here, the next minute it is out of order there."
mē | mā,mē | mā,罵,to scold
mê-nî,mê-nî,明年,next year
mê | mî,mê | mî,夜,night
kòe-mî | keh-mê,kuè-mî | keh-mê,過夜,to stay over night
mê-ji̍t | mî-ji̍t,mê-ji̍t | mî-ji̍t,晝夜 | 日夜,day and night
"Lí nā mê-ji̍t tha̍k-chheh, ē khí-siáu.",,你假如日夜唸書會發瘋,If you study day and night you’ll go goofey.
mî-sat,mî-sat,彌撒,The Mass
chò mî-sat,tsò mî-sat,做彌撒,to celebrate Mass
mī-hún,mī-hún,麵粉,flour
mī-piáⁿ,mī-piánn,麵餅,altar breads.
mī-pau,mī-pau,麵包,a slice of bread
nn̄g tè hang mī-pau,nn̄g tè hang mī-pau,兩塊烘麵包,two slices of toast
mī,mī,麵 | 麵條,noodles
mî-á,mî-á,棉花,cotton
mî-chioh-phōe,mî-tsioh-phuē,棉被,a cotton padded quilt
mi,mi,把 | 握,to take up with the hand
Lí khì mi chi̍t mi bí lâi hō͘ ke-á chia̍h.,,你去握一把米來給雞吃,Go and get a handful of rice and feed it to the chickens. (to eat).
chi̍t mi,tsi̍t mi,,"a handful of (sugar, rice, salt, flour, sand)"
miâ,miâ,名字,name
ū miâ | chhut-miâ,ū miâ | tshut-miâ,有名,famous
miâ-toaⁿ | miâ-phō͘,miâ-tuann | miâ-phōo,名單,a list of names | roll call
miâ-phìⁿ | bêng-phìⁿ,miâ-phìnn | bîng-phìnn,名片,a calling card
hó-miā,hó-miā,好運氣,good fortune
khòaⁿ miā,khuànn miā,算命運,to tell fortunes
sìⁿ-miā,sìnn-miā,生命,life
Hit ê i-seng (ū) kiù góa ê sìⁿ-miā. (o̤ sèⁿ-miā).,,那位醫生救了我的生命,That doctor saved my life
mi̍h,mi̍h,物 | 東西,a thing | article
mi̍h-kiāⁿ,mi̍h-kiānn,東西,a thing
bān-mi̍h,bān-mi̍h,萬物,all things
chia̍h-mi̍h,tsia̍h-mi̍h,食物,eatables
chiâⁿ-mi̍h,tsiânn-mi̍h,成器,very good and capable
"Lí ê kiáⁿ-jî, ta̍k ê chin chiâⁿ-mi̍h.",,你的兒女每一個都很成器,All your children are very good and capable.
mn̄g,mn̄g,問,to ask
chhiáⁿ-mn̄g,tshiánn-mn̄g,請問,may I ask you
mn̂g,mn̂g,門,a door
mn̂g-kháu,mn̂g-kháu,門口,doorway
mn̂g-chòaⁿ,mn̂g-tsuànn,門閂,a bolt of a door
mn̂g | mô͘,mn̂g | môo,毛,hair | wool
mn̂g-chit | mô͘-chit,mn̂g-tsit | môo-tsit,毛織品,woolen cloth | woolen fabric
mô͘,môo,毛 | 甲,2934 [pinn5]
mô͘ | mo͘,môo | moo,毛髮 | 羽毛 | 毛,hair | feathers | wool
thâu-mô͘,thâu-môo,頭髮,hair
iûⁿ-mô͘,iûnn-môo,羊毛,wool
ke-mô͘-chhéng,ke-môo-tshíng,雞毛掃,a feather duster
mô͘-pit,môo-pit,毛筆,Chinese brush (pen)
mô͘-chit,môo-tsit,毛織品,woolen choth
mô͘-kúi,môo-kuí,魔鬼,a devil
pài mô͘-kúi,pài môo-kuí,拜魔鬼,to worship the devil
mō͘-hiám,mōo-hiám,冒險,to adventure | an adventure | to risk
"Chit-khoán ê mō͘-hiám, khah chē chîⁿ hō͘ góa, góa iā bô-ài chò.",,這種冒險，給我更多的錢，我也不要做,Even if you gave me more money I wouldn’t take such a risk ( I wouldn’t venture such a thing).
môa,muâ,麻,sesame
môa,muâ,鰻,an eel
móa | moán,muá | muán,滿,full
móa chhut-lâi,muá tshut-lâi,滿出來,overflowing | to overflow
Tê lí m̄-thang thîn hō͘ móa--chhut-lâi,,茶你不要倒得滿出來,Don’t pour out the tea in such a way that it runs out of the cup (overflows).
tīⁿ móa-móa,tīnn muá-muá,,very crowded
Sèng-tn̂g--lâi lâng tīⁿ-móa-móa.,,聖堂裡面的人滿滿的,The church is all crowded with people.
móa-ì | boán-chiok,muá-ì | buán-tsiok,滿意,satisfactory | to be satisfied
Án-ne lí ū móa-ì--bô? Nā bô móa-ì chhiáⁿ-lí m̄-bián kheh-khì kā góa kóng.,,這樣你滿意不？要是不滿意請你不客氣地告訴我。,Are you satisfied with this? If you are not satisfied please don’t hesitate to say so.
móa-sì-kè,muá-sì-kè,到處,everywhere
Móa-sì-kè to ū hô͘-sîn.,,到處都有蒼蠅,There are flies all over the place.
móa-móa-sī,muá-muá-sī,滿滿都是,everywhere in great abundance
Hô͘-sîn móa-móa-sī.,,滿滿都是蒼蠅,Everything is covered with flies.
môe-kùi | mûi-kùi,muê-kuì | muî-kuì,玫瑰,a rose
môe-kùi-keng,muê-kuì-king,玫瑰經,rosary
mōe-sài,muē-sài,妹婿,little sister's husband
chí-mōe,tsí-muē,姐妹,sisters
sió-mōe,sió-muē,妹妹,younger sister
môe,muê,稀飯 | 粥,rice gruel
ám-môe,ám-muê,少米湯,thin rice gruel
khó-môe,khó-muê,多米湯,thick rice gruel
múi | ta̍k,muí | ta̍k,每 | 各,every
múi-ji̍t,muí-ji̍t,每日,every day
múi-nî,muí-nî,每年,every year
múi-hôe,muí-huê,每次,every time
mûi-hoe,muî-hue,梅花,plum blossoms
nā,nā,假如 | 若,"if | very often ""[na7]"" has the meaning of ""when"""
nā-sī,nā-sī,假如,if
nā-ū,nā-ū,假如有,if there is | if there are
ná chhin-chhiūⁿ,ná tshin-tshiūnn,正如 | 好像,it looks like | just as if
Chit ê lâng nā chhin-chhiūⁿ boeh khí-siáu.,,這個人好像要發狂,It looks like this guy is going crazy.
ná,ná,為什麼,why? same as [an3-chuann2]
ná...ná...,ná...ná...,越...越... | 像...像...,the more...the same | to do two things at one time
Lí chí ê chhài ná chia̍h ná hó-chia̍h.,,你烹調的菜愈吃愈好吃,The more I eat your cooking the more I like it.
"Nā chò-kang, ná liām-keng.",,一面做工，一面念經,To work and pray at the same time.
"Ná kiâⁿ-lō͘, ná kóng-ōe.",,一面走路，一面講話,To talk while walking along.
"Ná khòaⁿ-chheh, nā thiaⁿ siu-im-ki.",,一面看書，一面聽收音機,"To listen to the radio, while reading."
nâ,nâ,籃,a basket (with a handle)
nâ-kûi,nâ-kuî,籃球,basketball
phah nâ-kiû,phah nâ-kiû,打藍球,to play basketball
nâ-kiû ê pí-sài,nâ-kiû ê pí-sài,籃球比賽,a basketball game
nâ-kiû-ê,nâ-kiû-ê,籃球鞋,basketball shoes
tîn-nâ,tîn-nâ,藤籃,a rattan basket
ǹg-bāng,ǹg-bāng,盼望,to hope | to expect
Chò-sit lâng lóng teh ǹg-bāng hó siu-sêng.,,農人都盼望好的收穫,Farmers always hope they will have a good harvest.
ng-á,ng-á,秧 | 禾苗,small rice plants
ng-chioh,ng-tsioh,苗床,a bed for the small rice plants
n̂g,n̂g,黃,yellow | a common clan name
n̂g sin-seⁿ | n̂g sian-siⁿ,n̂g sin-senn | n̂g sian-sinn,黃先生,Mr. [Ng5]
ńg,ńg,影 | 蔭,a shadow | shade
chhiū-á ńg,tshiū-á ńg,樹蔭,the shade of a tree
ngī | ngē,ngī | ngē,硬,"stiff (cannot be bent, as a stick, wrie or rope)"
"Saⁿ lí m̄-thang chiuⁿ siuⁿ ngī, góa ài chhēng nńg--ê.",,衣服你不要漿得太硬，我喜歡穿軟的,"Don’t starch the clothes too stiff, I like to wear soft clothes."
ngiau,ngiau,使發癢,to tickle
"Góa chin kiaⁿ ngiau, m̄-thang kā góa ngiau.",,我很怕癢，不要癢我,"I am very ticklish, don’t tickle me."
ē ngiau,ē ngiau,癢癢的感覺,to be ticklish | feel titillation
"Góa kha-té ê ngiau, m̄-thang kā góa ngiau.",,我的腳底會癢，不要癢我,"The sole of my foot is ticklish, don’t tickle me."
ngó͘-siōng,ngóo-siōng,偶像,an idol
pài ngó͘-siōng,pài ngóo-siōng,拜偶像,to worship idols
nî,nî,年,a year
kin-nî,kin-nî,今年,this year
mê-nî,mê-nî,明年,next year
āu-nî,āu-nî,後年,the year after next year
kū-nî,kū-nî,去年,last year
koh nn̄g nî,koh nn̄g nî,過兩年 | 兩年後,after two years
pún-nî,pún-nî,本年,this year
sin-nî,sin-nî,新年,New Year's
kòe-nî,kuè-nî,過年,to celebrate New Year's
ní,ní,染,to dye
Góa chit niá saⁿ ài ní âng-sek--ê.,,我這件衣服要染紅色,I want this shirt dyed red .
nì kha-bóe,nì kha-bué,舉 | 踵,to stand on tiptoe
"Lí khǹg tī hiah koân, góa nih-kha-bóe iáu-kú the̍h bē tio̍h.",,你放得那麼高，我舉起腳跟還拿不到,"You put it up so high, if I stand on the tip of my toes, I still can’t reach it."
I nih-kha-bóe teh kiâⁿ.,,他躡足而行,He is walking tiptoed.
nî-ko͘,nî-koo,尼姑,a buddhist nun
nî-ko͘-am,nî-koo-am,尼姑庵,a buddhist nunnery (convent)
niá,niá,件,cl. for clothing
chi̍t niá khò͘,tsi̍t niá khòo,一件褲子,a pair of trousers
niá,niá,領,to receive
niá sèng-thé,niá sìng-thé,領聖體,to receive Holy Communion
niá chîⁿ,niá tsînn,領錢,to receive money
niā-niā | niā-tiāⁿ,niā-niā | niā-tiānn,僅僅 | 而已,only
Góa chi̍t ē boeh khì niā-niā.,,僅僅我一個要去,I am the only one who is going.
niau,niau,貓,a cat
niau-á-kiáⁿ,niau-á-kiánn,小貓,kittens
niáu-chhí,niáu-tshí,老鼠,a rat
niáu-chhí tng,niáu-tshí tng,捉老鼠的圈套,a rat trap
niau | niau-niau,niau | niau-niau,有痘痕,pockmark
ni̍h,ni̍h,裡,in | at
nih,nih,瞬,twinkle
chi̍t ba̍k nih-á,tsi̍t ba̍k nih-á,一瞬間,in a twinkling of the eye
ni̍h,ni̍h,握,to grasp (with the hand) | squeeze
"Góa kap i ak-chhiú ê sī, hō͘ i ni̍h chin thiàⁿ.",,我和他握手時被他握得很痛,"When I shook hands with him, he squeezed my hand and made it hurt."
Hit-chiah chiáu-á ē hō͘ lí ni̍h sí--khì.,,那隻鳥會被你抓死,You will squeeze that bird to death.
niû,niû,量,to measure
Lí ná boeh chò-saⁿ tio̍h-ài tāi-seng niû seng-khu.,,你若要做衣服，就要首先量身材,"If you want to have a garment made, you must first have your measurements taken."
niû khòaⁿ--bāi-lè,niû khuànn--bāi-lè,量量看,Measure it
niū,niū,衡量 | 秤,to weigh
niū-á,niū-á,秤 | 天秤,a scale
"Lín nn̄g ê kng, góa-lâi niû.",,你們兩個抬，我來秤,"You two lift it, I’ll weigh it."
niú,niú,兩,an ounce
niû-á,niû-á,蠶,the silkworm
niū,niū,讓,to concede to a person | to yield to
"Lí khah tōa-hàn, tio̍h-ài niū sió-tī.",,你較大，得讓弟弟,"You are older, you should give in to your younger brother."
sio-niū,sio-niū,相讓,to concede mutually | to make concessions
Ta̍k-ke nā sio-niū it-tēng bē oan-ke.,,大家相讓就一定不會吵架,"If you all make some concessions, you certainly will not quarrel."
nńg,nńg,軟,soft
nńg-phìⁿ,nńg-phìnn,軟片,fuse wire
nńg-sòaⁿ,nńg-suànn,保險絲 | 軟線,a film (for a camera)
nn̄g,nn̄g,蛋 | 卵,an egg
ke nn̄g,ke nn̄g,雞蛋,hen's egg
ah nn̄g,ah nn̄g,鴨卵,duck's egg
hóe-ke-nn̄g,hué-ke-nn̄g,火雞卵,turkey's egg
nn̄g-jîn,nn̄g-jîn,蛋黃,yolk of eggs
nn̄g-pe̍h,nn̄g-pe̍h,蛋白,white of eggs.
nn̄g,nn̄g,兩 | 二,two
nōa | chhùi-nōa,nuā | tshuì-nuā,唾液,saliva
lâu-nōa,lâu-nuā,唾涎,run at the mouth | (one's mouth waters)
Chit ê sè-hàn gín-á chin gâu lâu-nōa.,,這個小孩子很會流口涎,This child is always running at the mouth (slobbering).
phùi chhùi-nōa,phuì tshuì-nuā,吐唾液,to spit
nōa,nuā,腐爛 | 腐蝕,rotten | to decay | to corrode | to rot
Kóe-chí (o̤ chhiⁿ-chhài) khǹg kú ē nōa--khì.,,水果（青菜）放久了就會爛,"If you leave fruit (or vegetables) in a place a long time, it will rot. (go bad)."
nōa,nuā,柔軟的,tender | soft (due to cooking)
Bah (o̤ chhài) tio̍h chú khah nōa--lè.,,肉（菜）必須煮得軟一點,The meat (or vegetables) should be cooked until is softer.
o-ló,o-ló,稱讚,to praise | flatter
Lí chin gâu o-ló.,,你很會稱讚,You are very good at passing out compliments.
ô-á,ô-á,蠔,oyster
o͘-tho͘-bái,oo-thoo-bái,機器腳踏車,a motorcycle
o͘-pe̍h,oo-pe̍h,隨便,carelessly
o͘-pe̍h kóng,oo-pe̍h kóng,亂講,to say any old thing
o͘-ian,oo-ian,煤煙,soot (lit. black smoke)
ō͘-á,ōo-á,芋,the taro root.
óa-khò,uá-khò,依靠,to depend upon | rely upon
"I chi̍t ke cha̍p ê lâng, lóng óa-khò î chi̍t ê teh seng-oa̍h.",,他一家十個人都依靠他一個在生活,"His family has ten persons, they all depend upon him for their livelihood."
óa | kong-hun,uá | kong-hun,瓦 | 公分,a gram
óa,uá,接近 | 靠近,to go near
khah óa lâi,khah uá lâi,靠近一點來,come closer
m̄-thang óa-khì,m̄-thang uá-khì,不要靠近去,Don't go near it.
óaⁿ,uánn,碗,a bowl
pn̄g-óaⁿ,pn̄g-uánn,飯碗,a rice bowl
chi̍t óaⁿ pn̄g,tsi̍t uánn pn̄g,一碗飯,a bowl of rice
óaⁿ-pôaⁿ,uánn-puânn,碗盤,dishes
siu oaⁿ-pôaⁿ,siu uann-puânn,收拾碗盤,to collect the dishes (e.g. after meal)
ōaⁿ,uānn,換,to exchange one thing for another
ōaⁿ-saⁿ,uānn-sann,換衣服,to change one's clothes
ōaⁿ-chîⁿ,uānn-tsînn,換錢,to change money
ōaⁿ chheng-khì ê,uānn tshing-khì ê,換清淨的,change to a clean one (e.g. a tablecloth or bed sheet)
òaⁿ,uànn,晚 | 遲 | 慢,late
Lín ná chiah òaⁿ lâi?,,你怎麼這麼慢來,How come you’re so late?
oa̍h,oa̍h,活,alive
iáu teh oa̍h,iáu teh ua̍h,還活著,still living
koh oa̍h,koh ua̍h,再活,to come back to life
oân-lîm,uân-lîm,員林,Oan Lim (name of place)
oân-ná,uân-ná,又 | 亦 | 還是 | 也,also | and
"Góa chang-àm bô khí sèng- tn̂g, lí oân-ná bô khì, sī--bô?",,我昨天晚上沒有去聖堂，你也沒有去，是不是？,"I didn’t go to Church last night, you did not go either, is that right?"
oân-boán,uân-buán,圓滿,complete | perfect
oan-ke,uan-ke,吵架,to quarrel
"Góa hōng-kàu liáu-āu, ang-bó͘ lóng m̄-bat oan-ke.",,我奉教以後，夫婦未曾打架,"After I entered the Church, my wife and I have not quarreled at all."
oan,uan,彎 | 曲,crooked | deceitful
"Sim-koaⁿ nā oan, chò tāi-chì chiū bē-ti̍t.",,心不正則做事就不正直,"If the heart is deceitful, one will not be sincere in doing things."
oàn-hīn,uàn-hīn,怨恨,to hate | hate
"Nā oàn-hīn--lâng, sim-koaⁿ chū-jiân bē pêng-an.",,若怨恨他人心自然不會平安,"If we hate people, our hearts (minds) will not be at ease."
oân-se̍ng,uân-si̍ng,完成,to complete | to perfect | completion
Lí chò kàu tang-sî chiah ē oân-sêng?,,你做到何時才能完成？,How long will it be before you complete this?
oán-chiok,uán-tsiok,遠足,a long walk | to hike
Goán lāu-su boeh chhōa goán khì oán-chiok.,,我們的老師要帶我們去遠足,Our teacher wants to take us out for a hike.
oa̍t,ua̍t,轉,to turn around in the opposite
oat,uat,轉向,to turn
oa̍t-thâu,ua̍t-thâu,轉頭,to turn around
"Góa chi̍t ē oa̍t-thâu (ê sî), khòaⁿ-kìⁿ lí poa̍h-tó.",,我一轉頭就看見你跌倒,As soon as I turned my head turned around) I saw you fall over.
oat chiàⁿ chhiú-pêng,uat tsiànn tshiú-pîng,向右轉,turn off to the right
oat tò chhiú pêng,uat tò tshiú pîng,向左轉,turn to the left
ōe,uē,話,a word | speech
tâi-oân-ōe,tâi-uân-uē,台灣話,Taiwanese
ji̍t-pún-ōe,ji̍t-pún-uē,日本話,Japanese
tek-kok-ōe,tik-kok-uē,德國話,Gernan
hoat-kok-ōe,huat-kok-uē,法國話,French
se-pan-gê-ōe,se-pan-gê-uē,西班牙話,Spanish
ōe-seng,uē-sing,衛生,sanitation | hygiene
ōe-tô͘,uē-tôo,畫圖,a clinic
ōe-seng-só͘,uē-sing-sóo,衛生所,to draw pictures
o̍h,o̍h,學 | 學習,to learn
o̍h tō-lí,o̍h tō-lí,學道理,to learn (or to study) the doctrine
oh,oh,困難,difficult
chin oh o̍h,tsin oh o̍h,很難學,very difficult to learn
ông | kok-ông,ông | kok-ông,王 | 國王,a king
kàu-hông | kàu-ông,kàu-hông | kàu-ông,教皇 | 教王,the Holy Father | the Pope
ông-lâi,ông-lâi,鳳梨,a pineapple
óng-lâi | lâi-óng,óng-lâi | lâi-óng,往來 | 來往 | 交際,to associate with
Góa kap i chin kú bô óng-lâi (lâi-óng).,,我和他很久沒往來,I have not associated with him for a long time.
óng-ho̍k,óng-ho̍k,往復 | 來回,going and returning
óng-ho̍k-phiò,óng-ho̍k-phiò,來回車票,a return ticket
pá,pá,飽,is full | satiated
chia̍h pá,tsia̍h pá,吃飽,filled with food | satiated | to eat enough
"Chia̍h-pá khùn , khùn-pá chia̍h.",,吃飽就睡，睡飽就吃,"To stuff oneself with food, then sleep, after sleeping to eat again. (A person is very lazy.)"
chia̍h pòaⁿ pá,tsia̍h puànn pá,吃半飽,to eat half a meal | to fast
khún-pá,khún-pá,睡飽,to get enough sleep
"Chia̍h-pá khùn , khùn-pá chia̍h.",,吃飽就睡，睡飽就吃,"To stuff oneself with food, then sleep, after sleeping to eat again. (A person is very lazy.)"
Lí chang-àm khùn ū pá--bô?,,你昨晚睡得飽不飽？,Did you get enough sleep last night?
chhit-thô bē pá,tshit-thô bē pá,玩不夠,not enough recreation
Lí chhit-thô liáu kám bô pá?,,你玩得還不夠嗎？,Haven’t you had enough play yet?
lim pá,lim pá,喝夠了,to have drunk enough
chhùi pá,tshuì pá,吃夠了,hunger is satisfied
Chhùi pá ba̍k bô pá.,,雖然吃飽了，眼睛一看到就又想吃,"Though having eaten to the full, he still sees things he wants to eat."
pà,pà,豹,a leopard
pái,pái,次 | 回,"times | (once, twice etc.)"
āu-pái,āu-pái,下次 | 以後,the next time | in the future
téng-pái,tíng-pái,前次 | 上次,the last time
chin chē pái,tsin tsē pái,很多次,many times
chi̍t pái,tsi̍t pái,一次,once
chit pái,tsit pái,這次,this time
ta̍k-pái,ta̍k-pái,每一次,every time
kúi-nā-pái,kuí-nā-pái,好幾次,several times | a few times
pái-kha,pái-kha,跛子,crippled
pài-thok,pài-thok,拜託 | 請求,to politely request
"Góa boeh pài-thok lí chò chit hāng tāi-chì, lí m̄-chai ū êng--bô?",,我要拜託你做一件事情，不知你有空嗎？,"I want to beg you to do a favor, I wonder if you have time?"
pài,pài,拜,to worship | to do reverence to | to pay respects to.
pài thian-chú,pài thian-tsú,拜天主,to worship God.
pài mô͘-kúi,pài môo-kuí,拜魔鬼,to worship the devil
lé pài,lé pài,禮拜,a ceremonial worship | a week
lé pài tn̂g,lé pài tn̂g,禮拜堂,a Protestant Church
pâi,pâi,排 | 陳列,arrange | place in a row | display
Chhiáⁿ lín pâi chò chi̍t lia̍t.,,請你們排為一列,Please line up.
pâi kut,pâi kut,肋骨,the ribs
pâi-kiû,pâi-kiû,排球,volleyball
pài-hāu,pài-hāu,拜候,to pay a visit
pâi-thek,pâi-thik,排斥,to reject | to eject | rejection | oppose
Pâi-thek Ji̍p-bún hòe ji̍p-kháu.,,排斥日本貨入口,To refuse Japanese goods to enter the harbor.
pa̍k,pa̍k,綁 | 縛,to tie
Ēng soh-á pa̍k--khí-lâi.,,用繩子紮起來,Tie it up with rope (string).
Tio̍h-ài pa̍k ho͘-ân.,,要縛得緊,You must tie it tightly.
pak,pak,剝,to skin | to strip off
pak-phôe,pak-phuê,剝皮,to peel | to skin
pak khí-lâi khòaⁿ,pak khí-lâi khuànn,拆起來看,to take apart and look at.
pak,pak,北,North
pak-tó͘,pak-tóo,腹部,belly
pak-tó͘ thiàⁿ,pak-tóo thiànn,肚子痛 | 腹痛,belly ache
pak-lāi,pak-lāi,內臟,"tripe (of fowl, animals) (Lit. inside the belly)"
pān-lí,pān-lí,辦理,to manage | to run
I chin gâu pān-lí ha̍k-hāu.,,他很會辦理學校,He is very good at running the school.
pan,pan,班,a class
Lín ha̍k-hāu lóng-chóng ū kúi pan?,,你們的學校一共有幾班？,How many classes are there altogether in your school?
pàng,pàng,放,to set free | to let go
pàng-o̍h,pàng-o̍h,放學,to close school | dismiss pupils
pàng-phùi,pàng-phuì,放屁,to pass wind or gas
pàng-sái,pàng-sái,放便 | 大便,to stool
pàng-jiō,pàng-jiō,放尿 | 小便,to urinate
pàng-chhiú,pàng-tshiú,放手,let loose of it
pang-bâng,pang-bâng,幫忙,to help
"Ná ū sím-mih tāi-chì, kàu-iú ta̍k-ke tio̍h-ài sio pang-bâng.",,若有什麼事，教友大家要互相幫忙,"If any trouble arises, the Catholics must all help one another."
pang-chān,pang-tsān,幫助,to help
"Góa bô-chîⁿ thang i pīⁿ, chhiáⁿ lí thi̍t-sut-á pang-chān góa.",,我沒有錢醫病，請你稍微幫助我,"I have no money to doctor my sickness, please help me just a little."
pang-chō͘,pang-tsōo,幫助,to help
Góa bô-hoat-tō͘ thang pang-chō͘--lí.,,我沒辦法幫助你,I can’t help you.
pâng-keng,pâng-king,房間,a room
tha̍k-chheh-keng,tha̍k-tsheh-king,書房,study room
chia̍h pn̄g keng,tsia̍h pn̄g king,餐廳,dining room
pâng-kiû,pâng-kiû,棒球,baseball
pang,pang,木板,a board
o͘-pang,oo-pang,黑板,the blackboard
pa̍t,pa̍t,別,other
pa̍t-lâng,pa̍t-lâng,別人,another | other people
pa̍t-khoàn,pa̍t-khuàn,別種,another kind
pa̍t só͘-chāi | pa̍t ūi,pa̍t sóo-tsāi | pa̍t uī,別地方,another place
pau,pau,包,a package
"Chi̍t pau boeh sàng-lâng, tio̍h-ài pau hō͘ súi.",,這包要送給人家的，要包得好一點,"I want to get this package as a present, you must wrap it up so that it looks pretty."
Ēng chóa pau--khí-lâi.,,用紙包起來,Wrap it up with paper.
chi̍t pau hun,tsi̍t pau hun,一包菸,a package of cigarettes
mī-pau,mī-pau,麵包,bread
sió-pau,sió-pau,小包 | 包裹,a parcel
pau,pau,包,to pack
pē-bú,pē-bú,父母,parents
lāu-pē,lāu-pē,父親,father
pê,pê,爬,to creep (as a baby)
Chit ê âng-iⁿ-á ē-hiáu pê-- bē?,,這個嬰孩會爬嗎？,Does this infant know how to creep?
pé,pé,一把 | 一束,"a bunch | a handful of (flowers, pencils or anything that has the cl. ""[ki]"")"
Lí khì chhài-chhī-á bé chi̍t pé hōe.,,你到菜市場去買一束花來,Please go to the market and buy a bunch of flowers.
pê,pê,搔,to scratch (an itchy spot)
"Góa kha-chiah-phiaⁿ chin chiūⁿ, khah kín kā góa pê.",,我的背很癢，快一點搔,"My back is very itchy, scratch it for me at once."
pêⁿ,pênn,平坦,smooth | flat
pêⁿ,pênn,坪,36 Square Feet. 6 feet square
pêⁿ-pêⁿ,pênn-pênn,平 | 相等,equally
Lán lóng pêⁿ-pêⁿ sī Thian-chú ê kiáⁿ.,,我們一樣都是天主的孩子,We are all equally the children of God.
pēⁿ | pīⁿ,pēnn | pīnn,病,sickness | disease
phòa-pēⁿ,phuà-pēnn,生病,to be sick
Goán lāu-pē phòa-pēⁿ chin kú--à.,,我的父親生病了很久,My father has been sick a long time.
pēⁿ-īⁿ,pēnn-īnn,病院 | 醫院,a hospital
peh,peh,攀登 | 爬,to climb
Lí ài peh-soaⁿ á-sī ài siû-chúi?,,你愛爬山（登山）或是愛游泳？,Do you like to climb hills or go for a swim?
peh-khí-lâi,peh-khí-lâi,起床,to get up out of bed
pe̍h-chha̍t,pe̍h-tsha̍t,說謊,a lie
a-peh,a-peh,伯父,father's older brother
pe̍h-bí,pe̍h-bí,白米,polished rice
peh,peh,剝,to peel
peh keng-chio,peh king-tsio,剝香蕉,to peel a banana
pe̍h,pe̍h,白,white
pe̍h-pe̍h-pe̍h,pe̍h-pe̍h-pe̍h,白得很,very white | spotless | immaculate.
âng-âng-âng,âng-âng-âng,紅得很,red as fire.
ba̍t-ba̍t-ba̍t,ba̍t-ba̍t-ba̍t,滿滿的,extremely crowded
o͘-o͘-o͘,oo-oo-oo,黑漆漆,very black | very dirty
pîⁿ-pîⁿ-pîⁿ,pînn-pînn-pînn,很平坦,very smooth | very level (Gf. Gram. P. 372)
pêng,pîng,邊,side
hit pêng,hit pîng,那邊,that side | there
chit pêng,tsit pîng,這邊,this side
chiàⁿ-chhiú-pêng,tsiànn-tshiú-pîng,右邊,the right hand side
tò-chhiú-pêng,tò-tshiú-pîng,左邊,the left hand side
pêng-siông,pîng-siông,平常,ordinary | usual
I teh phòa-pēⁿ iā chiàu pêng-siông án-ni chò.,,他在生病也照（平）常（一樣）在做工,He is sick and he works at usual.
pêng-iú,pîng-iú,朋友,friend
pêng-an,pîng-an,平安,peace
peng,ping,冰,ice
peng-khò͘,ping-khòo,兵庫,an icebox
peng-tē,ping-tē,冰袋,an ice bag
peng-chím,ping-tsím,冰枕,an ice pillow
peng,ping,兵,a soldier
peng-tūi,ping-tuī,兵隊,an army
péng,píng,翻出 | 翻轉,to turn inside out | to turn upside down
"Ke-nn̄g chian chi̍t pêng tio̍h hó, m̄-bián péng pêng chian.",,雞卵煎一面就好了，不必翻面煎,"Fry eggs on one side, you don’t need to turn them over and fry them."
pêng-kin,pîng-kin,平均,the average | the par | balance
"Lí teh chò-seng-lí, chi̍t kó goe̍h pêng-kin thàn ū nn̄g-chheng kho͘--bô?",,你在做生意，一個月平均能賺兩千元嗎？,"In doing business, do you make an average of two thousand dollars a month?"
pha,pha,盞,cl. for a lamp
chi̍t pha teng,tsi̍t pha ting,一盞燈,a lamp
phah,phah,打,to strike
phah-chhùi-phé,phah-tshuì-phé,打耳光,to slap someone's face
"Lí nā kóng pe̍h-chha̍t, lí ē hō͘ lín má-mà phah chhùi-phé.",,你如說謊話，你會被你母親打耳光,"If you tell a lie, you are cheeks will be slapped by your mother."
phah-kiû,phah-kiû,打球,to play ball
"Lí kin-á-ji̍t boeh khì phah-kiû, boeh phah bāng-kiû á-sī boeh phah nâ-kiû?",,你今天要去打球，是要打網球還是要打籃球？,"You are going to play ball today, are you going to play tennis or basketball?"
phah-sí,phah-sí,打死,to kill
"Chit ê lâng chin ài poa̍h-kiáu, phah-sí iā bē pìⁿ.",,這個人很喜歡賭博，打死也不改變,"This fellow is very fond of gambling, you could kill him and he wouldn’t change. (reform)."
phah-phiáⁿ,phah-phiánn,打壞,to spoil | to injure
"Lí nā chò siuⁿ kòe-thâu, lí ē phah-pháiⁿ lí ê sin-thé.",,你如工作過度，你會損害身體,"If you work beyond the proper measure, you will injure your health. (your body)"
phah-phòa,phah-phuà,打破,to shatter | to break (as things made of glass)
Phah-phòa m̄-ta̍t saⁿ hun chîⁿ.,,東西打破了就不值三分錢,"If you break it, it won’t be worth three cents (as a curio or something very valuable)."
phah o͘-khì,phah oo-khì,污損,to soil | to make dirty
Lí chit niá súi saⁿ chhēng chit ji̍t nā-tiāⁿ chiū phah o͘--khì.,,你這件漂亮的衣服只穿一天就污損了,You wore your pretty shirt only one day and you got it all dirty.
phah toaⁿ,phah tuann,買票,to buy a ticket
"Chit-chhut tiān-iáⁿ chin-chē lâng khòaⁿ, tio̍h-ài khah chá khì phah toaⁿ chiah ū hó ūi thang chē.",,這片電影很多人看，必須早一點去買票才有好位子可坐,"There are a lot of people going to this movie, you better buy your ticket early, if you want a good seat."
phah-tn̄g,phah-tn̄g,打斷,"to sever | to break long things | which have the classifier ""[ki]"" or ""[tiau5]"""
"Lí nā boeh peh-khí peh-lo̍h, lí ē phah-tn̄g kha-chhiú-kut.",,你若要亂爬，你會打斷手腳,If you want to climb up and down (all around) you will break your legs and arms.
phah-hāi,phah-hāi,弄壞,to put out of order
Sîn-hū ê o͘-tó͘-bái hō͘ gín -á phah-hāi--khì.,,神父的機器腳踏車被小孩子弄壞,Father’s motorbike was put out of order by a boy.
phah tiān-ōe | khà tiān-ōe | kóng tiān-ōe,phah tiān-uē | khà tiān-uē | kóng tiān-uē,打電話,to telephone
Góa bat phah tiān-ōe khì Bí-kok.,,我曾經打電話到美國,I have already telephone to America.
phah cheng | kòng-cheng | khà-cheng,phah tsing | kòng-tsing | khà-tsing,打鐘,to strike a big bell
phah kha-chhiùⁿ,phah kha-tshiùnn,噴嚏,to sneeze
"Tāi-khài ū kôaⁿ--tio̍h, ti̍t-ti̍t phah kha-chhiùⁿ.",,大概傷了風，一直打噴嚏,"I most probably caught a cold, I sneeze one time right after another."
phah e̍h,phah e̍h,打噎,to belch
"Khì-chúi nā lim siuⁿ chē, á-sī chiah siuⁿ pá ē sí, ē phah-e̍h.",,汽水喝多了或者吃得太飽時會打噎,"If one drinks too much soda pop, or overeats, he will belch."
phah-thih ê,phah-thih ê,鐵匠,a blacksmith
phah-chhèng,phah-tshìng,打槍,to shoot a gun
Lí bat phah-chhèng--bô?,,你打過槍嗎？,Have you ever shot off a gun?
phah ka-la̍uh,phah ka-la̍uh,打落,to drop
Toh-téng ê mi̍h m̄-thang kā góa phah-ka-la̍uh.,,桌子上的東西不要打落在地上,Don’t drop my things off the table.
phah-la̍h,phah-la̍h,打獵,to hunt | hunting
Góa chú-ji̍t boeh lâi-khì phah láh.,,主日想要去打獵,I am going hunting on Sunday.
phah-la̍h ê,phah-la̍h ê,獵人,a hunter
phah-sǹg,phah-sǹg,打算 | 也許,perhaps | figure | reckon
Chit hāng tāi-chì lí phah-sǹg liáu m̄-tio̍h--khì.,,這件事你打算錯了,You have this thing figured out wrong.
phah-sòaⁿ,phah-suànn,拆散,to scatter
"Hiah ê chóa hō͘ hong phah sòaⁿ--khì, m̄-sī góa kā lí phah-sòaⁿ--khì.",,那些紙被風拆散的，不是我給你拆散,"That paper was scattered by the wind, I did not scatter it."
phái | phiáⁿ,phái | phiánn,壞 | 不好 | 難,a division of a clan | faction | denomination
chin phái chò,tsin phái chò,很難做,bad | difficult
phài,phài,派,very difficult to do.
Ki-tok-kàu hun-chò chin chē phài.,,基督教分為好幾派,Protestantism is divided into many denominations.
phái-khòaⁿ,phái-khuànn,難看,bad looking
pha̍k,pha̍k,晒,to sun
pha̍k-ji̍t,pha̍k-ji̍t,晒日,to sun oneself | to dry things in the sun
Kôaⁿ-thiⁿ lāu-lâng chin ài tha̍k-ji̍t.,,冷天老人很喜歡曬太陽,Old people like to sun themselves in cold weather.
pha̍k hō͘ ta,pha̍k hōo ta,晒乾,to dry in the sun
phang,phang,香,fragrant
phàng-kìⁿ,phàng-kìnn,遺失 | 丟掉,to lose
"Lí pháng-kìⁿ chi̍t-pah kho͘ bô-iàu-kín, thâu-náu bô pháng-kìⁿ siōng ka-chài.",,你丟了一百塊錢沒什麼要緊，幸虧你的腦筋沒有丟掉,"What difference does it make if you lost a hundred dollars, you are extremely fortunate that you did not lose your mind."
phâng,phâng,捧,to offer | to serve
Lí khì phâng-tê phâng piáⁿ lâi chhiáⁿ lâng-kheh.,,你去端茶餅來請客人,You go and bring some tea and cakes to treat the visitors.
phang,phang,蜂,a bee
bi̍t phang,bi̍t phang,蜜蜂,a honey bee
phàu,phàu,泡,to throw into boiling water
phàu tê,phàu tê,泡茶,to make tea
phàu ka-pi,phàu ka-pi,泡咖啡,to make coffee
phàu-á,phàu-á,鞭炮,a string of firecrackers
tiám phàu-á | pàng phàu-á,tiám phàu-á | pàng phàu-á,放炮,to light firecrackers
tōa phàu,tuā phàu,大砲,big cannon
phêng-kó | lín-gò͘,phîng-kó | lín-gòo,蘋果,an apple
phi,phi,晒 | 披,in order | to air or to sun them
phi-saⁿ,phi-sann,晒衣服,to spread clothes out to dry
phí-jū kóng | pí-jū,phí-jū kóng | pí-jū,譬喻說,for an example (e.g.)
phí chi̍t ê lē,phí tsi̍t ê lē,譬一個例子,to give an example
phiⁿ,phinn,頁,a page
tē kúi phiⁿ,tē kuí phinn,第幾頁,what page?
phīⁿ,phīnn,鼻 | 聞,nose | to smell
phīⁿ khòaⁿ-bāi-kè,phīnn khuànn-bāi-kè,聞一聞,Smell it
phiàn,phiàn,騙,to cheat | to deceive
M̄-thang phiàn--lâng.,,不可騙人,Don’t cheat people.
phián | chhiau,phián | tshiau,擾亂 | 搜查 | 翻,to ransack | rummage | to stir or move about as when searching for something
Góa ê thoah-á m̄-thang o͘-pe̍h kā góa phián.,,不要亂翻我的抽屜,Don’t run make through my drawers.
Chit pún goán a-kong ê ji̍t-kì sī tī chhng-khò͘ lāi phián--tio̍h-ê.,,這本我祖父的日記是在倉庫裡翻出來的,I found this diary of my grandfathers while rummaging in the shed.
phiat | chán,phiat | tsán,漂亮 | 好,nice | beautiful | (slang) pretty
Lí khòaⁿ góa chit niá saⁿ ū phiat--bô?,,你看我這件衣服漂亮不漂亮？,Don’t you think my shirt is nice?
phiat-á,phiat-á,碟子,a small plate
phín-hēng,phín-hīng,品行,behavior
hó phín-hēng | phín-hēng hó,hó phín-hīng | phín-hīng hó,品性好,well behaved
Chit ê ha̍k-seng chin hó phín-hēng (o̤ pháiⁿ phín-hēng).,,這個學生品行很好（很壞）,This student is well behaved (or not well behaved).
pháiⁿ phín-hēng | phín-hēng pháiⁿ,pháinn phín-hīng | phín-hīng pháinn,品性壞,not well behaved (of loose conduct)
Chit ê ha̍k-seng chin hó phín-hēng (o̤ pháiⁿ phín-hēng).,,這個學生品行很好（很壞）,This student is well behaved (or not well behaved).
phín-chit,phín-tsit,品質,quality (of things)
"Kè-chîⁿ sui-jiân ū khah sio̍k, tān-sī phín-chit bô kah lōa hó.",,價錢雖然便宜一點，但是品質不算好,"Although the price is cheaper, the quality is not so good."
phiò | gîn-phiò,phiò | gîn-phiò,鈔票 | 現鈔,paper currency
chhia phiò,tshia phiò,車票,bus or train ticket
phah chhia-phiò,phah tshia-phiò,買車票,to buy a bus or train ticket
chûn phiò,tsûn phiò,船票,boat ticket
hì-phiò,hì-phiò,戲票,show ticket
iû-phiò,iû-phiò,郵票,stamps
kô͘ iû-phiò | tah iû-phiò,kôo iû-phiò | tah iû-phiò,貼郵票,to attach stamps
phiò,phiò,漂,to bleach
Chit niá saⁿ tio̍h ēng phiò- hún phiò hō͘ pe̍h.,,這件衣服要用漂白粉漂白,This garment must be bleached white with bleaching powder.
phiò-hún,phiò-hún,漂白粉,bleaching powder
Chit niá saⁿ tio̍h ēng phiò- hún phiò hō͘ pe̍h.,,這件衣服要用漂白粉漂白,This garment must be bleached white with bleaching powder.
chi̍t phit pò͘,tsi̍t phit pòo,一匹布,a blot of cloth
pho,pho,泡沫,a bubble | foam
Ē khí-pho ê tê-kho͘ khah hó.,,會起泡的肥皂較好,Soap which lathers is better.
phō,phō,抱,to carry a child or some pet in arms
"Gín-á m̄-thang tiāⁿ-tiāⁿ phō--leh, tio̍h-ài hō͘ i lo̍h- khì kiâⁿ.",,小孩子不可常常抱著，要給他下來走,"Don’t always carry a child in your arms, you must let him down to walk."
phō͘-á,phōo-á,簿子,a notebook
siàu phō͘,siàu phōo,帳簿,an account book | a notebook for keeping a record of daily expenditures.
sin-gí ê phō͘-á,sin-gí ê phōo-á,新語的簿子,a notebook for new words
phò͘,phòo,十里,ten [li2]
chi̍t phò͘-lō͘,tsi̍t phòo-lōo,十里,ten [li2]
phó͘-thong,phóo-thong,普通,common | in common usage
"Chò-sit-lâng lāu-jia̍t sî chiah ū chheⁿ-chhau thang-chia̍h, phó͘-thong chia̍h chin pháiⁿ.",,農夫喜慶時才有佳餐可吃，平常吃得很壞,"Farmers have a banquet only when there is something going on, ordinarily they eat very poorly."
phó͘-thong piān,phóo-thong piān,普通便 | 平信,ordinary mail
phó͘-thong chhia,phóo-thong tshia,普通車,a local train or bus
phó͘ thiⁿ ē | phó͘ thian-hā,phóo thinn ē | phóo thian-hā,普天下,all over the word
"Góa siūⁿ nā koh saⁿ cha̍p nî āu, phó͘ thian-hā ê lâng lóng ē pìⁿ-chò Thian- chú-kàu ê kàu-iú.",,我想再三十年後，普天下的人都會變成天主教的教友,I think that after thirty years all the people in the world will become Catholics.
phó͘-phiàn,phóo-phiàn,普遍,pervade | universal | everywhere
Thian-chú-kàu phó͘-phiàn choân sè-kài.,,天主教普遍全世界,The Catholic church is spread throughout the whole world.
phò͘-sán,phòo-sán,破產,to go bankrupt
Hit ê lâng í-keng phò-sán--ah.,,他已經破產了,That fellow has already gone bankrupt.
phòa-pīⁿ | phòa-pēⁿ,phuà-pīnn | phuà-pēnn,生病 | 害病,to be sick
phòa,phuà,破,to break | to tear | broken
phòa-khì,phuà-khì,破了,broken
phòa-khui,phuà-khui,破開,to break open
phah phòa | kòng-phòa,phah phuà | kòng-phuà,打破,to break by a blow | to shatter
Sèng-tn̂g ê thang-á-mn̂g ê po-lê sī sim-mih lâng phah-phòa--khì-ê?,,聖堂的窗戶的玻璃是什麼人打破的？,Who broke the church windows?
phòa chhâ,phuà tshâ,劈柴,to split wood
phoe,phue,信,a letter
kià phoe,kià phue,寄信,mail a letter
siu-tio̍h phoe,siu-tio̍h phue,收到信,received a letter or letters
chiap-tio̍h phoe,tsiap-tio̍h phue,接到信,received a letter or letters
phoe-lông,phue-lông,信封,an envelope
phòe,phuè,配,to associate | to make | to fit
hun-phòe,hun-phuè,分配 | 婚配,marriage | to allot
hun-phòe kang-chok,hun-phuè kang-tsok,分配工作,to allot work (or tasks)
phòe-chhài,phuè-tshài,配菜,to eat vegetables with rice
Lí ài phòe sím-mih chhài?,,你喜歡吃哪樣菜？,What vegetables do you want to eat with your rice?
phòe-kip,phuè-kip,配給,to distribute things which people feel that they have a right to receive and which the priest must give out to them.
Sîn-hū lí tang-sî boeh phòe-kip kū saⁿ?,,神父你什麼時候要分配舊衣服？,"Father, when are you going to distribute the old clothes (e.g. relief clothes?"
phôe,phuê,皮,leather | skin | cover
phōe ê,phuē ê,皮鞋,leather shoes
phôe-tòa,phuê-tuà,皮帶,a leather belt
chheh phōe,tsheh phuē,書皮,book cover
phōe,phuē,被,a quilt
mî chioh phōe,mî tsioh phuē,棉被,heavy quilt
kah phōe,kah phuē,蓋被,to cover oneself with a quilt
phoh,phoh,殘粕 | 殘滓,residue | refuse from brewing or distillation
ka-pi-phoh,ka-pi-phoh,咖啡粕,coffee grounds.
kam-chià-phoh,kam-tsià-phoh,甘蔗粕,dry refuse left over after extracting sugar from sugar cane.
phòng-í,phòng-í,沙發,a sofa
phū,phū,噴,to spray | to spout out
"Chhiⁿ-chhài ū siⁿ thâng, tio̍h-ài phū io̍h-á.",,青菜上生蟲，必須噴藥,"The greens have worms, you must spray a disinfectant."
phû-tô | phô-tô,phû-tô | phô-tô,葡萄,grapes
phu-tô chiú | phô-tô thiú,phu-tô tsiú | phô-tô thiú,葡萄酒,wine (made of grapes)
phû-tô koaⁿ | phô-tô koaⁿ,phû-tô kuann | phô-tô kuann,葡萄乾,raisins
phû,phû,浮,to float | to rise to the surface
phû-chúi,phû-tsuí,浮水,to float on the water
pí,pí,比,to compare with | than
pí-sài,pí-sài,比賽,match | tournament
"Lán lâi cho͘-chit chi̍t tūi pāng-kiû tūi, chhut lâi-khì kap lâng pí-sài, hó--bô?",,我們來組織一對棒球隊出去和別人比賽，好嗎？,"Let’s organize a baseball team and enter a tournament, O.K.?"
pí chi̍t ê lē | phí chit ê lē,pí tsi̍t ê lē | phí tsit ê lē,比一個例子,to give an example | to illustrate
"I nā bē bêng-pe̍k, lí koh-chài pí (phí) chi̍t ê lē hō͘-i thiaⁿ.",,他若不明白，你再比一個例子給他聽,If he doesn’t understand you give him another illustration.
pī-pān,pī-pān,準備,to prepare
"Góa ū pī-pān boeh chhiáⁿ--lí, m̄-thang tńg--khì.",,我準備要請你，不可回去,"I have prepared to invite you to eat, don’t return."
chún-pī,tsún-pī,準備,to prepare
Chún-pī iáu-bē hó.,,準備還不充分,Not yet ready.
pî | phî,pî | phî,脾臟,the spleen
pî-khì | phî-khì,pî-khì | phî-khì,脾氣,temper
pháiⁿ pî-khì | pháiⁿ phî-khì,pháinn pî-khì | pháinn phî-khì,壞脾氣,a hot temper
I chin-pháiⁿ pî (phî) -khì.,,他的脾氣很壞,He has a very hot temper.
pì-bi̍t,pì-bi̍t,秘密,secret
M̄-thang ài chai-iáⁿ pa̍t-lâng ê pì-bi̍t.,,不可好知別人的秘密,Don’t be eager to know other people’s secrets.
"Che sī pì-bi̍t ê tāi-chì, mài kā pa̍t-lâng kóng.",,這是秘密的事情，不要告訴別人,"This is a secret, Don’t tell others."
piⁿ,pinn,邊,the side of
chhù piⁿ,tshù pinn,鄰人 | 鄰邊,neighbors | neighborhood
pîⁿ-pîⁿ,pînn-pînn,平平 | 一樣,equally
In nn̄g-ê gín-á pîⁿ-pîⁿ bô pē-bô-bú.,,他們兩個孩子一樣都沒有父母,Those two youngsters (both) do not have a father and to not have a mother.
Góa kap i pîⁿ-pîⁿ chē-hòe.,,我和他年紀一樣多,I am the same age as he. We may also say;
pīⁿ | pēⁿ,pīnn | pēnn,病,sickness
I-seng kóng lí ê lāu-pē ê pīⁿ (pēⁿ) koh saⁿ sì ji̍t chiu ē hó.,,醫生說你父親的病，再三四天就會好,The doctor said your father’s sickness will be cured in three or four days.
phòa pīⁿ,phuà pīnn,生病,to be sick
pīⁿ-īⁿ,pīnn-īnn,醫院,hospital
pīⁿ,pīnn,平 | 平坦,level | smooth
Chit tiâu lō͘ chin pîⁿ.,,這條路很平,This road is very level.
Chit tiâu lō͘ ài taⁿ thô͘ lâi thūn hō͘ pîⁿ.,,這條路要擔土把它填平,Same ground must be carried to fill in this road (path) and level it off.
píⁿ,pínn,扁,falt
"Sī îⁿ--ê , m̄-sī píⁿ--ê.",,是圓的不是扁的,"It’s round, it’s not flat."
pìⁿ | piàn,pìnn | piàn,變,to change (into)
Cha-hng ê tōa-chhù kin-á-ji̍t pìⁿ-chò hóe-hu.,,昨天的大屋今天變成灰燼,"Yesterday it was a big building, today it has changed into ashes."
piáⁿ,piánn,餅,a cake
mī-piáⁿ,mī-piánn,麵餅,altar breads
piàⁿ,piànn,倒掉,to empty
piàⁿ sàu,piànn sàu,清掃,to sweep and clean up | to make tidy (as a room)
piàⁿ-sì,piànn-sì,勤勞 | 認真 | 努力,to do things very energetically (lit. to risk one's life)
Lí tio̍h khah piàⁿ-sì tha̍k-chheh.,,你要更加努力念書,You must study more energetically.
phah piàⁿ,phah piànn,,to struggle for | to exert oneself.
I thoân-kàu chin phah-piàⁿ.,,他很認真傳教,He throws all his energies into his mission work.
piah,piah,壁,a (plastered) wall
tī piah--ni̍h,tī piah--ni̍h,在壁上,in the wall
beh-piah,beh-piah,隔壁,next door | adjacent to
Tī lán ê keh-piah ū thì-thâu-tiàm.,,在我們的隔壁有理髮店,Next door to us is a barber shop.
tī āu-piah,tī āu-piah,在後面,in the rear
piān-só͘,piān-sóo,廁所,a toliet
piān-chhài,piān-tshài,便菜,potluck
"Ē-tàu, chhiáⁿ lí tòa chia kap goán ēng piān-chhài.",,中午，請你在這裡和我們用便菜,"Today at noon, please eat the ordinary food with us here. (We shall prepare nothing special.)"
piàn | pìⁿ,piàn | pìnn,變 | 變成,to change into | to change oneself into
"Chit ê gín-á, kīn-lâi piàn chin koai.",,這個孩子近來變得很乖,This youngster has recently changed to a well behaved lad.
piān | piān-piān,piān | piān-piān,有準備的,ready | at hand | all ready
Góa chún-pī piān-piān teh thèng-hāu--lí.,,我已準備好了在等候你,"I have everything prepared, waiting for you."
pián | phiàn,pián | phiàn,騙,to cheat | to deceive
"Góa chai-iáⁿ, lí m̄-thang pián--góa.",,我知道，你不用騙我,"I already know that, don’t deceive me."
piān-tong,piān-tong,便當,a small lunch box (as the ones sold on trains)
"Lí nā boeh khì soaⁿ-lāi, bô-tàng bé chia̍h, lí tio̍h-ài chah piān-tong--khì.",,當你要到山上時，無處可買食物，你要帶便當去,"If you are going to the mountains, there is no place to buy food, you must take a lunch box with you."
piáu hiaⁿ-tī,piáu hiann-tī,表兄弟,cousins
piáu chí-mōe,piáu tsí-muē,表姊妹,cousins
piáu-sī | piáu-bêng,piáu-sī | piáu-bîng,表示 | 表明,to give expression to | to indicate
"Góa the̍h chi̍t-sut-á mi̍h, boeh lâi (kā lí) piáu-sī góa ê kèng-ì.",,我帶來一點東西，要向你表示我的敬意,I have brought a little something to express (to show) my respect.
piáu-iūⁿ,piáu-iūnn,表樣 | 模範,an example
li̍p hó piáu-iūⁿ,li̍p hó piáu-iūnn,立好表樣,to give a good example
li̍p pháiⁿ piáu-iūⁿ,li̍p pháinn piáu-iūnn,立壞表樣,to give bad example
pih,pih,鱉,a snapping turtle | a terrapin | a very small sort of turtle
tūn-pih,tūn-pih,燉鱉,boiled terrapin
âng-sio-pih,âng-sio-pih,紅燒鱉,fried terrapin
pih,pih,捲,to turn up (sleeves)
"Lí ê chhiú-ńg (o̤ khò-kha) siuⁿ tn̂g, góa kā lí pih--khí-lâi.",,你的袖子太長，我給你捲起來,"Your sleeves (or pants legs) are too long, I’ll turn them up for you."
pīn-tōaⁿ,pīn-tuānn,懶惰,lazy
pîn-kì | chèng-kì,pîn-kì | tsìng-kì,憑據 | 證據,a proof
Lí kóng ê tāi-chì ū sím-mih pîn-kì (chèng-kì)--bô?,,你所講的事情，有什麼憑據嗎？,Have you any proof for what you said?
chú-pin,tsú-pin,主賓,the guest of honor | the honored guest
pôe-pin,puê-pin,陪賓,an associate guest
gōa-pin,guā-pin,外賓,a foreigner (lit. foreign guest)
pió,pió,表 | 錶,a watch | a meter
chhiú-pió,tshiú-pió,手錶,a wrist watch
sî-pió,sî-pió,錶,a watch (Lit. time meter)
sî-kan-pió,sî-kan-pió,時間表,a schedule
tiān-pió,tiān-pió,電錶,electric meter
chúi-pió,tsuí-pió,水錶,a meter for running water
pi̍t-gia̍p,pi̍t-gia̍p,畢業,"to graduate. Some people read ""[pit]"" in the 4th tone."
Lí tha̍k sím-mih ha̍k-hāu pi̍t-gia̍p?,,你從什麼學校畢業的？,At what school did you study and graduate from?
I sī tāi-ha̍k pi̍t-gia̍p--ê.,,他是大學畢業的,He is a university graduate.
pi̍t-gia̍p sek | pi̍t-gia̍p tian-lé,pi̍t-gia̍p sek | pi̍t-gia̍p tian-lé,畢業典禮,graduation exercise
pi̍t-gia̍p khó,pi̍t-gia̍p khó,畢業考,graduation exam
pit,pit,筆,pen or Chinese pen (brush)
iân-pit,iân-pit,鉛筆,pencils
mô͘-pit,môo-pit,毛筆,a Chinese brush
bān-liân-pit | kǹg-pit,bān-liân-pit | kǹg-pit,萬年筆 | 鋼筆,a fountain pen
pn̄g,pn̄g,飯,boiled rice
chú pn̄g | chí pn̄g,tsú pn̄g | tsí pn̄g,煮飯,to cook rice
chú pn̄g ê,tsú pn̄g ê,煮飯的,a cook
pn̄g óaⁿ,pn̄g uánn,飯碗,a rice bowl
Lí chit tǹg phó͘-thong chia̍h kúi óaⁿ (pn̄g)?,,你一餐平時吃幾碗飯？,How many bowls of rice do you gen erally eat at a meal?
Ēng tī chia̍h pn̄g.,,用筷子吃飯,To eat rice with chopsticks.
nn̄g tè pn̄g-óaⁿ,nn̄g tè pn̄g-uánn,兩個碗,two rice bowls
nn̄g óaⁿ pn̄g,nn̄g uánn pn̄g,兩碗飯,two bowls of rice
pn̄g tháng,pn̄g tháng,飯桶 | 笨桶,"a uesless mouth | a good for nothing | a very lazy fellow (lit, rice-bucket)"
pò-chóa,pò-tsuá,報紙,newspaper
pó-chèng,pó-tsìng,保證,to guarantee | secure
Lí ē-tàng pó-chèng kui-nî bē hāi--khì?,,你能保證幾年不會壞？,For how many years can you guarantee that it will not go out of order?
pó-siú-só͘,pó-siú-sóo,保守所,a Catechumenate
po-hò,po-hò,薄荷,mint
po-hò thn̂g,po-hò thn̂g,薄荷糖,mint candy
po-hò iû,po-hò iû,薄荷油,mint oil
pò-kò,pò-kò,報告,report
Chit kó goe̍h ê thoân-kàu ê keng-kòe chhiáⁿ lín pò-kò.,,這個月傳教的經過，請你們報告一下,Please make a report on the activities (experiences) of this month of catechetical work.
pó-hō͘,pó-hōo,保護,to protect | protection
pó-iū,pó-iū,保佑,to protect (by God)
thian-chú pó-iū,thian-tsú pó-iū,天主保佑,God bless you
po,po,褒獎 | 諂媚,to flatter | to soothe
Gâu po--lâng ê lâng m̄-sī hó lâng.,,喜歡諂媚的人不是好人,A person who is constantly flattenedring others is not a good person.
"Gín-á nā m̄ thiaⁿ chhùi, ū-sî-á tio̍h kā i po, ū-sî-á tio̍h kā i mē.",,小孩子若不聽話，有時候要褒奬他，有時要罵他,"A child that does not obey, must at times be flattered and at times be scolded."
pò͘,pòo,布,cloth
toh-pò͘,toh-pòo,抹布 | 擦布,a dust cloth
pó͘,póo,補,mend | repair
"Lí kā góa chò chit ê khang- khòe nā liáu-chîⁿ, góa chiah pó--lí.",,你給我做這個事情假如虧本，我才補償你,"You do this job for me and if you lose any money, I will reimburse you."
pó͘-saⁿ,póo-sann,補衣服,to patch clothes
pó͘-ê,póo-ê,補鞋子,to mend shoes
poò,poò,種 | 播,to plant | to publish abroad
pò͘ tiū-á,pòo tiū-á,插秧,to plant rice
pò͘ chhân,pòo tshân,插秧,to plant the fields
po͘,poo,埔 | 草地,a level piece of ground
Gû tio̍h-ài khan khì chháu-po͘ chhī.,,要把牛牽到草地上去餵,You must lead the cow out to the meadle to graze.
po͘-lí,poo-lí,埔里,name of place
pó͘-sio̍k,póo-sio̍k,補贖,satisfaction | to do penance
pō͘,pōo,步,step (of foot)
chi̍t pō͘ chi̍t pō͘,tsi̍t pōo tsi̍t pōo,一步一步,step by step
pō͘-tiau,pōo-tiau,步調 | 步伐,pace | steps in walking
"Lín kiâⁿ-lō͘ ê sî, pō͘-tiāu (o̤ kha-pō͘) tio̍h-ài ē hô, chiah ē hó-khòaⁿ.",,你們走路時步調整齊才好看,"When you are walking you must to keep in step, otherwise it won’t look nice."
Chhiáⁿ lín ta̍k-ke pō͘-tiāu it-tì lâi chò chit hāng tāi-chì.,,請你們大家步伐一致來做這個事情,Please act on this matter in unison and harmony.
kha-pō͘-siaⁿ,kha-pōo-siann,腳步聲,(the sound of) a footstep
"Góa ū thiaⁿ-kìⁿ kha-pō͘ siaⁿ, khì khòaⁿ siáⁿ lâng lâi.",,我聽見腳步聲，你去看看是誰來,"I hear someone’s foot steps, go and see who is coming."
pō͘,pōo,咀嚼,to chew
"Góa chin ài chia̍h thô͘-tāu, m̄-kú bô chhùi-khí thang pō͘.",,我很喜歡吃花生，但是沒牙齒可咀嚼,"I like to eat peanuts very much, but I have no teeth to chew them."
pòaⁿ,puànn,半,a half
kho͘ pòaⁿ,khoo puànn,一元半,$1.50
tiám pòaⁿ,tiám puànn,一點半,1:30 o'clock
pòaⁿ chiah,puànn tsiah,半隻,"one half of a thing of which the classifier is ""[chiah]"""
pòaⁿ ki,puànn ki,半枝,"one half of a thing of which the classifier is ""[ki]"""
I ê thâu-khak-téng lóng bô pòaⁿ ki thâu-mô͘.,,他的頭上頭髮一根都沒有,He hasn’t even a half a hair on his head.
bô pòaⁿ ê lâng,bô puànn ê lâng,半個人都沒有,on one at all
bô pòaⁿ kak,bô puànn kak,半毛錢都沒有,no money at all
bô pòaⁿ hāng,bô puànn hāng,半件都沒有,nothing at all
pòaⁿ chhiⁿ-sek,puànn tshinn-sik,半熟,half done (Lit. half raw)
pòaⁿ mê | pòaⁿ mî,puànn mê | puànn mî,半夜,midnight
pôaⁿ,puânn,盤,a plate
chi̍t pôaⁿ chhài,tsi̍t puânn tshài,一盤菜,one kind of food | a dish of food
poaⁿ,puann,搬,to move
poaⁿ chhù,puann tshù,搬家,to move to another house
"Góa boeh poaⁿ-chhù, chhiáⁿ lí kā góa tàu-kha-chhiú.",,我要搬家，請你幫忙我,"I want to move, please lend me a hand."
pōaⁿ,puānn,掃落,to shake off (dust or show) | to dust
"Toh-téng chin lah-sap, tio̍h ài pōaⁿ-pōaⁿ--leh.",,桌子上很骯髒，要拂乾淨,"The top of the table is very dirty, you must dust it."
poa̍h,pua̍h,跌,to fall (persons)
Chang-àm góa tùi bîn-chhn̂g-téng poa̍h lo̍h-khì thô͘-kha.,,昨夜我從床上跌下去地板上,Last night I fell out of bed on the floor.
poa̍h-tò,pua̍h-tò,跌倒,to tumble
"Góa poa̍h-tó, poa̍h chi̍t khang, chin thiàⁿ.",,我跌倒了，跌傷了，很痛,"I fell and hurt myself, it really aches."
poa̍h--kiáu,pua̍h--kiáu,賭博,to gamble
I poa̍h-kiáu poa̍h kah bô-mê-bô-ji̍t.,,他日以繼夜地賭博,He gambles day and night. (lit. up to the point that there is nothing left of the day or night.)
poa̍h-lo̍h-bé,pua̍h-lo̍h-bé,出軌,to get derailed | to run off the rail or tracks
hóe-chhia poa̍h-lo̍h-bé,hué-tshia pua̍h-lo̍h-bé,火車出軌,the train was derailed
mn̂g poa̍h-lo̍h-bé,mn̂g pua̍h-lo̍h-bé,門出軌,A sliding door went off its tracks
thang-á-mn̂g poa̍h-lo̍h-bá,thang-á-mn̂g pua̍h-lo̍h-bá,窗戶出軌,A sliding window went off its tracks
poe | au,pue | au,杯,a cup
tê-poe | tê-au,tê-pue | tê-au,茶杯,one tea cup
chi̍t poe tê,tsi̍t pue tê,一杯茶,a cup of tea
ka-pi poe | ka-pi au,ka-pi pue | ka-pi au,咖啡杯,coffee cup
pô-lê poe | pô-lê-au,pô-lê pue | pô-lê-au,玻璃杯,a drinking glass
poe,pue,飛,to fly
"Nn̄g-tâi phùn-siā-ki poe chin koân, lí ū khòaⁿ--kìⁿ-bô?",,兩台噴射機飛得很高，你看見嗎？,"There are two jet planes flying very high, do you see them?"
pôe,puê,賠,indemnify | compensate
"Góa kā lí kòng-phòa, ēng chîⁿ pôe--lí á-sī tio̍h ài bé lâi pôe--lí?",,我給你打破了，用錢賠你或是要買東西來賠你？,"I broke it, should I compensate with money or should I buy a new one to replace it?"
pôe,puê,陪,to keep company | to associate
kau-pôe,kau-puê,交陪,to associate with
Pháiⁿ-lâng ài kap pháiⁿ-lâng kau-pôe.,,壞人喜歡和壞人交陪,The wicked like the company of the wicked.
pôe | phōaⁿ,puê | phuānn,陪伴,to be a companion to a companion
Góa bē-tàng pôe (phôe) lí khì.,,我不能夠陪你去,I cannot go as your companion.
pôe-pin,puê-pin,陪賓,an associate guest
"Eng-àm boeh chhiáⁿ chhī-tiúⁿ, chhiáⁿ lí lâi chò bôe- pīn.",,晚上要招待市長，請你作陪賓,"This evening I am inviting the Mayor, please come and be one of the party."
pōe,puē,倍,time
nn̄g pōe,nn̄g puē,兩倍,twice (as large as)
"Lí ná boeh bé hit khoán--ê, tio̍h-ài nn̄g pōe chîⁿ.",,你說要買那種的，要兩倍錢,"If you want to buy that tape, it will cost twice as much money."
saⁿ-pōe,sann-puē,三倍,three times (as many as)
poe-lêng-á-chhài,pue-lîng-á-tshài,菠菜,spinach
pōe,puē,背 | 違背,transgress | betray
"Sîn-hū ê hó-ì, lí m̄-thang pōe--i.",,神父的好意，你不要違背他,Don’t batray the priest’s kindness.
pōe-kàu,puē-kàu,被教,to apostatize
po̍h,po̍h,薄,thin
po̍h-lé,po̍h-lé,薄禮,a slight token of one's gratitude
po̍h-siā,po̍h-siā,薄謝,a slight token of one's gratitude
"Lí kā góa chò chin chē tāi-chì, chit-sut-á po̍h-siā chhiáⁿ lí siu--khí-lâi.",,你替我做很多事情，這些薄謝請你收起來,"You have done very many favors for me, please accept this slight token of my appreciation."
pōng,pōng,碰,to collide
"Lí ba̍k-chiu hiah tōa-lúi, án-chóaⁿ cháu kah pōng tio̍h chhiū-á?",,你的眼睛那麼大，為何跑去和樹相碰？,"Your eyes are so big, how come you bumped into a tree?"
pōng,pōng,衡量 | 磅,to weigh or 1 pound
Lí kā góa pōng khòaⁿ ū lōa tāng.,,你給我秤一秤看有多重？,See how much I weigh.
pōng-á,pōng-á,台秤,a scale
pòng | hán,pòng | hán,造謠,to start a rumor
M̄-thang lām-sú pòng.,,不要亂造謠,Don’t start any wild rumors.
pōng-khang,pōng-khang,山洞,a tunnel (Lit. an exploded hole)
Tâi-tiong kàu Biâu-ke̍k ê tiong-kan ū chin chē pōng-khang.,,台中和苗栗間有很多山洞,There are many tunnels between Taichung and Miaoli.
pū,pū,抱蛋 | 孵,to hatch (eggs) | to sit on eggs
"Chit chiah ke-bú chit-má teh pū hóe-ke-nn̄g, koh saⁿ sì ji̍t chiū ē chhut.",,這隻母雞在抱火雞蛋，再過三四天就會孵出,"This hen is now hatching turkey eggs, in three or four days from now they will come out."
pûi,puî,肥,fat | stout
pûi,puî,肥 | 肥料,fat | fertilizer
lo̍h pûi,lo̍h puî,下肥,to fertilize
Pò͘-chhân pò͘ liáu āu tio̍h ài lo̍h-pûi lo̍h kúi ā pái.,,插秧以後要下肥料下好幾次,After the fields have been planted they must be fertilized several times.
pûi-liāu,puî-liāu,肥料,fertilizer
"Tâi-oân pûi-liāu bô kàu, tio̍h-ài tùi Ji̍t-pún bé--ji̍p-lâi.",,台灣肥料不夠，必須從日本買進來,"Taiwanese fertilizer is not sufficient, some must be bought from Japan."
pūi,puī,吠,to bark
Ē pūi ê káu bē kā--lâng.,,會吠的狗不咬人,"Barking dogs, never bite."
pùi-á,puì-á,汗疣,prickly heat
Góa joa̍h-thiⁿ-sî chin gâu siⁿ pùi-á.,,我夏天很會生汗疣痱子,I always get prickly heat in the summer.
pún,pún,本,cl. for books | a volume
pún,pún,本,this (Lit. the original)
pún-lâi,pún-lâi,本來,originally
pún séng,pún síng,本省,this province
pún-séng-lâng,pún-síng-lâng,本省人,a Taiwanese | native
pún chhī,pún tshī,本市,this city
pún hāu,pún hāu,本校,this school
pun sèng-tn̂g,pun sìng-tn̂g,本聖堂,this Church
pún-chîⁿ,pún-tsînn,本錢,the cost price | capital
Góa chit khám tiàm ê pún-chîⁿ ū peh cha̍p bān kho͘.,,我這個店的本錢有八十萬元,"My capital for this shop is $800,000."
si̍h-pún,si̍h-pún,虧本,to lose in business | to get less than the actual cost of an article
Chit khám tiàm kin-nî chò liáu si̍h-pún.,,這間店鋪生意今年虧了本,This year this store has taken in less money then was spent.
pûn,pûn,吹,to blow with mouth
pûn-ke-kui,pûn-ke-kui,吹牛,to boast | to brag
pûn-hoa | pûn-sit,pûn-hua | pûn-sit,吹熄,to blow out a light
"Mî-sat nā chò liáu, chè-tâi ê la̍h-chek hóe ài bûn-hòa. (pûn--sit)",,彌撒做完了以後，祭台的蠟燭就要吹熄,"After Mass has been celebrated, the candles on the altar should be blown out."
pun,pun,分,to distribute
pun gû-leng-hún,pun gû-ling-hún,分牛奶粉,to distribute powdered milk
pun saⁿ,pun sann,,to distribute old clothes
pùn-sò,pùn-sò,垃圾,garbage
pùn-sò-láng,pùn-sò-láng,垃圾箱,a garbage box
pùn-táu,pùn-táu,畚箕,a dust pan
put,put,不,"not. (This is the character reading for the colloquial ""[m7]"")"
put-hàu,put-hàu,不孝,disrespectful
put-pêng,put-pîng,不平 | 不滿,dissatisfied | not content | indignant at an injustice
Lí nā ū sím-mih put-pêng chò lí kóng!,,你若有什麼不平，請你講,"If you have any complaini, go ahead and talk."
kóng put-pêng,kóng put-pîng,講不平,to grumble
put-chí,put-tsí,非常 | 很,very | extremely
put-chí hó,put-tsí hó,很好,vey good.
Chit-ê hoat-tō͘ put-chí-hó!,,這個方法很好,This is a very good plan.
put-hēng,put-hīng,不幸,misfortune | unfortunately
"Tùi-bīn tāi-khài ū sím-mih put-hēng, góa ū thiaⁿ-kìⁿ chin chē lâng teh khàu.",,對面的人家大概有不幸的事情發生，我聽到很多人在哭,"Something unfortunate must have happened across the way, I have heard a lot of wailing."
"Góa khì A-lí-san ê sī, chin put-hēng, tú-tio̍h lo̍h-hō͘-thiⁿ, só͘-í bô khòaⁿ-tio̍h hûn-hái",,我到阿里山時，真不幸遇到下雨天，所以沒看到雲海,"When I went to Alishan, I very unfortunately ran into rain, so I did not see the sea of clouds."
put-boán,put-buán,不滿,discontent | dissatisfied
Góa khoán-thāi lí án-ni lí iáu (ū) put-boán sī--bô?,,我這樣對待你，你難道還不滿意嗎？,"I treat you this way and that you are still not satisfied, isn‘t it so?"
put-bêng,put-bîng,不明,obscurity | indistinct
"Tō-lí nā ū put-bêng ê só͘-chāi, chhiáⁿ-lí chhìn-chhái-sî lâi mn̄g--góa.",,對道理有不明白的地方，請你隨時來問我,"If there is anything obscure in the doctrine, come at any time and ask me about it."
put-chèng,put-tsìng,不正,injustice | unjust
Put-chèng ê chîⁿ (koh) khah chē góa iā bô ài.,,不義之財再多我也不要,"If it is unjust money, no matter how much it is, I don’t want it."
put-an,put-an,不安,uneasy | uneasiness
"Chit-ê gín-á ê pīⁿ m̄-chai ē hó--bē, góa (kám-kak) chin put-an.",,這個孩子的病不曉得會不會醫好，我很擔心,I wonder if this child will recover; I feel very uneasy about him.
put-piān,put-piān,不便,inconvenient
"Chit kúi-ji̍t lâu-téng ê chúi-tō lóng bô chúi, si̍t-chāi chin put-piān (bô lī-piān).",,這幾天樓上的水龍頭都沒有水，實在很不方便,"During these past few days, their has been no running water upstairs, it has been very inconvenient."
put ha̍p-lí,put ha̍p-lí,不合理,unreasonable
"Kah sī put ha̍p-lí ê tāi-chì, bô-lūn sím-mi̍h lâng kiò--góa, góa iā m̄ chò.",,既是不合理的事，任何人叫我，我也不做,"Since it is in an reasonable thing, it makes no difference who tells me to do it, I won’t do it."
put-khó-lêng,put-khó-lîng,不可能,impossible
"Lí kóng boeh siû khì Bí-kok, che sī choa̍t-tùi put-khó-lêng ê tāi-chì.",,你說你要游到美國，這是絕對不可能的事,"You say you want to swim to America, it is absolutely impossible."
put-sî,put-sî,常常 | 時常,at any time | very often
"Lí m̄-thang put-sî chia̍h tang chia̍h sai, chia̍h bô hioh-khùn.",,你不可常常亂吃東西，吃不停止,"Don’t always be eating this and that, and never stop eating."
put-kò,put-kò,不過,only | but
put-tek-í,put-tik-í,不得已,unavoidable | can't do anything but...
"In-ūi bô chîⁿ koh pak-tó͘ iau, put-tek-í thau-the̍h chi̍t tè mī-pau lâi chia̍h.",,因為沒有錢又肚子餓，不得已偷了一塊麵包來吃,"Since I have no money and I am hungry, I just must to steal a slice of bread."
pu̍t-lá,pu̍t-lá,佛像,a Buddhist image
saⁿ,sann,衣服,clothes | shirt | garment
saⁿ-khò͘,sann-khòo,衫褲,clothes
saⁿ-á-tû,sann-á-tû,衣櫥,clothes closet
saⁿ-á-tē,sann-á-tē,衣袋,pocket
Lí ê saⁿ-á-tē tē sím-míh?,,你的衣袋裡放什麼東西？,What have you got in your pocket?
saⁿ-kap,sann-kap,一起 | 一同,together
Lí chhut chîⁿ lán lâi saⁿ-kap chò seng-lí hó--bô?,,你出錢我們一起來做生意好嗎？,You put out the money and let’s do business together O.K.?
saⁿ-kak,sann-kak,三角學,trigonometry
saⁿ-lián-chhia,sann-lián-tshia,三輪車,a pedicab
saⁿ-kak,sann-kak,三角,three cornered
Chit tè saⁿ-kak ê (thó͘) tē kiò góa boeh àn-chóaⁿ khí-chhù?,,這塊三角形的土地叫我怎樣蓋房子？,How do you want me to build on this three cornered piece of land?
saⁿ-ūi it-thé | sam-ūi it-thé,sann-uī it-thé | sam-uī it-thé,三位一體,the Trinity
"Thian-chú-hū, Thian-chú-chú, Thian-ch-sèng-sîn kiò chò saⁿ-ūi it-thé.",,天主父，天主子，天主聖神叫做三位一體,"God the Father, God the Son and God the Holy Ghost are called the Trinity."
sa̍h,sa̍h,煮沸,to boil something
sa̍h ke-nn̄g,sa̍h ke-nn̄g,煮沸雞蛋,to boil an egg
sa̍h saⁿ,sa̍h sann,煮衣服,to boil clothes
sái,sái,駕駛,to drive a vehicle
sái chhia--ê,sái tshia--ê,駕駛員,a chauffeur
sái chûn,sái tsûn,駛船,to sail a boat
sai-hū,sai-hū,匠人,master workman
ba̍k-chhiūⁿ sai-hū,ba̍k-tshiūnn sai-hū,木匠,a carpenter
thô͘-chúi sai-hū,thôo-tsuí sai-hū,泥水匠,a mason
chhâi-hông sai-hū,tshâi-hông sai-hū,裁縫師,a tailor
thì-thâu sai-hū,thì-thâu sai-hū,理髮師,a barber
khan tiān hóe sai-hū,khan tiān hué sai-hū,電氣匠,an electrician
siu-lí ke-khì sai-hū,siu-lí ke-khì sai-hū,機器匠,a mechanic
sai,sai,西,West
sai pak hō͘,sai pak hōo,西北雨 | 驟雨,a shower
khòaⁿ tang khòaⁿ sai,khuànn tang khuànn sai,看東看西,to look all around
sái,sái,屎 | 糞,feces | dung
pàng sái,pàng sái,大便,to stool
hun sái,hun sái,煙灰,cigarette ashes
hun-sái khok-á,hun-sái khok-á,煙灰盤,an ash tray
ba̍k-sái,ba̍k-sái,眼淚,tears
lâu ba̍k-sái,lâu ba̍k-sái,流眼淚,to weep
hīⁿ-sái,hīnn-sái,耳中的分泌物,ear wax
phīⁿ sái,phīnn sái,鼻中的分泌物,mucus in the nose
chńg-kah-sái,tsńg-kah-sái,指甲內的污物,dirt under the finger nails
sái-tháng-á,sái-tháng-á,糞桶,buket for dung
sai,sai,獅,a lion
sai,sai,掌擊,to slap
Boeh kā lí sai chhùi-phóe.,,賞你一記耳光,I’ll slap your cheeks.
sak,sak,推,to push things
"Chit tiuⁿ chhia, góa thoa, lí sak.",,這輛車子，我拉你推,"I’ll pull this cart, you push."
sàm-pō͘,sàm-pōo,散步,to take a stroll
sám,sám,撒,"to sprinkle (salt, sand, powder)"
sám iâm,sám iâm,撒鹽,to sprinkle salt (on fried egg)
sám hô͘-chio,sám hôo-tsio,撒胡椒,to sprinkle pepper
sam,sam,杉,pine
sam-chhâ,sam-tshâ,杉木,pine wood
sàn,sàn,貧窮,poor
sàn-chhiah-lâng,sàn-tshiah-lâng,窮人,poor person
sán,sán,瘦,skinny
sán-bah | chiaⁿ-bah,sán-bah | tsiann-bah,瘦肉,lean meat
sàng,sàng,送,to present | give | escort | send off
sàng lé bu̍t,sàng lé bu̍t,送禮物,to present a gife
sàng lâng-kheh,sàng lâng-kheh,送客人,to see a guest off
sàng i khì,sàng i khì,送他去,see him off
sat-bú | sat-bó,sat-bú | sat-bó,蝨子,a louse
ba̍t-sat,ba̍t-sat,臭蟲,a bedbug
sat-jîn,sat-jîn,殺人,to kill others (people)
sat-seng,sat-sing,殺生,killing animals
sàu,sàu,咳嗽,to cough | a cough
"Góa teh-sàu, lí ū chia̍h sàu ê io̍h-á--bô?",,我在咳嗽，你有服嗽的藥嗎？,"I have a cough, have you any cough medicine?"
sàu,sàu,掃,to sweep
sàu thô͘-kha,sàu thôo-kha,掃地,to sweep the floor
sàu-chiú,sàu-tsiú,掃帚,a broom
sé,sé,洗,to wash
sè,sè,小,small
Chi̍t-pún sè pún chheh.,,一本小書,A small book.
Chit lia̍p si-koe chin tōa-lia̍p.,,這個西瓜很大,This is a very big watermelon.
sè-jī,sè-jī,小心,careful | to stand on ceremony
"Boeh kòe si̍p-jī-lō͘, tio̍h-ài khah sè-jī--lè!",,要過十字路，必須更加小心,"When one is about to cross an intersection, he should be careful."
m̄ bián sè-jī,m̄ bián sè-jī,不要客氣,Make yourself at home.
m̄ thang sè-jī,m̄ thang sè-jī,不要客氣,Don't be so formal
sè-kan,sè-kan,世間 | 世上,the world | this life
Sè-kan sī chi̍t-ê khó͘-hái.,,世間是一個苦海,This life is a sea of misery.
sè-kài,sè-kài,世界,the world
Sîn-hū ài sè-kài ê lâng lóng sìn Thian-chú.,,神父希望世界上的人都信天主,Pariests want all the people of the world to believe in God.
sè-î,sè-î,姨太太,a concubine (Lit. little aunt)
"Ū chhōa sè-î, ka-têng it-tēng bē hô-pêng.",,有了姨太太家庭一定不會和睦,"If one takes a concubine, his family will certainly not be at peace."
sè-kí,sè-kí,世紀,a century
"Chit-má sī jī cha̍p sè-kí, lí iáu teh pài chio̍h-thâu kap chhiū-á!",,現在已經二十世紀了，你還拜石拜樹,This is now the twentieth certainly and you worshiping stones and trees.
sè-sū,sè-sū,世事,worldly affairs
"Hit ê lâng lóng bô ài chhap sè-sū, khòaⁿ i tek-khak bô chhut-lâi chò chhī-tiúⁿ.",,那個人不問世事，我想他一定不會出來當市長,"That fellow does not like to meddle with the affairs of the word at all, I think he will certainly not come out and be the mayor."
bat sè-sū,bat sè-sū,明世事,to have seen much of the world
m̄ bat sè-sū,m̄ bat sè-sū,不明世事,to know very little of the world
"Hit ê lâng hán-ti̍t chhut-mn̂g, só͘-í lóng m̄-bat sè-sū.",,那個人很少出門，所以不明世事,"That fellow very seldom goes out, so he knows nothing of the affairs of the word."
sè,sè,權力 | 勢力,authority | power | influence | prestige
ū sè-le̍k,ū sè-li̍k,有權的 | 有勢力,to have influence and ability
"I sī chi̍t-ê chin ū sè-le̍k ê lâng, tān-sī i tùi lâng chin kheh-khì.",,他是一個很有勢力的人，但是他為人很客氣,"He has a lot of influence, but he is very courteous to people."
hó sè,hó sè,安適,suitable | convenient | expedient | proper | all right
án-ni chin hó-sè!,,這樣很安適,That's just the way it should be.
"Chái-khí-sî góa teh chia̍h-pn̄g ê sî, góa ê pâng-keng lí tio̍h kā-góa siu hō͘ hó-sè.",,早上我在吃飯的時候，我的房間你要給我收拾好,While I am eating in the morning you must to put my room in order (straighten up my room).
Lí hit ê chheh-tû chò-liáu chin hó-sè.,,那個書櫃做得很好（方便）,You made this bookcase very properly.
Lí hit keng pâng-keng chin hó-sè.,,你那個房間很舒適,Your room is in very good order. (everything is where it belongs.)
pháiⁿ-sè,pháinn-sè,不好意思 | 不舒適,unsuitable | inconvenient | inexpedient | improper | awkward | embarrassing
"Sîn-hū kiò-góa ē-po͘ nn̄g tiám lâi, góa chiah òaⁿ lâi, chin pháiⁿ-sè.",,神父叫我下午兩點來，我這麼晚才來，真不好意思,"Father, you told me to come this afternoon at two o’clock, I came so late, I am very much embarrassed."
"Chit keng pâng-keng siuⁿ sè keng, chiah chē lâng nā boeh tōa chiā o̍h tō-lí chin pháiⁿ-sè.",,這個房間太小了，這麼多人假如要在這裡學道理很不方便,"This room is too small, if so many people are going to study the doctrine in here, it will be very inconvenient."
seh,seh,雪,snow
lo̍h-seh,lo̍h-seh,下雪,to snow
se̍h,se̍h,循環 | 轉 | 繞,to go round | to turn round
"Lí iáu m̄-bat lâi, góa chhōa lí lâi-khì ke-á se̍h-se̍h--leh, hó--bô?",,你沒有來過，我帶你去街上繞一圈，好不好？,"You have never been here, I’ll take you around the town, O.K?"
Tē-kiû tùi sai-pêng se̍h kòe tang-pêng.,,地球從西向東轉,The earth revolvers from west to east.
sek,sik,成熟 | 水果,ripe
"Kóe-chí iáu-bōe sek, chiū hō͘ gín-á bán liáu-liáu.",,果實尚未成熟就給小孩子們採光了,"The fruit was not yet ripe, and it was all picked off by the children."
se̍k,si̍k,熟,done (of things cooked) | or acquainted with
Pn̄g chí se̍k--bōe? Pak-tó͘ iau kah boeh sí--khì.,,飯煮熟了嗎？肚子餓得要命,Is the food cooked yet? I am starving to death.
pòaⁿ thsiⁿ se̍k,puànn thsinn se̍k,半熟,half cooked
se̍k-sāi,si̍k-sāi,相識 | 認識,acquainted with
Lí ū kap Koān-tiúⁿ chin se̍k-sāi--bô?,,你有沒有和縣長很相識？,Are you well acquainted with the mandarin?
se̍k-sāi-lâng,si̍k-sāi-lâng,熟人,an acquaintance
sek | sek-tì,sik | sik-tì,色,colour
hòⁿ-sek,hònn-sik,好色,Given to lust | lascivious | lustful
sek,sik,式 | 典禮,ceremony | exercise
I ê kiat-hun-sek boeh chhiáⁿ lí chhut-se̍k.,,他的結婚式要請你出席,He wants you to attend the marriage ceremony (wedding).
sek,sik,室,a room
kàu-sek,kàu-sik,教室,a classroom
sek-tòng,sik-tòng,適當,proper
Chit ê lâng nā lâi chò thoân-kàu sian-siⁿ tek-khak sek-tòng.,,這個人若來做傳教先生一定很適當,"If this fellow becomes a catechist, it will certainly be very proper."
seng-khu,sing-khu,身體,the body
sêng-kong,sîng-kong,成功,success
ē sêng-kong,ē sîng-kong,會成功,it will be a success
bē sêng-kong,bē sîng-kong,不會成功,it will fail (not be successful)
sēng,sīng,放任,to let one alone | to leave one to his own doings
"Gín-á tio̍h kà-sī, m̄-thang sēng--i.",,小孩子要教訓，不要放任他,A child must be trained and not left to his own ways.
sēng gín-á,sīng gín-á,放任兒女,to allow a child have his own way
seng-lí,sing-lí,生意,business
seng-lí-lâng,sing-lí-lâng,生意人,a businessman
chò seng-lí,tsò sing-lí,做生意 | 經商,to do business
seng-lí bē bái,sing-lí bē bái,生意好 | 生意不錯,business is not bad at all
sèng,sìng,聖,Holy | sacred
sèng-tn̂g,sìng-tn̂g,聖堂,Church | chapel
sèng-thé,sìng-thé,聖體,The Blessed Sacrament
niá sèng-thé,niá sìng-thé,領聖體,to receive Holy Communion
sèng-thé kàng-hok,sìng-thé kàng-hok,聖體降福,Benediction
sèng-sim,sìng-sim,聖心,the Sacred Heart
sèng-thióng,sìng-thióng,聖寵,grace
sèng-bú | sèng-bó,sìng-bú | sìng-bó,聖母,Blessed Mother
sèng jio̍k-sek,sìng jio̍k-sik,聖若瑟,Saint Joseph
sèng-tàn-chiat,sìng-tàn-tsiat,聖誕節,Christmas
sèng-tàn lāu-lâng,sìng-tàn lāu-lâng,聖誕老人,Santa Claus
sèng-keng,sìng-king,聖經,Scriptures
seng-thian,sing-thian,昇天,ascend to heaven
seng-oa̍h,sing-oa̍h,生活,manner of living
seng-kî,sing-kî,星期,a week
sêng-chek,sîng-tsik,成績,results | marks
Chit-ê gín-á ha̍k-hāu ê sêng-chek bô sím-mi̍h hó.,,這個孩子的學校成績不大好,This youngster’s school marks are not very good.
sêng-chek-pió,sîng-tsik-pió,成績表,reported card
sêng | chhin-chhiūⁿ,sîng | tshin-tshiūnn,像,resemble | be alike
Góa ōe chit-chiah káu ū sêng--bô?,,我畫這隻狗像不像？這個小孩很像他的父親,I drew this dog; does it resemble a dog?
Chit ê gín-á chin sêng in lāu-pē.,,,This youngster resembles his father very much.
sêng,sîng,成,succeed in
ū sêng,ū sîng,成,succeeded in
Hit tâi o͘-thó͘-bái bé ū sêng--bô?,,那輛機器腳踏車買成不成？,Did you succeed in buying that motorbike?
bô sêng,bô sîng,不成,failed in
"In-ūi bô kàu chîⁿ, só͘-í bé bô sêng.",,因為錢不夠，所以買不成,"I wasn’t able to get it, because I did not have enough money."
seng-kip,sing-kip,昇級,promotion
seng-bu̍t,sing-bu̍t,生物,biology
sèng-tē,sìng-tē,性情,temper | disposition
hó sèng-tē,hó sìng-tē,性情好,patient | good natured
"Sîn-hū, lí si̍t-chāi chin hó sèng-tē, tùi hit-khoán ê lâng , lí iáu ē jím-nāi--tit.",,神父，你的性情實在很好，對於那種人，你還忍耐得住,"Father, you are certainly very patient. you can still put up with that kind of person."
pháiⁿ sèng-tē,pháinn sìng-tē,性情壞 | 壞脾氣,short (hot) tempered
sī,sī,是,to be | is | are
Ū Thian-chú.,,有天主,There is a God.
Kám m̄-sī án-ni?,,不是這樣嗎？,How can it be otherwise? Certainly it is this way!
Chhiáⁿ lí ûn-á-sī chò.,,請你慢慢做,Please take your time in doing.
sî,sî,時,time
Tùi hit ê sî-chūn khí.,,從那時起,From then on.
sî-chūn,sî-tsūn,時候,time
sî-kan,sî-kan,時間,time
chi̍t sî-á,tsi̍t sî-á,瞬時,for a very short time
sî-pió,sî-pió,錶,a watch
sî-cheng,sî-tsing,時鐘,a clock
"Hit ê sî-cheng hāi--khì, bē kiâⁿ.",,那個時鐘壞了，不走,"That clock is out of order, it doesn’t run."
sî-kan-pió,sî-kan-pió,時間表,"timetable | schedule (school, station)"
sí-khì,sí-khì,死去,to die
si,si,絲,.2934 [penn5]
sī-tōa,sī-tuā,長輩 | 長上,superiors
sī-sè,sī-sè,下屬 | 下輩,inferiors
Sī-tōa tio̍h-ài chò hó piáu-iūⁿ hō͘ sī-sè khòaⁿ.,,長輩者要做好榜樣給下屬看,Superiors should give good example to their inferiors.
sī-tōa lâng,sī-tuā lâng,長輩者 | 父母,parents
sî,sî,辭,resign one's office (post) | to fuse
Góa boeh sî (o̤ sî-chit).,,我要辭職,I shall resigne from my post.
Góa boeh kā i sî (o̤ thâi-thâu).,,我要把他革職,I shall discharge him.
sì-kak,sì-kak,四角,square | four-cornered
sî-kiâⁿ | liû-hêng,sî-kiânn | liû-hîng,流行 | 時髦,fashion | fashionable
Lí m̄-thang tiāⁿ-tiāⁿ siūⁿ boeh tòe sî-kiâⁿ.,,你不可常常想要跟時髦,You should not always want to follow the fashions.
sî-koe | si-koe,sî-kue | si-kue,西瓜,watermelon
si,si,詩,a poem | Chinese poem | verse
sìⁿ | sèⁿ,sìnn | sènn,姓,clan (family) name. May be uesd s a verb.
Lí sím-mi̍h kùi--sìⁿ?,,你貴姓？,What is your hohorable name?
Lí sìⁿ sím-mi̍h?,,你姓什麼？,What clan name are you called?.
siⁿ | seⁿ,sinn | senn,生,to give birth
siⁿ âng-eⁿ iⁿ-á,sinn âng-enn inn-á,生孩子,to give birth to a baby
siⁿ-ji̍t,sinn-ji̍t,生日,birthday
siⁿ-sian,sinn-sian,生鏽,become rusty
sian-siⁿ | sin-seⁿ,sian-sinn | sin-senn,先生,Mr. | thacher
sìⁿ-miā,sìnn-miā,生命,life
siⁿ-ko͘,sinn-koo,生黴,to get mouldy
sìⁿ | khoe-sìⁿ,sìnn | khue-sìnn,扇,a fan
tiān-sìⁿ,tiān-sìnn,電扇,an electric fan
sīⁿ,sīnn,以鹽汁或酸水防腐,to pickle
sīⁿ-iâm,sīnn-iâm,以鹽醃,to salt
Chhân-chng-lâng ta̍k-nî sīⁿ chin-chē chhài-thâu khí-lâi khǹg.,,鄉下人每年以鹽醃很多蘿蔔貯藏起來,Country folks pickle a lot of radishes every year and store them away.
siá,siá,寫,to write
siá hàn-jī,siá hàn-jī,寫漢文 | 寫中國字,to write characters
siá-phoe | siá phe,siá-phue | siá phe,寫信,to write letters
sià-bián,sià-bián,赦免,to forgive | forgiveness
Lí tio̍h-ài kóaⁿ-kín khì kiû sîn-hū sià-bián.,,你應該趕快去求神父赦免,You should go at once and beg the priest’s pardon.
siâ-îm,siâ-îm,邪淫,lust
sia,sia,賒,to buy or sell on credit
Góa kā lí sia chi̍t koàn gû-leng hó--bô?,,我向你賒買一罐牛奶好嗎？,"I’ll buy a bottle of milk from you on credit, O.K.?"
"Lí nā bô-chîⁿ, chi̍t koàn sia--lí.",,你若沒有錢，一罐賒賣你,"If you have no money, I’ll give you a can on credit."
siā,siā,凋謝,to fade | wither (as a flower)
Hoe koh khah súi iá ē siā.,,花再美也會凋謝,"No matter how beautiful flowers are, they will fade."
hōe-siā | kong-si,huē-siā | kong-si,公司,a company | a business
Góa tòa tī pháng-chit kong-si.,,我就職於紡織公司,I am working in a weaving company.
siā,siā,射,to shoot (an arrow)
siā-chìⁿ,siā-tsìnn,射矢,to shoot an arrow
I tùi in kiáⁿ thâu-khak téng hit lia̍p phông-kó siòng chin-chin (o̤ cheng-cheng) chiū ēng chìⁿ kā siā--khì.,,他對準他孩子頭上的一個蘋果一箭射過去,He (william Tell) aimed very accurately at the apple on the top of his son’s head and shot it off with an arrow.
siā-chōe,siā-tsuē,謝罪,to make an apology | to apologize
"Lí nā chai-iáⁿ (lí) chò m̄-tio̍h, lí tio̍h tùi i siā-chōe.",,你知道做錯，就得向他謝罪,"If you know you are wrong, you should apologize to him."
sià-chōe,sià-tsuē,赦罪,to forgive sin | to pardon guilt
siā-lé,siā-lé,謝禮,a reward (with money) | to give a present of money
Lí siūⁿ tùi i ài pau lōa-chē siā-lé?,,你想對他要包多少謝禮？,How much do you think I should wrap up and give to him as a present?
siâ-sîn,siâ-sîn,邪神,evil spirits | false gods
siâ-kàu,siâ-kàu,邪教,a false religion
siaⁿ | im,siann | im,聲 | 音,tone | sound | voice
Chit jī tē kúi siaⁿ (o̤ im)?,,這字第幾聲？,The third tone changes to the second.
tē it siaⁿ,tē it siann,第一聲,the first tone
tē peh siaⁿ,tē peh siann,第八聲,the eighth tone
choán siaⁿ | choán im,tsuán siann | tsuán im,轉音,to change the tone
Tē saⁿ siaⁿ choán tē jī siaⁿ.,,第三聲轉成第二聲,The third tone changes to the second.
Ū cháu siaⁿ--khì (o̤ cháu im--khì).,,講得走了音,The tone of a world has changed to a peculiar tone from common usage; it has not followed the general rule for tone changes.
siáⁿ-hòe,siánn-huè,什麼,What?
siáⁿ-lâng,siánn-lâng,誰,Who?
siaⁿ,siann,聲,sound | voice | tone
"Ū thiaⁿ-kìⁿ siaⁿ, bô khòaⁿ-kìⁿ iáⁿ.",,聽見了聲音，不見影子,"You hear it (him), but don’t see it."
tōa siaⁿ,tuā siann,大聲,loud
Khah tōa siaⁿ--leh!,,大聲一點,A little louder!
sè siaⁿ,sè siann,小聲,in a low voice
Khah sè siaⁿ--leh!,,小聲一點,Not so loud!
siâⁿ,siânn,成 | 城,a castle | a portion (ten percent)
"Ha̍k-seng la̍k siâⁿ sī cha-po͘--ê, sì siâⁿ sī cha-bó͘--ê.",,學生中六成是男的，四成是女的,"Sixty percent of the students are boys, forty percent are girls."
siâⁿ,siânn,引誘,to decoy | to allure | to try to catch by a bait
"Hit chiah ke nā lia̍h bē-tio̍h, mi chi̍t mi bí lâi kā siâⁿ. Lí m̄-thang the̍h piáⁿ lâi siâⁿ i, i ē kháu boeh chia̍h.",,那隻雞假若捉不到，拿一把米來引誘它,"If you can’t catch that chicken, fool it with a handful of rice."
,,你不要拿餅乾來誘他，他會哭著要吃,"Don’t you allure him with cakes, he will bawl that he wants to eat them."
siah,siah,削,to whittle | or pare with a knife
siah iân-pit,siah iân-pit,削鉛筆,to sharpen a pencil
siah-phôe,siah-phuê,削皮,to pare off the skin (fruit)
siah,siah,錫 | 白蠟 | 銲藥,solder | pewter
ēng siah liâm,īng siah liâm,以白蠟接合,to solder
liâm-siah--ê | phah-siah--ê,liâm-siah--ê | phah-siah--ê,錫匠 | 馬口鐵匠,a tinsmith
sia̍h-á,sia̍h-á,勺子,a ladle
siám,siám,避 | 閃避,get out of the way | to avoid | to dodge
Lán lâi-khì hit châng tōa chhiū kha siám hō͘.,,我們到那棵大樹下避雨,"If you are tired, let’s take a rest."
khah siám lè,khah siám lè,走開 | 避開,Get out of the way!
sian-siⁿ | sian-seⁿ,sian-sinn | sian-senn,先生 | 老師,teach | Mr. | Sir
siān,siān,疲倦 | 累,to be tired
"Lí nā siān, lán lâi hioh-khùn.",,你若疲倦，我們來休息吧,"If you are tired, let’s take a rest."
siān-lâng-á,siān-lâng-á,壁虎,a gecko
siàn,siàn,擊掌,to slap
Góa boeh kā lí siàn.,,我要打你一個巴掌,I shall give you a slap.
sian,sian,垢 | 銹,dirt | filth | rust
seⁿ-sian,senn-sian,生垢,to get rusty
siàn-tōng,siàn-tōng,煽動,to incite | to instigate
Lí m̄-thang siū lâng siàn-tōng.,,你不可受他人的煽動,Don’t be incited by others.
siang,siang,雙 | 双,a pair
chi̍t siang ê,tsi̍t siang ê,一雙鞋子,a pair of shoes
chi̍t siang boe̍h-á,tsi̍t siang bue̍h-á,一雙襪子,a pair of socks
chi̍t siang tī,tsi̍t siang tī,一雙筷子,a pair of chopsticks
siang chhiú,siang tshiú,雙手,two hands
Phâng-tê tio̍h-ài ēng siang-chhiú chiah ū lé.,,奉茶要用雙手才有禮貌,It is only polite in serving tea to use both hands.
siang kha,siang kha,雙腳,feet
siāng | kāng,siāng | kāng,同,the same
siāng-khoán,siāng-khuán,同樣,the same kind
siāng-lâng,siāng-lâng,同一個人,the same person
siāng-sî,siāng-sî,同時,at the same time
siáng | siáⁿ-lâng,siáng | siánn-lâng,誰,Who?
Che sī siáng siá--ê?,,這是誰寫的？,Who wrote this?
Khì khòaⁿ siáng lâi.,,去看誰來,Go and look who came in.
siang-siⁿ,siang-sinn,雙生兒,twins
Hit nn̄g ê sī siang-siⁿ-á.,,那兩個人是雙生兒,Those two are twice.
siⁿ siang-siⁿ,sinn siang-sinn,生雙生兒,to give birth to twins
siat,siat,設,to establish
Chit ê kui-kí sī sím-mi̍h lâng siat--ê?,,這個規矩是什麼人設的？,Who established this rule?
siat-li̍p,siat-li̍p,設立,to establish
"Boeh siat-li̍p chi̍t ê ha̍k-hāu, m̄-sī chin iông-ī ê tāi-chì.",,要設立一個學校不是很容易的事情,It isn’t a very easy thing to establish a school.
siat-hoat,siat-huat,設法,to find a way out | to establish a system for doing things
"I chò seng-lí bē-hiáu siat-hoat, liáu chin chē chîⁿ.",,他做生意不會設法，虧了很多錢,"He does not know how to draw up a system in doing business, he lost a lot of money."
siat-kè,siat-kè,設計,to design | to plan
Lí khí chit keng chhù chin gâu siat-kè.,,你建這間房子，設計得很好,You drew up a very good plan for building this house.
siat-sú,siat-sú,假設 | 假使,suppose
"Siat-sú góa nā bē-tàng lâi, góa iā ē kiò góa ê tāi-lí lâi.",,假使我不能來，我會叫我的代理來,"Suppose I cannot come, I will tell my representative to come."
siàu-liân,siàu-liân,年輕 | 年少,young
siàu-liân-lâng,siàu-liân-lâng,青年人,a youth
siau-sit,siau-sit,消息,news
Chit kúi ji̍t ū sím-mi̍h siau-sit--bô?,,這幾天有什麼消息沒有？,Has there been any news the last few days?
siáu,siáu,瘋狂 | 迷,crazy | crazy for
I teh siáu tiān-iáⁿ.,,他迷於電影,He is crazy about the movies.
khí-siáu,khí-siáu,發狂,to be crazy | to be mad
I teh khí-siáu.,,他在發瘋,He is crazy.
siau-bia̍t,siau-bia̍t,消滅,extinction | to extinguish
Thian-chú àn-chóaⁿ m̄ siau-bia̍t phiáⁿ lâng?,,天主為何不消滅壞人？,Why does not God want to destroy the wicked?
siau-hòa,siau-huà,消化,to digest
"Chhiú nā bong tio̍h lah-sap mi̍h, lí tio̍h-ài siau-to̍k.",,手摸到髒東西要消毒,"If your hands have touched something filthy, you should disinfect them."
ē siau-hòa ê mi̍h,ē siau-huà ê mi̍h,易消化的東西,digestible things
bē siau-hòa ê mi̍h,bē siau-huà ê mi̍h,不容易消化的東西,indigestible things
siau-hông tūi,siau-hông tuī,消防隊,a fire brigade | fire department
siau-to̍k,siau-to̍k,消毒,to disinfect | to sterlilze
siau-to̍k-chúi,siau-to̍k-tsuí,消毒水,antiseptic solution
siàu,siàu,帳,account (of a transaction or purchase)
Hit tiâu siàu lí tang-sî ē-tàng hêng--góa?,,那筆賬你何時能還我？,When will you be able to pay me this bill?
kì-siàu,kì-siàu,記帳,to keep books | to record accounts
"Góa nā ēng chîⁿ, lóng ū kì-siàu.",,我用錢都有記帳,I keep a record of all the money I spend.
thó-siàu,thó-siàu,索帳 | 討帳,to demand payment
"I boeh lâi thó-siàu, góa tio̍h cháu lâi khì bih.",,他要來討債，我必須躲避,"He is coming to demanded payment, I must run and hide."
siu-siàu,siu-siàu,收帳,to collect a bill
Góa kin-á-ji̍t tio̍h chhut-lâi-khì siu-siàu.,,我今天必須出去收帳,Today I must go out and collect bills.
siáu-soat,siáu-suat,小說,fiction | a novel
Si̍t-chāi ê tāi-chì pí siáu-soat khah sim-sek.,,真實的事比小說更有趣,Things that really happened are more interesting than fiction.
sím-mi̍h | siáⁿ-hòe,sím-mi̍h | siánn-huè,什麼,What? any
sím-mi̍h lâng | siáⁿ-lâng,sím-mi̍h lâng | siánn-lâng,什麼人？誰,Who? anybody
Sī sím-mih lâng lâi?,,是什麼人來？,Who is it that came?
Ū sím-mi̍h lâng lâi--bô?,,有什麼人來嗎？,Did anyone come?
sím-mi̍h khoán,sím-mi̍h khuán,什麼樣子,What kind?
sím-mi̍h sî,sím-mi̍h sî,什麼時候,When?
sím-mi̍h sî-chūn,sím-mi̍h sî-tsūn,什麼時候,What time? When?
sím-mi̍h só͘-chāi,sím-mi̍h sóo-tsāi,什麼地方,What place?
sim-sek,sim-sik,有趣,interesting | entertaining
"Lí khì Ji̍t-goa̍t-thâm chhit-thô, ū sim-sek--bô?",,你到日月潭去玩，有趣嗎？,"You went to Sun Moon Lake for a picnic, was it interesting?"
sim | sim-koaⁿ,sim | sim-kuann,心 | 心臟,the heart
tī sim-lāi,tī sim-lāi,在心中,in or on one's mind
I tī sim-lāi teh siūⁿ tāi-chì.,,他在心中想事情,He has something on his mind.
sim-koaⁿ,sim-kuann,心 | 心臟,the heart
pháiⁿ sim,pháinn sim,性情惡劣的,ill-natured
hó-sim,hó-sim,仁慈的,kindhearted
liông-sim,liông-sim,良心,conscience
Chiàu liông-sim chò.,,照著良心做事情,To act according to one’s conscience.
sim-pū,sim-pū,媳婦,daughter-in-law
sím-phòaⁿ,sím-phuànn,審判,judgment | to judge
Hit-ê hoān-lâng sím-phòaⁿ liáu àn-chóaⁿ?,,那個犯人審判的結果怎麼樣？,How did that prisoner make out in court? (in the judgment)
kong-sím-phòaⁿ,kong-sím-phuànn,公審判,the General Judgment
su-sím-phòaⁿ,su-sím-phuànn,私審判,The Particular Judgment
sîn-hū,sîn-hū,神父,Priest | Father
sîn,sîn,神,a spirit | a god
sîn-bûn,sîn-bûn,新聞,newspaper
sìn,sìn,信,to believe
Ū-sìn chiah ē-tàng tit-tio̍h kiù.,,有信才能得救,Only if one has faith can he obtain salvation.
bê-sìn,bê-sìn,迷信,superstitions | superstitious
Chit hāng tāi-chì sī bê-sìn á m̄ sī?,,這件事是迷信嗎？,Is this superstitious or not?
sìn-iōng,sìn-iōng,信用,reliable | trustworthy
Hit ê lâng bô sìn-iōng.,,那個人沒有信用,That fellow is not trustworthy.
sìn-tek,sìn-tik,信德,virtue of faith
sin-tek,sin-tik,新竹,Sinchu (lit. New Bamboo)
sin-niû,sin-niû,新娘,bride
sin-kiáⁿ sài,sin-kiánn sài,新郎,bridegroom
sin-lông sin-pū,sin-lông sin-pū,新郎新婦,bridegroom and bride (used in ceremony or table speech)
sin-súi | goe̍h-kip,sin-suí | gue̍h-kip,薪水,salary
sîn-sèng,sîn-sìng,神聖,holy | sacred
"Sèng-tn̂g sī sîn-sèng ê só͘-chāi, m̄-thang sì-kè phùi chhùi-nōa á-sī chhèng phīⁿ.",,聖堂是神聖的地方，不要隨地吐痰擤鼻涕,"The church is a holy place, don’t spit and blow your nose all over the place."
sîn-bêng | sîn,sîn-bîng | sîn,神明,pagan spirits | supernatural beings in general | false gods
sîn-keng,sîn-king,神經,a nerve
Chhùi-khí ê lāi-bīn iā ū sîn-keng.,,牙齒的裡面也有神經,There is still a nerve in the tooth.
"Chit ê lâng nā m̄-sī pîn-tōaⁿ chiū sī bô sîn-keng, in thâu-ke teh sàu thô͘-kha, i iáu tiām-tiām khiā teh khòaⁿ.",,這個人若不是懶惰便是沒有神經，他的主人在掃地他還站著看,"If this fellow is not lazy, then he certainly is bold (insensible), when the boss is sweeping the floor, he stands and looks on."
sîn-keng soe-jio̍k,sîn-king sue-jio̍k,神經衰弱,nervous exhaustion (debility)
Lâng nā siuⁿ hoân-ló ē sîn-keng soe-jio̍k.,,人過於煩惱會神經衰弱,If people worry too much they will have a nervous breakdown.
sin-keng thiàⁿ,sin-king thiànn,神經痛,neuralgia
sin-gí,sin-gí,新語,a new word
sin-le̍k,sin-li̍k,新曆 | 陽曆,the solar calendar | Western calendar
sin-kàu,sin-kàu,新教,Protestantism
sin-nî,sin-nî,新年,the New Year
Sin-nî kiong-hí!,,新年恭喜,Happy new year!
sin-hêng,sin-hîng,新型,new style (of external appearance)
I hit niá saⁿ sī sin-hêng--ê.,,他那件衣服是新形的,His shirt is the latest style.
sin-sek,sin-sik,新式,"new pattern (style, model)"
"Góa chit tâi khì-chhia sī sin-sek--ê, lóng m̄ bián ēng khì-iû.",,我這輛汽車是新式的，都不必用汽油,"My car is a new model, it doesn’t use any gas at all."
sìn-hō,sìn-hō,信號,a signal
"Góa ēng nih-ba̍k chò sìn-hō, góa nā nih-ba̍k lí tio̍h (o̤ chiū) m̄-thang kóng.",,我以閉眼為信號，我閉上眼睛你就不要講,"I’ll wink my eye as a signal, if I wink don’t you talk."
sio,sio,熱,hot
sio,sio,燒,to burn
Chia ê chóa the̍h lo̍h-khì lâu-kha sio (o̤ sio-tiāu).,,這些紙拿去樓下燒掉,Taken this paper downstairs and burn it (burn it up－­­­­away).
sió-tī,sió-tī,弟弟,little brother
sio-phah,sio-phah,打架,to fight
Goán chhù-piⁿ ê lâng tiāⁿ-tiāⁿ sio-phah.,,我們的鄰居常常打架,Our neighbors are always fighting.
sio-mā | sio-mē,sio-mā | sio-mē,吵架,to quarrel
sio-tâng | sio-siâng,sio-tâng | sio-siâng,相同,the same
sio-thâi,sio-thâi,戰爭 | 打仗,to war | to fight
Cha̍p gōa nî chêng Ji̍t-pún kap Bí-kok sio-thâi. (chiàn-cheng),,十多年前日本和美國打戰,Some ten years ago Japan and America were at war.
sió-chiá,sió-tsiá,小姐,Miss
sió-piān,sió-piān,小便,a urinal | to urinate
sió-khóa,sió-khuá,微細的 | 少些,a little | trivial | a bit | just a bit
Tâi-oân-ōe góa sió-khóa ē hiáu kóng.,,台灣話我會說一點,I can speak a little Taiwanese.
M̄-thang ūi-tio̍h sió-khóa tāi-chì (o̤ chîⁿ) lâi oan-ke.,,不要為了微細的事情來打架,Don’t quarrel over a travel matter (or over a few cents).
sió-bē,sió-bē,零賣 | 零售,retail | to retail (goods) | to sell by retail
tōa bē,tuā bē,,wholesale | to sell wholesale
sio̍k,sio̍k,便宜,cheap
siok-sià,siok-sià,宿舍,dormitory | boarding
siok-sià-hùi,siok-sià-huì,宿舍費,board
siok-sià seng,siok-sià sing,宿舍生,boarders
sio̍k-sin,sio̍k-sin,贖身,to redeem | to buy back
Thó͘-húi iàu-kiû chú-kàu the̍h gō͘ cha̍p bān kho͘ khì sio̍k-sin hit-ê sîn-hū.,,土匪要求主教拿五十萬元去贖那位神父,"The bandits are demanding $500,000 from the Bishop to redeem that priest."
siōng hó,siōng hó,最好 | 頂好,the best
siong hó,siong hó,友好 | 相好,on good terms
siong-chhin siong-ài,siong-tshin siong-ài,相親相愛,to love each other
Ang-bó͘ tio̍h-ài siong-chhin siong-ài.,,夫婦必須相親相愛,Husband and wife should love each other.
siong-sìn,siong-sìn,相信,trust | believe | to trust each other
Hiaⁿ-tī chí-mōe pêng-iú tio̍h-ài siong-sìn.,,兄弟，姊妹，朋友必相信,Brothers and sisters and friends should trust each others.
Góa siong-sìn i ē lâi.,,我相信他會來,I believe he will come.
siōng,siōng,像,likeness | image | anything like a picture that is not a photograph
sèng-siōng,sìng-siōng,聖像,a holy picture
siòng,siòng,相片,a photograph
"Chóng-thóng ê siòng in-ūi siuⁿ bān khì, hip bô tio̍h.",,總統的相因為過於晚到，沒有照到,"Because I went too late, I did not get to take the President’s picture."
hip siòng,hip siòng,照相,to make pictures
siòng-kheng,siòng-khing,相框 | 鏡框,a picture frame
Chit tiuⁿ siòng ài ji̍p tòa siòng-kheng.,,這張相片要裝在相框,I want to frame this picture.
siòng,siòng,瞄準 | 凝視,to aim | stare at
Lí nā siòng bô chún chiū phah bē tùi.,,你若沒瞄準就打不中,"If you do not aim a accurately, you will not hit the wark."
siong-gia̍p,siong-gia̍p,商業,commerce | business | trade
siōng-khò,siōng-khò,上課,to start class | to go to class
siông-siông,siông-siông,常常,always | usually | very often
siông-sek,siông-sik,常識,general knowledge | common sense
siong-hāi,siong-hāi,傷害,to injure
Siong-hāi lâng ê lêng-hûn pí siong-hāi lâng ê jio̍k-sin khah lī-hāi.,,傷害人的靈魂比傷害人的肉身更利害,It is a more serious thing to injure peoples souls then to injure their bodies.
siòng-miā,siòng-miā,相命,to read a person's fortune by physiognomy
siong-tiōng,siong-tiōng,沈重 | 厲害,to be seriously ill | serious | seriously
I (ê pīⁿ) chin siong-tiōng.,,他病勢很重,He is very seriously sick.
siong-sim,siong-sim,傷心,broken-hearted | to be sad
Goán nā khòaⁿ-tio̍h chit-tiuⁿ siòng-phìⁿ chiū ē siong-sim.,,我看到這張相片就會傷心,"When I look at this picture, I become very sad."
siông-sè,siông-sè,詳細,in detail | details
Chhiáⁿ-lí kóng khah siông-sè--leh.,,你講詳細一點,Please give me more of the details.
Góa ū êng ê sî chiah siông-sè kóng hō͘ lí thiaⁿ.,,我有空時才詳細講給你聽,"When I have time, I will relate the details to you."
si̍p-jī-kè,si̍p-jī-kè,十字架,the cross
si̍p-koàn,si̍p-kuàn,習慣,a habit
"Ka-tī ê pháiⁿ si̍p-koàn, siông-siông ka-tī m̄ chai-iáⁿ.",,自己的壞習慣常常自己不曉得,One frequently does not know his own bad habits.
sip-khì,sip-khì,濕氣,damp | moisture | humidity
si̍p-jī-lō͘,si̍p-jī-lōo,十字路,a crossroad
"Boeh kòe si̍p-jī-lō͘ ê sî, tio̍h-ài chù-ì khòaⁿ sìn-hō.",,要橫過十字路口時，必須注意信號,"When crossing an intersection, one must carefully observe the signals."
sip,sip,濕,wet
Chit keng pâng-keng chin sip.,,這個房間很濕,This room is very damp.
si̍t-chāi,si̍t-tsāi,實在,real | ture
Chit ê kò͘-sū m̄-sī si̍t-chāi--ê.,,這個故事不是實在的,This story is fiction.
si̍t-chāi sī án-ni,si̍t-tsāi sī án-ni,實在是這樣,this is really the way it is.
si̍t-chāi ū-iáⁿ,si̍t-tsāi ū-iánn,實在是真的,It is really true.
sit,sit,熄,to be extinguished | out
La̍h-chek hóe hō͘ hong chhoe sit--khì.,,蠟燭火被風吹熄,The candles were blown out by the wind.
si̍t,si̍t,翼 | 翅膀,a wing
"Ke-á sui-jiân ū si̍t, tān-sī bô gâu poe.",,雞雖然有翅膀，但不善飛,Although a chicken has wings it can’t fly very much.
sit-lé,sit-lé,請原諒 | 失禮 | 失陪,beg your pardon | impolite
"Boeh mn̄g lí chi̍t kù ōe m̄-chai ē khah sit-lé--bô, lí hit niá saⁿ ài lōa chē chîⁿ?",,想問你一句話不知道是否失禮，你那件衣服要多少錢？,"May I ask you a rather embarrassing question, how much was that shirt?"
si̍t-bu̍t,si̍t-bu̍t,植物,botany
si̍t-si̍p,si̍t-si̍p,實習,practical training | laboratory work
Lín chi̍t lé-pài si̍t-si̍p kúi tiám-cheng?,,你們一個禮拜實習幾點鐘？,How many periods a week do you have in the laboratory?
si̍t-si̍p sek,si̍t-si̍p sik,實習室,the laboratory
sit-pāi,sit-pāi,失敗,failure | to fail
"Sit-pāi sī sêng-kong ê lāu-bú, sī-kóng ū sit-pāi chiah ū sêng-kong.",,失敗是成功之母，就是說有了失敗才有成功,Failure is the mother of success i.e. there is failure before one has success.
si̍t-tn̂g,si̍t-tn̂g,食堂,a restaurant
"Kong-kiōng si̍t-tn̂g lí m̄-thang lia̍h-chò si̍t-tn̂g, boeh ji̍p-khì chia̍h-pn̄g.",,公共食堂你不要以為是食堂，想要進去吃飯,Don’t mistake a public restaurant (i.e. a brothel) for a restaurant and want to go in to have a meal.
si̍t-iōng,si̍t-iōng,實用,practical (usually comes after [u7] or [bo5])
Chit kù chin ū (o̤ bô) si̍t-iōng.,,這句很（不）實用,This is a very practical sentence.
Chit-hāng mi̍h ū (o̤ bô) si̍t-iōng.,,這個東西很（不）實用,This is a very practical thing.
sit biān-chú | sit thé-biān,sit biān-tsú | sit thé-biān,失面子,to lose face
Lí nā chò chha̍t ē hāi lín lāu-pē sit bīn-chú.,,你若做賊會害你父親失去面子,"If you become a thief, you will cause your father to lose face."
sit-bōng | sit-bāng,sit-bōng | sit-bāng,失望,despair | disappointment
Lí m̄-thang án-ni tio̍h (chiū) sit-bōng!,,你不可這樣就失望,You should not give up (dispair) on account of this (or that).
"Lí o̍h Tâi-oân-ōe sui-jiân chin oh, (lí) m̄-thang sit-bōng.",,學台灣話雖然很困難，你不要失望,"Although it is very difficult for you to learn Taiwanese, don’t give up hope."
siū,siū,受 | 被,sign of passive voice
I tī Bí-kok siū kàu-io̍k.,,他在美國受教育,He was educated in America.
"Lí nā chò pháiⁿ, ē hō͘ sian-siⁿ hoa̍t.",,你若做壞事，會被老師責罰,"If you do something wrong, you will be punished by the teacher."
siū,siū,受,to endure | to suffer
Iâ-so͘ siū khó͘-lān.,,耶穌受苦難,Jesus suffered.
siū-khì,siū-khì,生氣,to be angry
hoat siū-khì,huat siū-khì,生氣,to become angry
siu-sêng,siu-sîng,收成 | 收穫,harvest (noun)
siu-tang,siu-tang,收穫,harvest (verb)
Chi̍t-nî Tâi-oân-lâng siu-tang nn̄g pái.,,一年台灣人收穫（稻穀）兩次,The Taiwanese reap two harvests a year.
siu-lí,siu-lí,修理,to repair
"Góa ê o͘-thó͘-bái tio̍h-ài siu-lí lōa kú, chiah ē hó?",,我的機器腳踏車要修理多久才能修理好？,How long will it take to finish the repair job on my motor-bike?
siu,siu,收,to collect | to gather up | to take in | to receive | to accept
"Góa the̍h chi̍t a̍p piáⁿ boeh lâi khèng-chiok lí ê siⁿ-ji̍t, chhiáⁿ lí siu--khí-lâi.",,我拿這盒餅來慶祝你的生日，請你收下來,"I brought this box of cakes to congratulate you on your birthday, please except it."
siu tiān-hóe chîⁿ,siu tiān-hué tsînn,收電費,to collect the electric bill
siu chúi-tō chîⁿ,siu tsuí-tō tsînn,收自來水費,to collect the water bill
siu toh-téng,siu toh-tíng,收拾碗盤,to collect the dishes after a meal
siu-khí lâi,siu-khí lâi,收起來,to gather up
Chia̍h pn̄g liáu-āu óaⁿ pôaⁿ tio̍h-ài siu--khí-lâi.,,飯吃完了碗盤要收起來,After the meal you must gether up the dishes.
siu-pâng-keng,siu-pâng-king,收房間,to straighten up a room
siu-phoe | siu-phe,siu-phue | siu-phe,收信,to receive letters
Góa kin-á-ji̍t ū siu tio̍h góa ê lāu-pē ê phoe.,,我今天收到了我父親的信,I received a letter from my father today.
siu-siàu,siu-siàu,收帳,to collect a bill
siu-kì,siu-kì,收據,a receipt
"Lí mi̍h nā bé liáu, tio̍h-ài the̍h siu-kì (siu-tiâu) tńg--lâi.",,你東西買了，就要拿收據回來,"After you have bought your things, you must bring back a receipt."
Chit tiuⁿ sī tiān-hóe chîⁿ ê siu-kì (siu-tiâu).,,這張是電費的收據,This is the receipt for the electric bill.
siu-tiâu,siu-tiâu,收條,a receipt
"Lí mi̍h nā bé liáu, tio̍h-ài the̍h siu-kì (siu-tiâu) tńg--lâi.",,你東西買了，就要拿收據回來,"After you have bought your things, you must bring back a receipt."
Chit tiuⁿ sī tiān-hóe chîⁿ ê siu-kì (siu-tiâu).,,這張是電費的收據,This is the receipt for the electric bill.
siu-iông,siu-iông,收容,to take in | receive into | to hold
"Afto̤ you have bought yoṳ thengs, you must breng back a receipt.",,這間聖堂能夠收容多少人？,How many persons can this Church hold?
siu-sū,siu-sū,修士,a religious brother
siu-lí,siu-lí,修女,a religous sister
siu-tō-īⁿ,siu-tō-īnn,修道院,a monastery
siu-īⁿ,siu-īnn,修院,seminary
sió siu-īⁿ,sió siu-īnn,小修院,a minor seminary
tōa siu-īⁿ,tuā siu-īnn,大修院,a major seminary
siu-seng,siu-sing,修生,a seminarian
siú,siú,守,to observe
siú-chú-ji̍t,siú-tsú-ji̍t,守主日,to observe Sunday
siú-kui-kí,siú-kui-kí,守規矩,to observe rules
siú-chiam-lé,siú-tsiam-lé,守瞻禮,to observe feasts
siú-kài-bēng,siú-kài-bīng,守誡命,to observe the Commandments
siú-sî-kan,siú-sî-kan,手時間,to observe a schedule | to do things on time
siu-chhùi-chhiu | siu-bīn,siu-tshuì-tshiu | siu-bīn,剃鬚 | 面,to shave
siu hō͘ tah,siu hōo tah,剃的乾淨,to shave close
siù,siù,刺繡,to embroider
siù-jī,siù-jī,繡字,to embroider some characters
siù-hoe,siù-hue,繡花,to embroider flowers | birds etc.
Lí ē hiáu siù si̍p-jī-kè--bē?,,你會繡十字架嗎？,Can you embroider a cross? (e.g. on a priest’s shirt).
siu-im-ki,siu-im-ki,收音機,a radio (receive voice machine)
siû,siû,游,to swim
"Lí hiah gâu siû, Thài-pêng-iûⁿ siû ē-tàng kòe--bē?",,你那麼會游泳，太平洋你能游得過嗎？,"You are so good at swimming, can you swim across the Pacific ocean?"
siū,siū,巢,a nest
Chiáu-á nā chò siū tòa khah kē ê só͘-chāi tāi-khài ū hong-thai.,,如果鳥兒築巢再更低的地方大概就有颱風,"If birds make their nests in low places, there most likely will be a typhoon."
siūⁿ,siūnn,想,to think | to consider | to think about
siūⁿ bē chhut,siūnn bē tshut,想不出,cannot think of
I-sìⁿ sím-mih góa siūⁿ bē chhut.,,他姓什麼我想不出來,I can’t think of his name.
siūⁿ ē chhut,siūnn ē tshut,想得出,can think of
siūⁿ boeh,siūnn bueh,想要,to plan to do something | to be thinking of | to think of doing something
Góa siūⁿ-boeh o̍h (kóng) Kok-gí.,,我想要學國語,I am thinking of learning to speak Mandarin.
Āu Chú-ji̍t ē-po͘ góa siūⁿ boeh kap pêng-iú lâi-khì khòaⁿ tiān-iáⁿ.,,下個主日的下午，我想要同朋友去看電影,Next Sunday afternoon I am thinking of going to a movie with my friends.
"Lí nā siūⁿ boeh lêng-sián, tio̍h-ài jia̍t-sim o̍h tō-lí.",,你假如想要領洗，就要熱心學道理,"If you are thinking of being baptized, you must study the doctrine fervently."
Hit ê lâng kā góa kóng i siūⁿ boeh chò tōa seng-lí lâng.,,那個人告訴我他想要做一個大商人,That fellow told me that he is planning on becoming a big businessman.
siūⁿ-chò | siūⁿ-kóng,siūnn-tsò | siūnn-kóng,以為,misunderstand | misapprehend | think to be
Boeh chim--lí m̄-thang siūⁿ chò boeh kā--lí.,,要吻你不要以為要咬你,"I want to kiss you, don’t think I want to bite you. I want to help you, I don’t want to do you any harm. (Said when one intends to to something good, but the listener thinks that he intends to do harm)."
D.D.T m̄-thang siūⁿ-chò (o̤ khòaⁿ-chò) khì-chúi kōaⁿ-khì lim.,,D.D.T不要以為汽水拿去喝,Don’t take D.D.T for soda pop and take it to drink.
"Góa boeh lâi pò i hó siau-sit, i siūⁿ-chò (kóng) góa boeh hāi--i.",,我要告訴他好消息，而他以為我要害他,"I want to tell him some good news, and he thinks that I am going to do him some harm."
"Góa sī chi̍t ê hó-lâng, lí m̄-thang siūⁿ-chò (kóng) góa-sī chha̍t-á!",,我是一個好人，你不要認為我是賊,"I am a good fellow, don’t take me for a thief."
Chhân-chng-lâng piān-sò͘ siūⁿ-chò (khòaⁿ-chò) lí-koán.,,鄉下人把廁所認為是旅館,Country people think a jakes is a hotel.
"Hit ê lâng chin ū lé-māu, só͘-í chin chē lâng siūⁿ-chò i sī gâu lâng.",,那個人很有禮貌，所以很多人都以為他是一個偉人,"That fellow is very polite, so very many people consider him very capable."
"Hit hāng tāi-chì góa kap i tàu pang-chān, i siūⁿ-chò (kóng) góa ài thàn i ê chîⁿ.",,那件事情我給他幫忙，而他以為我想賺他的錢,"I helped that man out in doing that thing, and he thinks that I want to earn his money."
siuⁿ-á,siunn-á,箱子,a box
siuⁿ,siunn,太過,too
siuⁿ òaⁿ,siunn uànn,太慢,too late!
siúⁿ-sù,siúnn-sù,賞賜,to bestow | to reward | a reward (superior to inferior)
Thian-chú siúⁿ-sù chòe chun-kùi ê lêng-hûn hō͘ lâng.,,天主賞賜最珍貴的靈魂給我們,God has bestowed upon man a very noble soul.
siúⁿ-kim,siúnn-kim,賞金,a reward | a prize | a purse
"Sîn-hū, kòe-nî lí boeh siúⁿ-kim hō͘ kang-lâng--bô?",,神父，年末要賞金給工人嗎？,"Father, are you going to give the workmen a tip at the Chinese New Year’s?"
sng,sng,酸 | 累,sour | tired
Chit-lia̍p ông-lâi góa chia̍h-liáu chin sng.,,這個鳳梨我吃起來很酸,This pineapple tasted very sour to me.
Góa ê kha chin sng.,,我的腳很酸,My legs are very tired.
sng-chhò͘,sng-tshòo,醋,vinegar
sńg,sńg,玩,to play | to fool around
Gín-á m̄-thang tòa sèng- tn̂g lāi sńg.,,孩子們不可在聖堂內玩,Children should not fool around in Church.
sǹg-siàu,sǹg-siàu,算帳,to count | to reckon accounts
sǹg-pôaⁿ,sǹg-puânn,算盤,an abacus
sng,sng,霜,frost | hoar frost
"Chái-khí ū lo̍h-sng, lí òaⁿ khí--lâi, tāi-khài m̄ chai-iáⁿ.",,早晨有下霜 ，你慢起來，大概不知道,"There was a frost this morning, you got up late, you most probably don’t know about it."
só,só,鎖,to lock (a lock)
só khí-lâi,só khí-lâi,鎖起來,to lock up
"Thih-bé nā bô só--khí-lâi, lâng ē thau khan--khì.",,腳踏車假如沒有鎖起來，會被人家偷走,"If you don’t lock up your bicycle, some one we will steal it."
só-sî,só-sî,鑰匙,a key
a-só,a-só,嫂嫂,older brother's wife
so,so,摸 | 撫,to stroke | to rub | to pet
"Gín-á nā koai,, tio̍h-ài kā i so thâu-khak.",,孩子若乖就要撫摸他的頭,If a child is well behaved you should pet him.
sô,sô,爬行,"to crawl (worms, snake)"
Lí kiâⁿ-lō͘ chhin-chhiūⁿ kō͘ sô--ê.,,你走路好像在爬行,You walk as slow as a snail. (Lit. you walk like by crawling).
só͘-chāi,sóo-tsāi,所在 | 地方,place
chit só͘-chāi | chit-ê só͘-chāi,tsit sóo-tsāi | tsit-ê sóo-tsāi,這個地方,this place
hit só͘-chāi | hit ê só͘-chāi,hit sóo-tsāi | hit ê sóo-tsāi,那個地方,that place
só͘,sóo,所,whatever | whoever
só͘-í,sóo-í,所以,therefore
sò͘-ha̍k,sòo-ha̍k,數學,mathematics
só͘-hùi,sóo-huì,費用,expenses | cost
só͘-hūi chin chē chîⁿ,sóo-huī tsin tsē tsînn,費用很多,expenses are very heavy
Góa ji̍t-ji̍t (ēng) ê só͘-hùi chin chē (chîⁿ),,我天天的費用很多錢,My daily expenses are very great.
chhù lāi ê só͘-hùi,tshù lāi ê sóo-huì,家內的費用,family expenses
chhut só͘-hùi,tshut sóo-huì,出費用,to bear the expenses
so͘ | chhè,soo | tshè,脆 | 易碎的,crisp (as peanut brittle)
Lāu-lâng ài-chia̍h so͘ ê piáⁿ.,,老年人愛吃脆的餅,Old folks like to eat crispy cakes.
só͘-suh,sóo-suh,醬油 | 外國式的,sauce
soa,sua,砂,sand
Poa̍h-tó soa-á iā boeh mi chi̍t pé tńg--lâi.,,跌倒時也要握一把砂回來,"If he falls, he would take a handful of the sand with him. (No matter what he does he wants to gain some profit; or make some money on every deal.)"
soa-lāu,sua-lāu,過濾器,water filter (lit. sand filter)
Lín chia̍h soa-lāu ê chúi á-sī chia̍h chúi-tō?,,我們喝濾過的水或是喝自來水？,Do you drink filtered water or water from the faucet?
sóa,suá,搬 | 移動,to remove
Góa chi̍t nî sóa gō͘ pái chhù.,,我一年中搬了五次家,I moved house five times in one year.
sòa,suà,繼續,follow after | continue | go on
"I tha̍k liáu, lí sòa-lo̍h-khì tha̍k.",,他唸完了，你繼續唸下去,"When he has finished reading, you follow after him and read."
sūn-sòa,sūn-suà,順便,to do something at one's convenience
"Lí nā khì iû-piān-kio̍k, sūn-sòa kā góa bé nn̄g-tiuⁿ iû-phiò, hó--bô?",,你若到郵政局，順便給我買兩張郵票好嗎？,"If you go to the post office, while you are on your way, will you please buy a couple of stamps for me?"
soa-hî,sua-hî,鯊魚,the shark
hî-chhì,hî-tshì,魚刺,shark fins
Chit pôaⁿ sī hî-chhì.,,這盤是魚翅,This dish is shark fins.
hî-si̍t,hî-si̍t,魚翅,shark fins
soaⁿ,suann,山,a mountain | hill
tī soaⁿ-téng,tī suann-tíng,在山上,on the top of the mountain
sòaⁿ,suànn,線,thread | a line
iân-sòaⁿ,iân-suànn,鉛線,wire
tiān-sòaⁿ,tiān-suànn,電線,electric wire
tâng-sòaⁿ,tâng-suànn,銅線,copper wire
sòaⁿ,suànn,散,to scatter
Ha̍k-seng lóng sòaⁿ liáu-liáu--ah.,,學生都散開了,The students have all dispersed.
sòaⁿ phóng-phóng,suànn phóng-phóng,亂七八糟,to scatter all around
"Góa tú-tú teh chéng-lí hêng-lí, chi̍t lāi-bīn sòaⁿ phóng-phóng, soah bô ūi thang hō͘ lí chē.",,我正在整理行李，屋內亂糟糟，因此沒有地方讓你坐,"I am just arranging my baggage, the whole place is all scattered with things, so I have no place for you to sit down."
soah,suah,終於 | 然而,and then | at last | finally | so
"Góa thèng-hāu i kui-ji̍t, i soah bô--lâi.",,我等他整天，他終於沒有來,I wait for him all day and he did not come after all.
soah,suah,終 | 停 | 完,to stop | to cease with the intention of starting again whatever has temporarily been stopped.
"Lí nā tha̍k soah, góa boeh kā lí kóng chi̍t kù ōe.",,你若唸完，我要和你講一句話,"When you stop reading, I want to have a word with you."
"Goán chái-khí-sî tùi peh tiám pòaⁿ tha̍k khí, kàu cha̍p it tiám pòaⁿ soah (o̤ tha̍k soah)",,我們早上從八點半讀起，到十一點半結束,We start studying in the morning at 8:30 and we stop at 11:30.
Chit pún chheh góa í-keng tha̍k liáu--ah.,,這本書我已經讀完了,I finished studying this whole book. (or all of this book).
sōaⁿ-á,suānn-á,芒果,a mango
soan-thoân,suan-thuân,宣傳,propagation | to propagate
soan-thoân-toaⁿ,suan-thuân-tuann,宣傳單,a propaganda bill | leaflet
soan-thoân-hùi,suan-thuân-huì,宣傳費,advertising expenses
soan-chiàn,suan-tsiàn,宣戰,the declaration of war
soan-giân,suan-giân,宣言,declaration | to declare
soan-kò͘,suan-kòo,宣告,pronounce | condemn to
soan-kò͘ sí-hêng,suan-kòo sí-hîng,宣告死刑,condemn to death
soan-sè | chiù-chōa,suan-sè | tsiù-tsuā,宣誓,an oath | to take an oath
Sèng-bó-kun thoân-oân ê soan-sè.,,聖母軍團員的宣誓,The legionary promise.
soàn-su̍t,suàn-su̍t,算術,arithmetic
soán,suán,選,to select | choose
Tang-sî boeh soán Koān-tiúⁿ?,,何時要選縣長？,When will they elect the Mandarin?
soán-chhiú,suán-tshiú,選手,a champion
soán-kí,suán-kí,選舉,vote | election
Soán-kí tio̍h-ài khai chin chē chîⁿ.,,選舉必須花很多錢,It costs a lot of money to be elected.
soàn-thâu,suàn-thâu,蒜頭,garlic cloves in a cluster (dried)
soàn-á,suàn-á,大蒜,gremm garlic
soat-bûn | tê-kho͘,suat-bûn | tê-khoo,香皂 | 肥皂,soap
soat-bêng,suat-bîng,說明,to explain
Pài-thok lí soat-bêng khah chheng-chhó--leh.,,拜託你說明更清楚一點,May I ask you to explain more clearly.
Ēng ang-á-tô͘ soat-bêng tō-lí.,,用圖畫說明道理,To explain the doctrine with pictures.
sòe,suè,稅,a tax | a duty
sòe-koan | hái-koan,suè-kuan | hái-kuan,稅關 | 海關,the customs (Lit. tax (or sea)-barrier)
koan-sòe,kuan-suè,關稅,a customs duty (Lit. barrier-duty)
só͘-tek sòe,sóo-tik suè,所得稅,income tax (Lit. whatever-get-tax)
chhù-sòe,tshù-suè,房租,house rent
khò-sòe,khò-suè,課稅 | 賦稅,to levy tax
làp-sòe,làp-suè,納稅,to pay a tax
Lí hit ê (o̤ tâi) lo̍k-im-ki la̍p lōa chē koan-sòe?,,你那個錄音機納多少關稅？,How much customs did you pay on your recorder?
sòe | cho͘,suè | tsoo,租,to rent | hire | lease
"Chit-keng chhù sī lí ê, á-sī (kā-lâng) sòe--ê?Siūⁿ boeh sòe chi̍t tè thó͘-tē lâi chèng-chhài.",,這間房子是你的還是租的？,"Do you own this house, or it is rented?To plan to rent a piece of land to plant vegetables."
"Lán sòe chi̍t tâi sió-pau-chhia lâi-khì Ji̍t-goa̍t-thâm chhit-thô, hó--bô?",,想要租一塊土地來種菜,Let’s hire a taxi and go to Sun Moon Lake for a picnic.
Chit keng chhù (chit-tè thó͘-tē) siūⁿ boeh sòe--lâng?,,我們租一部小包車到日月潭玩，好嗎？,I think I’ll rent out this house (or a piece of land).
soeh-bêng,sueh-bîng,說明,to explain
Ēng chi̍t ê phì-jū lâi soeh-bêng tō-lí.,,用一個譬喻來說明道理,To explain the doctrine with parables. (or figures of speech.)
soeh-siā,sueh-siā,道謝 | 說謝,to express one's gratitude
Góa kin-á-ji̍t choan-kang lâi kā lí soeh-siā.,,我今天特地來向你道謝,I have especially come today to express my gratitude.
soh-á,soh-á,繩子,a string
Ēng soh-á pa̍k--khí-lâi.,,用繩子捆（縛）起來,To tie up with string (cord or rope).
sóng-khoài,sóng-khuài,爽快,exhillarating | comfortable
"Lí seng-khu, kin-á-ji̍t ū khah sóng-khoài--bô?",,你的身體今天有沒有較爽快？,Are you more comfortable today?
song-sū,song-sū,喪事,a funeral
Tùi-bīn ū song-sū.,,對面有喪禮,There is a funeral across the street.
sông,sông,有土包子氣,ignorant | stupid | clumsy | dumb
"Chi̍t ê gín-á chho͘-chho͘ lâi ê sî chin sông, lóng bē hiáu chò pòaⁿ hāng.",,這個孩子初來時，有土包子氣，沒有一樣會做,"When this lad first came, he was really dump, he didn’t know how to do a thing."
sù-hong,sù-hong,四方 | 平方,square
nn̄g chhioh sù-hong,nn̄g tshioh sù-hong,二尺四方 | 二尺平方,2 ft. square
nn̄g hong-chhioh,nn̄g hong-tshioh,二方尺 | 二平方尺,two square feet
sù-sī,sù-sī,舒適 | 舒當,everything in order | nice and neat
Lâng-kheh keng tio̍h-ài chéng-lí khah sù-sī--leh.,,客房要整理得更舒適,The guest room should be arranged more neatly.
su,su,輸 | 敗,to lose | to be inferior to
Hit ê gín-á phah su teh khàu.,,那個孩子打輸在哭,That child is crying because he is lost.
sú-ká,sú-ká,暑假,Summer vacation
sù,sù,賜,to give | bestow | grand (as God or king)
"Thian-chú chí-ū sù lêng-hûn hō͘ lâng, bô sù hō͘ tōng-bu̍t.",,天主只有賜靈魂給人，沒有賜給動物,"God gave a soul only to men, he did not give one to animals."
su-li̍p,su-li̍p,私立,a private establishment | private (school)
"Chit-keng ha̍k-hāu sī Sū-li̍p--ê á-sī Kok-li̍p--ê, á-sī Séng-li̍p--ê á-sī Koān-li̍p--ê?",,這所學校是私立的還是國立的，還是省立的還是縣立的？,"Is this a private school or a National school, or a Provincial school or a Country school?"
su-siat,su-siat,私設,a private establishment | private (school)
su-sióng,su-sióng,思想,a thought | an idea
Hit ê lâng ê su-sióng kap lâng bô kāng-khoán.,,那個人的思想和一般人不一樣,That fellow’s thinking is not the same as other people’s.
sū-chêng,sū-tsîng,事情,circumstances | reasons | case
sū | tāi-chì,sū | tāi-tsì,事 | 事情,a matter | an affair
"Góa ū chi̍t hāng iàu-kín ê sū, boeh pài-thok--lí.",,我有一件要緊的事情要拜託你,"I have something important, I’d like to ask you to do."
su-iàu,su-iàu,須要,necessary | needful | must
Ū su-iàu ê mi̍h chiah thang bé.,,有需要的東西才可以買,You may only buy what is necessary.
chi̍t su saⁿ,tsi̍t su sann,一套衣服,a suit of clothes
sú-bēng,sú-bīng,使命,a mission | an errand
Sîn-hū ê sú-bēng chiū sī thoân-kàu.,,神父的使命就是傳教,A priest’s mission is to spread the faith.
su-huih | su-hoeh,su-huih | su-hueh,輸血,transfusion (of blood)
Chit ê pīⁿ-lâng bô su-huih bē-ēng--tit.,,這個病人非輸血不可,"If this patient doesn’t get a blood transfusion, he will not pull through."
sū-gia̍p,sū-gia̍p,事業,an enterprise | undertaking | profession | business
Lí teh chò sím-mih sū-gia̍p.,,你在做些什麼事業？,What is your profession?
sū-kò͘,sū-kòo,事故,an accident | an obstacle | trouble | a hindrance
"Nā ū sím-mih sū-kò͘ bē-tàng lâi, ài phah (o̤ kiò) tiān-ōe lâi kā góa kóng.",,要是有事不能來，你要打電話告訴我,"If there should be anything that would hinder you from coming, you should phone and let me know."
kau-thong sū-kò͘,kau-thong sū-kòo,交通事故,a traffic accident
sū-si̍t,sū-si̍t,事實,fact | in fact | actually
"Sin-bûn khan án-ni, tān-sī bô hit khoán ê sū-si̍t.",,報紙上載了這件事，但事實不然,"That’s what the paper says, but it is not a fact. (no such thing happened.)"
Sū-si̍t lí tang-sî boeh chhut-hoat?,,事實你何時出發？,When will you actually start out?
suh,suh,吸,to inhale | to suck | to draw in
"Âng-eⁿ-á chhut-sì m̄-bián lâng kà, chiū ē-hiáu suh leng.",,嬰孩出世後不經人教，就會吸乳,"When an infant is born, he knows how to suck milk, without being taught."
Sán chhân gâu suh chúi.,,瘦田善吸水,"Lean fields draw a lot of water (Lit.) Used of anything, person, machine, or animal, which consumes food, fuel or care without proportionate results."
súi,suí,美麗,pretty | nice
sûi-sî,suî-sî,即時 | 馬上,at once | immediately
sui-jiân,sui-jiân,雖然,although
"Sui-jiân lán ha̍k-hāu ê chia̍h-mi̍h bô sím-mih hó (chia̍h), góa lóng m̄ bat kóng put-pêng.",,雖然我們學校的食物不怎麼好，我都沒有講一句怨言,"Although the food at our school is not very good, I have never complained."
sûi-piān,suî-piān,隨便,at your own convenience | as one pleases in a very informal way
Chhiáⁿ lí ē-tàu sûi-piān toachià kap goán chia̍h piān-pn̄g.,,請你中午在此和我們隨便吃便飯,"At noon please have lunch with us here, just as if you were one of us."
sūn-sòa,sūn-suà,順便,along with | at one's convenience
"Lí ná boeh khì ke-á, sūn-sòa kā góa bé chi̍t-lia̍p tiān-kiû tńg--lâi.",,你若要上街，順便替我買一個電泡回來,"When you go to town, (while you are buying things) buy me an electric light bulb."
sūn-sòa,sūn-suà,孫,grandchildren
lāi-sun,lāi-sun,內孫,grandchildren on son's side
gōa-sun,guā-sun,外孫,grandchildren on daughter's side
sun-á,sun-á,姪 | 姪子,nieces and nephews
sún-hāi,sún-hāi,損害,loss | damage | injury | to injure
"Sún-hāi lâng ê mi̍h-kiāⁿ ē-tàng pôe, sún-hāi lâng ê bêng-i boeh án-chóaⁿ pôe.",,損害他人的東西尚可賠，損害他人的名譽怎能賠呢？,"If one demages others’ things, he can repair the demage; if one t demages a person’s reputation how can he repair the demage?"
sún-sit,sún-sit,損失,loss | damage | injury | to injure
sūn-hong,sūn-hong,順風,a favourable wind | a fair wind
"Khiâ thih-bé ê sî, nā sūn-hong ke chin-kín.",,騎腳踏車時，要是順風快得多,"If the wind is in your favor, when you are riding a bicycle, you will make much greater speed."
sàng sūn-hong,sàng sūn-hong,餞別,to give a farewell present
Góa ū pau chi̍t-pah kho͘ kā i sàng sūn-hong.,,我包了一百塊給他餞別,I have wrapped up $100 to give him as a farewell present.
chi̍t sut-á,tsi̍t sut-á,一點兒,a little
sut-ti̍t | chut-ti̍t,sut-ti̍t | tsut-ti̍t,率直,pliable | gentle | mild
"Chit ê lâng chin sut-ti̍t, chin hó kau-pôe.",,這個人很率直，很易於交際,This fellow is very gentle; he is good company.
tâng-sòaⁿ,tâng-suànn,乾,dry
ta-sé,ta-sé,乾洗,to dry clean
tà,tà,罩 | 蓋 | 遮蔽,to cover | a covering like a veil or a shade
báng-tà,báng-tà,蚊帳,a mosquito net
tiān-hóe-tà,tiān-hué-tà,電燈罩,a lamp shade
taⁿ,tann,現在,now
kàu taⁿ,kàu tann,到現在,up to the present
Cha-hng (o̤ téng lé-pài) kàu taⁿ.,,從昨天（上星期）到現在,Since yesterday (or last week.)
taⁿ,tann,挑,to carry two loads with a pole over the shoulder
tàⁿ,tànn,擔,a burden (such as one man carries)
taⁿ tàⁿ,tann tànn,挑擔,to carry a load
táⁿ,tánn,膽,gall
hó táⁿ,hó tánn,大膽,bold (in a bad sense) (Lit. a good gall)
"Lí káⁿ thau-the̍h sîn-hū ê mi̍h-kiāⁿ, lí chin hó-táⁿ.",,你敢偷神父的東西，你真是大膽,"You are very bold, to steal things from a priest."
tah,tah,貼,to attach | to stamp | to paste
Chit-tiuⁿ pò-kò the̍h khí tah tòa sèng-tn̂g ê mn̂g-kháu (o̤ tòa piah--ni̍h).,,這張布告拿去，貼在聖堂的門口,Paste up this announcement in the doorway of the Church (or on the wall).
tah iû phiò,tah iû phiò,貼郵票,to paste on a stamp
ta̍h,ta̍h,踏,to step on | to tread
"Thoa-chhia-á, chhiáⁿ lí ta̍h khah kín--lè!",,車伕，請你踏快一點,"Pedicab driver, please peddle a bit faster!"
kha-ta̍h-chhia,kha-ta̍h-tshia,腳踏車,a bicycle
tâi,tâi,輛 | 台,cl. for vehicles
tâi-oân,tâi-uân,台灣,Formosa
tâi-oân-ōe,tâi-uân-uē,台灣話,Taiwanese dialect
tâi-oân-lâng,tâi-uân-lâng,台灣人,a Taiwanese
tâi-oân chè,tâi-uân tsè,台灣製,made in Formosa
tâi-pak,tâi-pak,台北,Taipei
tâi-lâm,tâi-lâm,台南,Tainan
tâi-tiong,tâi-tiong,台中,Taichung
tâi-tang,tâi-tang,台東,Taitung
tāi-seng,tāi-sing,首先,first | in advance
Lí ē tàng tāi-seng tńg--khì.,,你可以首先回家,You may go home ahead of time (in advance or before the usual time has arrived).
tāi-khài,tāi-khài,大概,probably | almost | about
Kin-á-ji̍t tāi-khài ū kúi ê lâng-kheh boeh lâi?,,今天大概有幾位客人要來？,About how many guests will come today?
Tāi-khài ū lâng sī án-ni kóng. (sī kóng án-ni),,通常的人都是這麼講,That or this is what the ordinary run of people say.
ta̍k-ke,ta̍k-ke,大家,everybody
lín ta̍k-ke,lín ta̍k-ke,你們大家,all of you
lán ta̍k-ke,lán ta̍k-ke,我們大家,all of us
tāi-piān,tāi-piān,大便,to move (verb and noun)
tāi-piān só͘,tāi-piān sóo,大便所,a toilet
tāi-ha̍k,tāi-ha̍k,大學,university
tāi-sò͘,tāi-sòo,代數,algebra
tāi-piáu,tāi-piáu,代表,delegate | representation | represent
Soán kúi ê á tāi-piáu lâi hōe-gī.,,這幾個代表來會議,Choose several representatives to discuss (the matter of the meeting).
tāi-chì,tāi-tsì,事情,an affair
Ū sím-mi̍h tāi-chì?,,有什麼事情？,What’s up? What’s the trouble? What’s the matter?
Bô góa ê tāi-chì.,,沒有我的關係,It’s no concern of mine.
tâi,tâi,埋 | 葬,to bury | to inter
Chit chiah sí-káu tio̍h-ài lia̍h khì tâi.,,這隻死狗要抓去埋葬,You must take this dead dog and bury it.
tāi-lí,tāi-lí,代理,to act for | to represent | to substitute
"Góa nā bē-tàng lâi, góa ē kiò chi̍t ê lâi tāi-lí (góa).",,要是我不能來，我會叫一個人來代理,"If I cannot come, I will tell some one to substitute for me."
tāi-sià,tāi-sià,大使,an ambassador
Bí-kok ū phài chi̍t ê tāi-sài lâi tī Tiong-kok.,,美國派遣一個大使來中國,America sent an ambassador to China.
ta̍k,ta̍k,各 | 每,every
ta̍k ê,ta̍k ê,每個,each one
ta̍k ê lâng,ta̍k ê lâng,每一個人,every one
ta̍k chú-ji̍t,ta̍k tsú-ji̍t,每個主日,every Sunday
ta̍k chái-chí,ta̍k tsái-tsí,每個早晨,every morning
ta̍k-àm | ta̍k eng-àm,ta̍k-àm | ta̍k ing-àm,每天晚上,every evenig
ta̍k e-po͘,ta̍k e-poo,每天下午,every afternoon
ta̍k-ji̍t,ta̍k-ji̍t,每天,every day
ta̍k lé-pài,ta̍k lé-pài,每一個禮拜,every week
ta̍k kó͘-goe̍h | ta̍k goe̍h-ji̍t,ta̍k kóo-gue̍h | ta̍k gue̍h-ji̍t,每月,every month
ta̍k nî,ta̍k nî,每年,every year
ta̍k-pái,ta̍k-pái,每次,every time
ta̍k khoán,ta̍k khuán,每一種,each kind
ta̍k keng pâng-keng,ta̍k king pâng-king,每一間房間,every room
tak,tak,撞 | 以角 | 牴觸,to horn | to butt (with horn)
Hit ê gín-á hō͘ gû tak--tio̍h.,,那個孩子被牛觸到,That child was butted (gored) by a cow.
tâm,tâm,濕,wet
tâm-lok-lok | tâm lì lok,tâm-lok-lok | tâm lì lok,全濕了 | 濕透了,all soaked
Lí ê thâu-mô͘ án-chóaⁿ tâm-lok-lok (o̤ tâm-lì-lok)?,,你的頭髮怎麼濕透了？,How come your hair is all soaking wet?
tām-po̍h-á | chi̍t sut-lá,tām-po̍h-á | tsi̍t sut-lá,一點點,just a little | just a bit (Gf. Gram. P. 198)
Khah kùi tām-po̍h-á. Khah kùi--tām-po̍h-á.,,貴了一點,Just a little more expensive.
Khah hn̄g tām-po̍h-á. Khah hn̄g--tām-po̍h-á.,,遠了一點,just a little farther
Khah tōa tām-po̍h-á. Khah tōa--tām-po̍h-á.,,大了一點,just a little bigger
Khah tn̂g chi̍t-sut-á. Khah tn̂g--chi̍t-sut-á.,,長了一點,just a little longer
tâm-lūn,tâm-lūn,談論,to discuss | discussion
"Lín tio̍h-ài ûn-ûn-á tâm-lūn, m̄-thang sio-phah.",,你們要慢慢地討論談論，不可打架,"You should discuss this slowly (gently, moderately), don’t fight."
tam-tng,tam-tng,擔當,to bear | as office | honor or responsibility
Góa bōe-kham-tit tam-tng chò sîn-hū ê jīm-bū.,,我不能夠擔當做神父的任務,I am not worthy to bear the responsibility of the priesthood.
tam,tam,嘗 | 舐,to take a little on the end of the finger in order to taste | to lick | to taste
"Chit khoán io̍h-á m̄-chai ē khó͘--bē, gōa seng tam khòaⁿ bāi--leh.",,這瓶藥不知苦不苦，我先舐舐看,"I wonder if this bottle of medicine is bitter, I’ll first taste it."
tān-sī,tān-sī,但是,but
tán,tán,等 | 等候,to wait
tán-hāu | thèng-hāu,tán-hāu | thìng-hāu,等候,to wait
Chhiáⁿ lí tán-hāu chi̍t-ba̍k-nih-á (o̤ chi̍t-sî-á o̤ chi̍t-tiap-á-kú o̤ chi̍t-kú-á o̤ chi̍t-ē-á).,,請你等一下,Please wait for just a moment.
chhiáⁿ lí tán-hāu,tshiánn lí tán-hāu,請你等一下,Please wait for just a moment
sió tán,sió tán,相等候,to wait for each other
Bîn-á-chài boeh tòa sím-mih só͘-chāi sio-tán?,,明天晚上要在什麼地方相候？,Where shall we wait for each other tomorrow night?
tàn,tàn,丟 | 拋 | 投,to throw
tàn hìⁿ-sak | kiat hìⁿ-sak | hiat-tiāu,tàn hìnn-sak | kiat hìnn-sak | hiat-tiāu,丟掉 | 拋掉,to throw away
"Chia ê mi̍h-kiāⁿ bô-lō͘-ēng, tio̍h-ài tàn hìⁿ-sak (o̤ kiat- hìⁿ-sak o̤ hiat-tiāu).",,這裡的東西沒有用，要丟掉。,"These things are useless, they should be thrown away."
tan-sûn,tan-sûn,單純 | 簡單,simple
Chò-sit-lâng ê seng-oa̍h chin tan-sûn.,,農民的生活很單純,The life of a farmer is very simple.
tang-sî | tī-sî | sím-mih-sî,tang-sî | tī-sî | sím-mih-sî,何時 | 什麼時候,When?
tâng-chê | chò-hóe | chò-tīn,tâng-tsê | tsò-hué | tsò-tīn,一起 | 一齊,together
"Lín liām keng ê sî, tio̍h-ài tâng-chê liām, m̄-thang ū ê kín, ū ê bān.",,你們念經的時候，要一起念，不要有的快，有的慢,"When you pray, you should pray together, don’t some pray fast and some pray slowly."
tang,tang,東,East
tâng-o̍h | tông-o̍h,tâng-o̍h | tông-o̍h,同學,schoolmate
tâng-pan,tâng-pan,同班,a class mate
tang,tang,收穫,harvest
la̍k-goe̍h tang,la̍k-gue̍h tang,六月的收穫,sixth month harvest
cha̍p-goe̍h tang,tsa̍p-gue̍h tang,十月的收穫,tenth month harvest
siu-tang,siu-tang,收穫,to take in the harvest
"Tâi-oân ê chò-sit-lâng chi̍t nî siu-tang nn̄g pái, chiū sī la̍k-goe̍h-tang kap cha̍p-goe̍h tang.",,台灣的農人一年收穫兩次，就是六月的收穫和十月的收穫,"The Taiwanese farmers take in two crops a year, namely the sixth month and the tenth month crops."
koah-tiū-á,kuah-tiū-á,割稻禾,to take in the harvest
tàng,tàng,地方,place
bô tàng khǹg,bô tàng khǹg,沒有地方放,no place to put it
bô tàng bé,bô tàng bé,沒有地方買 | 買不到,no place where it can be bought
tang-thiⁿ | kôaⁿ-thiⁿ,tang-thinn | kuânn-thinn,冬天,Winter
chhun hē chhiu tang,tshun hē tshiu tang,春夏秋冬,Spring | Summer | Autumn | Winter
tāng-sî | kāng-sî,tāng-sî | kāng-sî,同時 | 一同,at the same time
Lí kap sím-mih lâng tāng-sî lâi Tâi-oân?,,你和什麼人一同來台灣？,Who came with you at the same time to Formosa?
tâng,tâng,銅,brass | copper
Hit ê lâng chin gâu chia̍h tâng chia̍h thih.,,那個人非常蠻橫,That fellow lives by very crooked means. (He is a real crook).
tâng-sòaⁿ,tâng-suànn,銅線,heavy
tāng-sî,tāng-sî,重,copper wire
tang-iûⁿ,tang-iûnn,東洋,Orient
Tâi-oân sī Tang-iûⁿ ê chi̍t-ê sió-tó.,,台灣是東洋中的一個小島,Formosa is a small island in the Orient.
tang-sai,tang-sai,東西,"This expression very often has the meaning of ""all around"" or ""everything"""
Hit ê gín-á chin-ài kap lâng kóng-tang kóng-sai.,,那個小孩子很喜歡和人家談天說地,"That youngster, really likes to talk to people about everything and anything."
Hit chiah káu-á chin ài kā-tang kā-sai.,,那隻狗很喜歡咬東咬西,That dog likes to bite around at everything.
Lín chiah ê gín-á m̄-thang lâi o͘-pang siá-tang siá-sai.,,你們這些小孩不要到黑板上亂寫,Don’t you kids come to the blackboard and write all over it. (scribble all over it).
Hit ê lâng chin gâu ōe-tang ōe-sai.,,那個人很善於畫各種東西,That fellow is very clever at free hand drawing.
"I sī góa ê hó pêng-iú, ta̍k pái ài kap góa kóng-tang kóng-sai.",,他是我的好朋友，常常和我談天說地,"He and I are very good friends, every time he comes around he wants to talk to me about everything under the sun."
"Góa tī lō͘--nih chia̍h-tang chia̍h-sai, só͘-í kàu-taⁿ pak-tó͘ lóng bē iau.",,我在路上吃很多樣的東西，所以到現在肚子還不覺得餓,"I have been eating all kinds of things on the way, so I am not the least bit hungry now."
Tha̍k chheh sî m̄-thang siūⁿ-tang siūⁿ-sai.,,念書的時候不要亂想,Don’t be thinking about all sorts of things when you are studying.
"Tī sèng-tn̂g lāi khòaⁿ Mî-sat ê sî, m̄-thang khòaⁿ tang khòaⁿ sai.",,在聖堂望彌撒的時候，不要東張西望,"When you are in Church, attending Mass, don’t be looking all around."
tâng-phōaⁿ | tông-phōaⁿ,tâng-phuānn | tông-phuānn,同伴,an associate | a partner
Ū kúi ê tâng-phōaⁿ (tông-phōaⁿ) boeh kap lí khì Ji̍t-goa̍t-thâm?,,有幾個同伴要和你去日月潭？,How many of your associates are going with you to Sun Moon Lake?
tat--tio̍h,tat--tio̍h,達到,attain | achieve
I í-keng ta̍t-tio̍h i ê bo̍k-te̍k.,,他已達到他的目的,He has attained his end. (He has reached his goal.)
"Góa hi-bāng ta̍k-ke lō͘-le̍k, koh bô lōa kú ē-tàng ta̍t-tio̍h lán ê bo̍k-phiau.",,我希望大家努力，不久能夠達到我們的目標,I hope you all keep up your good work; it won’t be long now and we shall have achieved our purpose.
ta̍t,ta̍t,值,worth | to be worth
Chiah ê pháiⁿ-tâng-kū-siah m̄-ta̍t saⁿ ê chîⁿ.,,這些廢銅廢鐵不值三文錢,(Lit. This lousy brass and old pewter (or tin) isn’t worth three pieces of cash). These things are worthless.
Lí khòaⁿ chit ê chha-put-to ta̍k kúi ê chîⁿ? (ū lōa chē ê kè-ta̍t?),,你看這個差不多值多少錢？,What do you think this is worth?
kè-ta̍t,kè-ta̍t,價值,price | value
ū kè-ta̍t,ū kè-ta̍t,有價值,is worth something | has some value
chin ū kè-ta̍t,tsin ū kè-ta̍t,很有價值,very valuable
bô kè-ta̍t,bô kè-ta̍t,沒有價值,worthless
tau,tau,宅 | 家,home (used only with Pl. pronouns)
goán tau | gún tau,guán tau | gún tau,我的家 | 們的家,my or our home
lín tau,lín tau,你的家 | 們的家,your home
tāu-á,tāu-á,豆,beans | soybeans
tāu-iû,tāu-iû,醬油,soya sauce
thô͘-tāu,thôo-tāu,花生豆 | 花生米,peanuts
tāu-hū,tāu-hū,豆腐,wet bean curd
tāu-koaⁿ,tāu-kuann,豆腐干,dried bean curd
tàu | tà,tàu | tà,罩 | 蓋 | 遮蔽,a cover | a sort of veil
báng-tàu | báng-tà,báng-tàu | báng-tà,蚊帳,a mosquito net
teng-hóe-tàu,ting-hué-tàu,燈罩,a lamp shade
tàu,tàu,午,the middle of the day
goeh tàu-á,gueh tàu-á,將近中午,from about 10:00 to 11:30
tiong-tàu,tiong-tàu,中午,exactly noon
e-tàu,e-tàu,下午,afternoon | from about 12:00 to 2:00 o'clock
tàu,tàu,幫忙 | 套上,to help | to put together
Góa ê siu-im-ki tàu hó--bōe?,,我的收音機裝配好了嗎？,Did you assemble my radio yet?
tàu-kha-chhiú,tàu-kha-tshiú,幫忙,to lend a hand
tâu-phiò,tâu-phiò,投票,voting | to vote
Góa boeh lâi-khì tâu-phiò.,,我要去投票,I am going to vote.
Chit hāng tāi-chì ēng tâu-phiò lâi koat-tēng hó--bô?,,這件事情用投票來決定好不好？,"Let’s put this up to a vote, what do you say?"
tâu-hâng,tâu-hâng,投降,surrender (N.V.)
Ji̍t-pún bô tiâu-kiāⁿ tâu-hâng Liân-ha̍p-kok.,,日本無條件向聯合國投降,Japan surrendered unconditionally to the United Nations.
táu,táu,斗,a peck
tê,tê,茶,tea
tê-koàn | tê-pân,tê-kuàn | tê-pân,茶瓶,a teapot
Kōaⁿ tê-koàn lâi. (o̤ Tê-koàn kōaⁿ--lâi.),,拿茶瓶來,Bring the teapot.
Tê-koàn kōaⁿ lâi chia.,,茶瓶拿來這裡,Bring the teapot here.
tê kó͘,tê kóo,茶壺,kettle
tê-bí,tê-bí,茶葉,tea leaves
tê-pôaⁿ,tê-puânn,茶盆,tea tray
tê-poe | tê-au,tê-pue | tê-au,茶杯,teacup
chi̍t poe tê | chi̍t au tê,tsi̍t pue tê | tsi̍t au tê,一杯茶,a cup of tea
tē,tē,地,ground | earth
tē-kiû,tē-kiû,地球,the earth | the globe
tē-tāng,tē-tāng,地震,an earthquake
tē-ga̍k | tē-ge̍k,tē-ga̍k | tē-gi̍k,地獄,hell
tē-chian,tē-tsian,地氈,a carpet
té,té,短,short
tn̂g-té,tn̂g-té,長短,shortcoming | faults
Kóng lâng ê tn̂g-té.,,說別人的長短,To talk about people’s faults.
té-khò͘,té-khòo,短褲,shorts | short pants
tè,tè,塊,Cl. for tables | chairs | a slice
Chi̍t tè mī-pau (pháng).,,一塊麵包,A slice of bread.
Chi̍t tè piáⁿ.,,一塊餅,A slice of cake or a whole cracker or cookie or cake.
tē-kúi,tē-kuí,第幾？,What number in a series
"Lín ê hiaⁿ-tī, lí pâi tē-kúi?",,你們兄弟中，你排第幾？,Where do you stand in your family?
tē it,tē it,第一,the first
tē-it hó,tē-it hó,最好,the best
tē-it tiám-cheng,tē-it tiám-tsing,第一節 | 第一堂,the first class
tê-kho͘ | soat-bûn,tê-khoo | suat-bûn,香皂 | 肥皂,soap
tē,tē,袋,a bag | a sack | to put
Lí ê tē-á tē sím-mih?,,你的口袋裝什麼東西？,What is in your pocket?
saⁿ-á-tē,sann-á-tē,衣袋,pocket
khò͘-tē-á,khòo-tē-á,褲袋,pants pocket
tē-lí,tē-lí,地理,geography
tê-ba̍k | tê-bo̍k,tê-ba̍k | tê-bo̍k,題目,subject of sermon or discussion | questions in exam
Káng-ián ê tê-ba̍k lóng tio̍h-ài tah--chhut-lâi.,,演講的題目都要貼出來,The subjects of the public discussions (discourse) should all be pasted up.
tē-hū,tē-hū,弟婦,wife of little brother
teh,teh,在,"""[ing]"" | progressive present or past of verb"
Góa teh siūⁿ.,,我在想,I am thinking.
teh-boeh,teh-bueh,,about to
Sîn-hū chím-má teh khùn.,,神父現在在睡,Father is sleeping.
Teh boeh khì.,,剛要去,About to go.
Teh boeh sí.,,快要死,At the point of death.
Teh boeh chia̍h-pn̄g.,,剛要吃飯,Just ready to eat.
Teh boeh kàu.,,快要到,About to arrive.
Sèng-tàn-chiat teh boeh kàu--à.,,聖誕節快要到了,Christmas is just about here.
teh,teh,壓,to press down
"Hong chin thàu, hiah ê chóa ài the̍h chi̍t ê mi̍h lâi teh--leh.",,風很大，要拿一個東西來壓住,"The wind is very strong, put something on top of those papers to hold them down."
"Hit keng chhù tó--lo̍h-lâi ê sî, teh sí chin chē lâng.",,那間房子塌下來時，壓死很多人,"When that house fell down, many people were crushed to death."
tek,tik,竹,bamboo
chi̍t ki tek-á,tsi̍t ki tik-á,一枝竹,a stick of bamboo
chi̍t ki tek-ko,tsi̍t ki tik-ko,一枝竹竿,a bamboo pole
tek-sún,tik-sún,竹筍,bamboo shoots
tek-khak,tik-khak,的確,certainly | definitely
tek-chōe | tek-sit,tik-tsuē | tik-sit,得罪,to offend
"Lí nā tek-chōe tio̍h hit ê lâng, lí ē chò bô tāi-chì.",,你若得罪了那個人，你會做不到事情,"If you offend that person, you won’t get anywhere. (You will not be able to do much.)"
te̍k-pia̍t,ti̍k-pia̍t,特別,especially
te̍k-pia̍t ê,ti̍k-pia̍t ê,特別的,special
te̍k-pia̍t chù-ì,ti̍k-pia̍t tsù-ì,特別注意,to pay special
tek-hēng,tik-hīng,德性,virtue
tek-kok,tik-kok,德國,Germany
tek-kok-ōe,tik-kok-uē,德國話,German
tēng,tīng,硬,hard
téng,tíng,頂 | 上面,on top of
tī chhù téng,tī tshù tíng,在屋上,on the roof
tī lâu-téng,tī lâu-tíng,在樓上,upstairs
téng-bīn,tíng-bīn,上面,the top | the upper part
téng,tíng,上,last | previous
téng-pái,tíng-pái,上次,the last time
téng lé-pài,tíng lé-pài,上個禮拜,last week
téng kó͘-goe̍h,tíng kóo-gue̍h,上個月,last month
téng-po͘,tíng-poo,上午,forenoon
tèng,tìng,釘,to nail
Iâ-so͘ hō͘ lâng tèng tòa si̍p-jī-kè.,,耶穌被人釘在十字架上,Jesus was nailed to the cross.
teng-á,ting-á,鐵釘,nails
Siuⁿ-á kòa ēng teng-á tèng-- khí-lâi.,,箱子蓋用釘子釘起來,Nail the lid down on the box.
lō͘-si-teng,lōo-si-ting,螺絲釘,a screw
téng,tíng,秤 | 稱,to weigh
téng-á,tíng-á,秤小,a very small scale
Ēng téng-á téng io̍h-á.,,用小秤稱藥,To weigh medicines with a very small scale.
teng-á,ting-á,燈 | 灯,a lamp
lō͘-teng,lōo-ting,路燈,a street lamp
teng-tâi,ting-tâi,燈臺,a lighthouse
Hok-im sī jîn-seng ê teng-tâi.,,福音是人生的燈台,The gospel is a lighthouse for human actions.
teng-hóe koán-chè,ting-hué kuán-tsè,燈火管制,black-out | lighting restriction
teng-kì,ting-kì,登記,to register | to make an entry | registration
Lí chhōa sin lâi ê sîn-hū khì kèng-chhat-kio̍k teng-kì.,,你帶新來的神父到警察局登記,You take the new priests to the police station to be registered.
Nā boeh chham-ka pí-sài kàu ē-po͘ tio̍h khì teng-kì.,,如果要參加比賽，下午得去登記,If you want to participate in the tournament you must go by this afternoon and register (enter your name).
tēng-hun,tīng-hun,訂婚,to betroth | to be engaged
Tân--sian-siⁿ ê kong-chú bîn-á-chài boeh tēng-hun.,,陳先生的公子明天要訂婚,Mr. Tan’s son will be engaged tomorrow.
tēng-kè,tīng-kè,定價,a fixed price
Goán chia lóng chiàu tēng-kè (teh bē).,,我們這裡都照定價（賣）,We sell here according to fixed prices.
téng-téng,tíng-tíng,等等,etc. and so forth
"Góa khì bé khí-bín, khí-ko, bīn-kin, soat-bûn téng-téng.",,我去買牙刷，牙膏，面巾（毛巾）肥皂等等,"I went and bought a toothbrush, some tooth paste, a towel, soap and so forth."
thài,thài,太,very | exceedingly
thài tōa,thài tuā,太大,extremely big or too big
thài-sè,thài-sè,太小,extremely small or to small
thài-chá,thài-tsá,太早,very early or earlier than is necessary
thài-òaⁿ,thài-uànn,太晚,extremely late or too late
thài-thài,thài-thài,太太,wife | madame
thâi,thâi,殺,to slaughter | to cancel
"Ū lâng ēng to thâi lâng, ū lâng ēng chhùi thâi lâng.",,有人用刀殺人，有人一口殺人（殺人不見血）,"Some kill with a sword, others use their mouth."
"Chit kù bô ài, kā thâi--khí-lâi.",,這一句不要，把它勾掉,"This word (or phrase or sentence) is not wanted, cancei it out."
thâi--sí,thâi--sí,殺死,to kill
thâi ke chhiáⁿ lâng-kheh,thâi ke tshiánn lâng-kheh,殺雞請客,Kill chickens and invite guests. (to have a party)
thâi ti--ê,thâi ti--ê,屠夫,a butcher
thâi ah,thâi ah,殺鴨,to kill ducks
thâi ông-lâi,thâi ông-lâi,切鳳梨,to cut up a pineapple
thâi si-koe,thâi si-kue,切西瓜,to cut up a watermelon
thâi iū-á,thâi iū-á,削柚子,to cut open a pomelo
thâi-thâu,thâi-thâu,砍頭 | 改職,to cut off the head | to discharge
thai,thai,篩 | 分,to sift (with a sieve)
Mī-hún tio̍h kòe thai chiah thang ēng.,,麵粉須篩過後才可以用,The flour must be sifted before it can be used.
thai-á,thai-á,篩,a sieve
thài-kok,thài-kok,泰國,Thailand.
tha̍k,tha̍k,讀,to study
tha̍k-chheh,tha̍k-tsheh,讀書,to study
chin pháiⁿ tha̍k,tsin pháinn tha̍k,很難讀,very difficult to study.
tha̍k tō-lí | o̍h tō-lí,tha̍k tō-lí | o̍h tō-lí,道理學,to study the doctrine
tha̍k hō͘ se̍k,tha̍k hōo si̍k,讀熟,to memorize
Ta̍k khò ê sin-gī tio̍h tha̍k hō͘ se̍k.,,每一課的新字要讀熟,you Must memorize the vocabulary of each lesson.
tha̍k-khí,tha̍k-khí,讀起 | 上課,to start school | to begin to read or study.
Lín chái-khí-sî kúi tiám-cheng tha̍k khí?,,你們早上幾點開始讀（上課）？,At what time do you start school in the morning?
Tùi tē kúi khò tha̍k khí?,,從第幾課讀起？,What lesson shell we start from?
tha̍k-soah,tha̍k-suah,下課,to end a class | to stop studying
"Lán chit-má tha̍k soah, boeh lâi hioh-khùn.",,我們現在下課了，要休息一下,"Let’s stop studying now, and take a rest."
Chi̍t tiám-cheng tang-sî ē soah?,,這一節什麼時候能下課？,When is the class over?
tha̍k ē lâi,tha̍k ē lâi,讀得來,can understand
Eng-gí ê sèng-keng lí tha̍k ē lâi--bē?,,英文的聖經你讀得來嗎？,Can you understand the English Bible (scriptures)?
tha̍k bē lâi,tha̍k bē lâi,讀不來,cannot inderstand
tha̍k ē khì,tha̍k ē khì,能讀完 | 讀得下,can study it all
tha̍k bē khì,tha̍k bē khì,讀不下,cannot study it all
"Chit pún chheh chiah tōa pún, eng-àm mài khùn iā tha̍k bē khì.",,這一本這麼厚，今晚不睡覺也讀不完,"This book is so big, even if I did not go to bed tonight I could not finish it."
tha̍k chheh keng,tha̍k tsheh king,書房,a study hall
tham-tho,tham-tho,貪饕,gluttony
"Lí nā siūⁿ tham-tho, pak-tó͘ ē phòa--khì.",,你若過於貪饕，肚子會破,"If you are too greedy, your stomach will burst."
tham-sim,tham-sim,貪心,covetous
"Ū thang ēng tio̍h-hó, m̄-thang siuⁿ tham-sim.",,有東西可以用就好，不可過於貪心,"If you have a thing that can be used, you should be satisfied; don’t be too anxious to have something else."
thâm,thâm,痰,sputum | phlegm
Thâm m̄-thang sì-kè phùi.,,痰不可亂吐,Don’t spit all over the place.
thâm-koàn,thâm-kuàn,痰盂,a cuspidor
thàm,thàm,問候,to inquire after | visit
"Góa boeh thàm pēⁿ-lâng, lí kā góa bé chi̍t pé hoe.",,我要去看病人，你替我買一束花,"I am going to visit a sick person, buy a bunch of flowers for me."
thâm,thâm,潭,a lake
ji̍t-goa̍t thâm,ji̍t-gua̍t thâm,日月潭,Sun Moon Lake
thàn chîⁿ,thàn tsînn,賺錢,to earn or make money
thàn,thàn,趁,taking advantage of
thàn iáu ē kì--tit,thàn iáu ē kì--tit,趁我還記住 | 趁你還記住,before one forgets
thàn sio,thàn sio,趁熱,while it is hot
thàn i bô tī--leh,thàn i bô tī--leh,趁他不在,taking advantage of his absence
thàn ki-hōe,thàn ki-huē,趁機會,to take advantage of an opportunity
thán-á,thán-á,毛氈,a blanket
tháng,tháng,桶,a bucket
chi̍t tháng chúi,tsi̍t tháng tsuí,一桶水,a bucket of water
chi̍t tháng sio chúi,tsi̍t tháng sio tsuí,一桶熱水,a bucket of hot water
pûi tháng,puî tháng,肥桶,"a ""honey"" bucket"
sái tháng,sái tháng,糞桶,a bucket for dung
thang,thang,可以,"may | might | should (infinitive ""to"")"
Ū ūi thang chē--bô?,,有位子可以做嗎？沒有錢可以花,Is there a place to sit down?No money to spend.
Bô chîⁿ thang khai.,,我可以去嗎？,May I go?
Góa thang khì--bô?,,他們無話可說,They have nothing to say.
m̄-thang,m̄-thang,不可以,don't | should not
thang,thang,,
"Eng-àm boeh khah chá chiah, thang lâi-khì khòaⁿ tiān-iáⁿ.",,今天晚上要早一點吃，預備去看電影,I want to eat earlier this evening so that I can go to the movies.
Lí tio̍h-ài chin jia̍t-sim liām-keng thang tit-tio̍h Thian-chú ê sèng-thióng.,,你要很熱心唸經才可以得到天主的聖寵,You must pray fervently in order that you might receive God’s graces.
"Eng-àm boeh hông chhiáⁿ, góa boeh lâu pak-tó͘, eng-àm thang chia̍h chheⁿ-chhau.",,今天晚上要給人請（吃飯），我要留著肚子以便今晚吃盛宴,"I am being invited out tonight, I want to leave some room in my stomach so that I can eat the banquet tonight."
Góa boeh chin kut-la̍t o̍h Tâi-oân-ōe ; āu-lâi thang chin gâu ēng Tâi-oân-ōe kóng tō-lí.,,我要很勤勉學台灣話，以便日後很會用台灣話講道理,I will study Taiwanese very diligently so that later on I can preach well in Taiwanese.
"Góa eng-àm boeh khah chá khùn, bîn-á-chài-khí thang khah chá peh--khí-lâi.",,我今天晚上要早一點睡覺，明天早上可早一點起床,"I am going to bed early tonight, so that I can get up early tomorrow morning."
thâng,thâng,蟲,worm
thang-á,thang-á,窗戶,a window
thang-á-mn̂g,thang-á-mn̂g,窗,windows
that,that,踢,to kick
"Chit lia̍p kiû, lán lâi that khòaⁿ sím-mih lâng khah hn̄g.",,我們來踢這個球，看誰踢得遠,Let’s kick this ball and see who kicks it the farthest.
that-kiû,that-kiû,踢球,to kick a ball | football
that,that,塞 | 填,to fill (a hole) | to stop (a gap) | take up (space)
Koàn-á chhùi tio̍h-ài that--lè.,,瓶口要塞起來,You must cork the bottles.
that hīⁿ-khang,that hīnn-khang,塞耳孔,to stop up the ears | unwilling to listen
"Chá-tân nā lak--lo̍h-lâi ê sî, ài ēng chéng-thâu-á that hīⁿ-khang (o̤ hīⁿ-khang ài ēng chéng-thâu-á that--leh)",,炸彈落下來時，需用指頭塞住耳孔,"If a bomp drops down, you must stop up your ears with your fingers."
that-lá,that-lá,瓶塞,a cork for a bottle
chiú that-lá,tsiú that-lá,酒瓶塞,a wine cork
thâu-khak,thâu-khak,頭,the head
tī thâu-khak-téng,tī thâu-khak-tíng,在頭上,on the head
tī thâu-khak ê téng-bīn,tī thâu-khak ê tíng-bīn,在頭上,over (above) one's head
thâu-náu,thâu-náu,頭腦,brains
bô thâu-náu,bô thâu-náu,笨,stupid
thâu-mô͘,thâu-môo,頭髮,hair
thâu-mô͘ iû,thâu-môo iû,頭髮油,hair ointment
thâu-chêng,thâu-tsîng,前面,the front (lit. in front of one's head)
"Thâu-chêng chèng-hoe, āu-bīn chèng kóe-chí.",,前面種花，後面種果實,"In the front plant flowers, in the rear plant fruit trees."
bīn thâu-chêng,bīn thâu-tsîng,面前,in front of a person
thâu-hia̍h,thâu-hia̍h,額頭,forehead
"Lí ê thâu-hia̍h sio-sio, tāi-khài ū jia̍t.",,你的頭額有點熱，大概是發燒,"Your forehead is rather hot, you must have a fever."
thâu-tú-á | tú-chiàⁿ | tú-chiah,thâu-tú-á | tú-tsiànn | tú-tsiah,剛才 | 剛剛,just now | a little bit ago | just a moment ago.
"Sîn-hū, góa thâu-tú-á chhōe-lí bô.",,神父，我剛才找你不到,"Father, a moment ago I could not find you."
Góa tú-chiah lâi.,,我剛剛來,I just came a moment ago.
thàu-hong,thàu-hong,刮風,a strong wind blows
thau,thau,偷,secretly
thau chò hun,thau tsò hun,私製菸,to make cigarettes without a license
thau ìn gîn-phiò,thau ìn gîn-phiò,印偽幣,to make counterfeit money
thau-the̍h,thau-the̍h,偷取 | 偷竊,to steal
Tē chhit kài kìm-chí thau-the̍h lâng ê mi̍h.,,第七誡禁止偷盜別人的東西,The seventh commandment forbids us to steal people’s things.
thau-khòaⁿ,thau-khuànn,偷看,to peep
"Thau-khòaⁿ lâng ê phoe, thau-thiaⁿ lâng ê ōe sī chin sit-lé.",,偷看別人的信，偷聽人家的話是很沒有禮貌,"To secretly read other people’s mail or to secretly listen to other people’s conversations, is very impolite."
thau-thiaⁿ,thau-thiann,偷聽,to eavesdrop
"Thau-khòaⁿ lâng ê phoe, thau-thiaⁿ lâng ê ōe sī chin sit-lé.",,偷看別人的信，偷聽人家的話是很沒有禮貌,"To secretly read other people’s mail or to secretly listen to other people’s conversations, is very impolite."
thau-chia̍h,thau-tsia̍h,偷吃,to steal food | to eat in the sly
Lí teh thau-chia̍h sím-mih?,,你在偷吃什麼東西？,What are you eating on the sly?
thau-kóng,thau-kóng,偷偷地講,to talk behind people's back
M̄-thang thau kóng lâng ê pháiⁿ-ōe.,,不要講人家的壞話,Don’t talk about the faults of others behind their backs.
thau-khan,thau-khan,偷牽,to steal anything that is lead away. e.g. | bicycle | a horse | a cow etc.
I kā góa thau khan chi̍t tâi thih-bé; góa m̄ pàng i soah.,,他偷了我一輛自行車，我不放他過去,He stole my bike; I won’t let him go.
thâu,thâu,頭,the head | the first
Chi̍t pôaⁿ hî-á choân thâu.,,一盤魚都是頭,"Everybody wants to be the boss. (Lit. one dish of fish, all heads)."
koàn-thâu,kuàn-thâu,罐頭,a can (of canned goods)
thâu chi̍t ê,thâu tsi̍t ê,頭一個,the first one
thâu chi̍t pái,thâu tsi̍t pái,頭一次,the first time
thâu chi̍t hāng,thâu tsi̍t hāng,頭一件,the first point (in a discourse)
thâu chi̍t kù,thâu tsi̍t kù,頭一句,the first sentence
thâu chi̍t ji̍t,thâu tsi̍t ji̍t,頭一日,the first day
thâu tiám-cheng,thâu tiám-tsing,頭一節,the first period or class
thâu lâng,thâu lâng,長老 | 領袖,a leader
thâu-ke,thâu-ke,老闆,a master (of a house or shop) | an employer
thâu-ke-niû,thâu-ke-niû,老闆娘,master's or employer's wife
tháu,tháu,解開,untie | undo | unfasten | open
Chit ê kat lí tháu khòaⁿ ē khui--bē?,,這個結你能解開嗎？這包是什麼，解開看一看,See if you can untie this knot.
"Chit pau sī siáⁿ-hòe, tháu khí-lâi (o̤ tháu khui) khòaⁿ-bāi--leh.",,,"What’s in this package, open it and take a look."
thé-io̍k,thé-io̍k,體育,physical culture
Lí tùi thé-io̍k ū chhù-bī--bô?,,你對體育有興趣嗎？,Are you interested in physical culture?
thé-chhau,thé-tshau,體操,physical culture
thè,thè,替,in place of | (as a substitute) | for | in behalf of
Chit ê cha-bó͘-gín-á ē-hiáu thè in lāu-bú chí pn̄g.,,這個女孩子能替他的母親燒飯,This girl can cook in place of her mother.
thè-pō͘,thè-pōo,退步,fall backward | retrograde
"Nā bô chìn-pō͘, chiū sī thè-pō͘.",,若無進步就是退步,"Where there is no progress, there is retrogression."
thé-thiap | tông-chêng,thé-thiap | tông-tsîng,體貼,to sympathize
Lí chin gâu thé-thiap kan-khó͘-lâng.,,你很能體貼窮人,You always have pity on (sympathize with) those in misery.
thè-sek,thè-sik,褪色,to fade | faded
bē thè-sek,bē thè-sik,不褪色,it won't fade
thè īⁿ,thè īnn,退院,to leave the hospital
thè jia̍t,thè jia̍t,退熱,one's fever falls
Chit pau io̍h-á chia̍h liáu liâm-piⁿ ē thè-jia̍t (or jia̍t ē thè).,,這包藥吃了馬上就會退熱,"As soon as you have taken this package of medicine, your fever will go down."
the̍h,the̍h,拿 | 提 | 帶,to take up with the hands
the̍h--lâi,the̍h--lâi,拿來,to bring
the̍h--khì,the̍h--khì,拿去,to take
the̍h--chhut--khì,the̍h--tshut--khì,拿出去,take it out
the̍h--chhut--lâi,the̍h--tshut--lâi,拿出來,bring it out
the̍h--tńg-lâi,the̍h--tńg-lâi,拿回來,bring it back
the̍h--tńg-khì,the̍h--tńg-khì,拿回去,take it back
the̍h--ji̍p-lâi,the̍h--ji̍p-lâi,拿進來,take it in
the̍h--ji̍p-khì,the̍h--ji̍p-khì,拿進去,bring it in
the̍h--lo̍h-khì,the̍h--lo̍h-khì,拿下去,take it down
the̍h--lo̍h-lâi,the̍h--lo̍h-lâi,拿下來,bring it down
the̍h--khí-khì,the̍h--khí-khì,拿上去,take it down
the̍h--khí-lâi,the̍h--khí-lâi,拿起來,bring it up
the̍h,the̍h,,
āiⁿ,āinn,背,to carry on one's back
Góa āiⁿ chit ê gín-ná boeh lâi-khì hō͘ i-seng khòaⁿ.,,我背這個小孩子要去街上給醫生看,I am carrying this child to town to let the doctor take a look at him.
kōaⁿ,kuānn,提,to carry by a handle
Lí khì kōaⁿ chi̍t tháng chúi lâi ak hoe.,,你去提一桶水來澆花,Bring a bucket of water to water the flowers.
tòa,tuà,帶,to carry or bring along.
Lí seng-khu tòa lōa chē chîⁿ?,,你身上帶多少錢,How much money are you carrying on your person?
tē,tē,帶在袋裡 | 裝,to carry in one's pocket.
Chiah ê thn̂g-á tńg khì pun lín hiaⁿ-tī chí-mōe chia̍h.,,這些糖果帶回去分給你們兄弟姐妹吃,Put these candies in your pocket and take them back and divide them among your brothers and sisters (to eat).
phō,phō,抱,to carry a child in one's arms
"Chit ê gín-ná, góa phō-liáu chhiú chin sng, ōaⁿ lí phō chi̍t khùn.",,這個小孩子我抱得手很酸，換你抱一下,"I have carried this child until my arms are very sore, you take a turn in carrying him for a while."
taⁿ,tann,擔,to carry two loads on a pole over one's shoulder
Góa boeh taⁿ chhài lâi-khì chhài-chhī-á bē.,,我要擔菜到市場賣,I am going to carry some vegetables to market to sell.
nhoe̍h | nge̍h,nhue̍h | nge̍h,夾,to carry under one's arm
Góa ngoe̍h chi̍t pún chheh ngoe̍h kah phàng-kìⁿ-khì.,,我夾一本書夾得丟掉了,I was carrying a book under my arm and I lost it.
lám,lám,摟 | 抱,to take in one's arms
Lí khì lám chi̍t lám chhâ lâi hō͘ góa hiâⁿhóe.,,你去抱一捆柴來給我起火,Get an armful of wood for me to make a fire.
phâng,phâng,捧,to carry or bring with two hands as a dish
Lí khì phâng tê phâng piáⁿ lâi chhiáⁿ Sîn-hū.,,你去端茶和餅來請神父,Bring some tea and cakes and serve them to Father.
kng,kng,抬,to carry between two or more
"Hit ê lâng phòa-pīⁿ chin siong-tiōng, tio̍h-ài kng khì ji̍p-īⁿ.",,那個人病得很嚴重，要抬去入院,"That fellow is seriously sick, he must be carried to the hospital."
gia̍h,gia̍h,拿,"to carry with the hand anything that has the classifier ""[ki]"""
"Hit ê lâng chia̍h kàu peh cha̍p hòe, iáu m̄-bián gia̍h koái-á.",,那個人到了八十歲，還不用拿拐子,That fellow is eighty years old and he still does not need to use a cane.
giâ,giâ,夯,to carry a large bulky thing (as a chair) | sometimes also resting on the shoulder.
"Boeh peh soaⁿ ê sî, hêng-lí ēng giâ ê pí ēng taⁿ ê khah hó peh.",,要爬山的時候，行李用夯的比用擔的容易爬,"In climbing up a mountain, it is easier climbing if one carries his baggage over his shoulder than if he carries it on a pole."
phāiⁿ,phāinn,背,to carry something on the back of the shoulder
Ha̍k-seng chi̍t ê phāiⁿ chi̍t pau chheh-pau khì ha̍k-hāu tha̍k-chheh.,,學生一個人背着一個書包去學校念書,Each student is going to school with a school-bag over his shoulder.
hiaⁿh,hiannh,帶 | 拿,to carry clothes | blankets | quilts | or a mosquito net
"Kin-ná-ji̍t chin kôaⁿ, góa hiaⁿh chit niá saⁿ boeh lâi hō͘ lí chhēng.",,今天很冷，我帶一件衣服來給你穿,"It is very cold today, I am carrying this coat for you to wear."
lia̍h,lia̍h,捉,"to catch | to seize | often translated into English by simply ""Bring"" or ""Take"""
"Sîn-hū, góa lia̍h chi̍t chiah káu-á-kiáⁿ boeh lâi hō͘ lí chhī.",,神父，我帶一隻小狗來給你養,Father I brought a puppy for you to raise.
chhōa,tshuā,導,to lead | to take some one somewhere
"Lí nā m̄ chai lō͘, góa chhōa lí lâi khì.",,你假如不知路，我帶你去,"If you don’t know the way, I’ll take you."
chài,tsài,載,to take some on a bicycle or motorcycle
"Lí nā boeh khì, góa ēng o͘-tho͘-bái kā lí chài-lâi-khì.",,你若要去，我用機器腳踏車載你去吧,"If you want to go, I’ll take you on the motorcycle."
khan,khan,牽,to take some one by the hand
Goán-pha-phà ta̍k chái-khí khan góa khì kong-hn̂g sàm-pō͘.,,我的爸爸每天早上牽我的手到公園散步,My papa takes me for a stroll in the park every morning.
chhia,tshia,載,to take by truck
Chiah ê gû-leng-hún boeh chhia-lâi-khì Oân-lîm ê sèng-tn̂g.,,這些奶粉要載到員林的聖堂,We want to take this milk powder by truck to Oan Lim.
thoa,thua,拖,to bring by dragging or pulling
Hit kha khang siuⁿ-á kā góa thoa lâi chia.,,把那個空箱子拖到這裡來,Bring that empty box here.
thèng-hāu,thìng-hāu,等候,to wait 18
Lí m̄-thang hō͘ i thèng-hāu siuⁿ kú.,,你不可給她等得太久,Don’t let him wait too long.
thêng,thîng,停,to stop (as car or work)
"In-ūi phòa-pīⁿ, thêng chin kú bô chò kang.",,因為病，停很久沒做工,"Because I was sick, I rested (stopped) for a long time and did not work."
khah-thêng-á,khah-thîng-á,再一會兒,in a few moments | in a little while
I khah thêng-á ē kàu chia.,,他再一會兒會到這裡,He will be here in a few moments.
thêng-chhia,thîng-tshia,停車,stop the car
thêng-kang,thîng-kang,停工,to stop working
thêng-tiān,thîng-tiān,停電,turning off of electric current
"Lé-pài-ji̍t, siông-siông ū thêng-tiān.",,禮拜天，常常停電,The electricity is always turned off on Sunday.
thî,thî,啼,"to crow (as cock, only) | to sob"
ke thî,ke thî,公雞啼,the cock crows
thî-khàu,thî-khàu,啼哭,to bewail with sobs and cries
thì,thì,剃,to shave (only hair on head)
Lí boeh thì sím-mih hêng?,,你要剪什麼髮式,What kind of haircut do you want?
thì-thâu,thì-thâu,理髮,to shave one's head | to cut hair
Góa boeh thì thâu.,,我要剃頭,I want to get a haircut.
thì-thâu sai-hū,thì-thâu sai-hū,理髮師,a barber
thì-thâu tiàm,thì-thâu tiàm,理髮店,a barber shop
thì,thì,,
Chian thâu-chang (or thau-mô͘),,剪頭髮,To cut hair or to have one’s hair.
thí,thí,展開,to open eyes or umbrella | to spread out as a fan
"Ba̍k-chiu ài thí-khui (or peh-khui), m̄-thang kheh-lè.",,眼睛要展開，不要合著,"You should open your eyes, don’t close them."
"Hō͘-sòaⁿ nā lo̍h-hō͘ chiah thí-khui, nā bô hō͘ ài ha̍p-lè.",,雨傘在下雨的時候才展開，若沒有雨要合著,"Open your umbrella only if it’s raining, if it is not raining close it."
thiⁿ,thinn,天 | 天空 | 天氣,Heaven | sky | weather
thhiⁿ-tē,thhinn-tē,天地,heaven and earth
tī thiⁿ-téng,tī thinn-tíng,在天空,in the sky
thiⁿ téng tē ē,thinn tíng tē ē,天上地下,heaven above | earth below | the universe
thiⁿ-khì,thinn-khì,天氣,weather
hó thiⁿ,hó thinn,好天氣,fine weather
pháiⁿ thiⁿ,pháinn thinn,壞天氣,rotten weather
thiⁿ kng,thinn kng,天亮,dawn
thiⁿ iáu bōe kng,thinn iáu buē kng,天還沒有亮,before dawn
Thiⁿ (iáu) bōe kng I siông-siông peh-khì-lâi liām-keng.,,天還沒有亮他常常起來念經,He usually gets up before dawn and prays.
thīⁿ,thīnn,縫,to sew
"Góa ê saⁿ lak chi̍t lia̍p liú-á, chhiáⁿ lí kā góa thīⁿ.",,我的衣服掉了一個鈕扣，請你替我縫起來,"A button came off my shirt, please sew it on for me."
thiⁿ | ke-thiⁿ,thinn | ke-thinn,添 | 加添,to add | to add to
"Sîn-hū m̄-thang sè-jī, góa ke kā lí thiⁿ chi̍t óaⁿ pn̄g.",,請神父不要客氣，我替你再添一碗飯,"Father don’t do be so formal, I’ll fill your rice bowl again."
thiàⁿ,thiànn,痛 | 疼愛,to be in pain | to love
Thian-chú chin thiàⁿ sè-kan-lâng.,,天主很愛世人,God loves the people in the world.
Sè-kan-lâng tio̍h-ài ài Thian-chú.,,世人應愛天主,People in the world must love God.
Pē-bú chin thiàⁿ kiáⁿ.,,父母很愛他的子女,Parents love their children very much.
Kiáⁿ chin ài pē-bú.,,子女很愛他的父母,Children love their parents very much.
Pún-tn̂g ê sîn-hū chin thiàⁿ kàu-iú.,,本堂的神父很愛教友,The pastor loves the Catholics very much.
Kàu-iú chin ài sîn-hū.,,教友很愛神父,The Christians really love the priest.
tit-lâng-thiàⁿ,tit-lâng-thiànn,受人疼愛,amiable | beloved (Lit. gets people's love).
Khah koai ê gín-á long khah tit-lâng-thiàⁿ.,,乖的孩子比較得人家的喜愛,A rather well behaved child always wins people’s love.
thiaⁿ,thiann,聽,to listen | to hear | to let a man have his way | to listen to | to take advice
thiaⁿ ū,thiann ū,聽懂,to understand
thiaⁿ bô,thiann bô,聽不懂,not to understand
hó thiaⁿ,hó thiann,好聽,pleasant to hear
Chit tiâu koa chin hó thiaⁿ.,,這支歌很好聽,This is a very beautiful song.
pháiⁿ thiaⁿ,pháinn thiann,不好聽,unpleasant to hear
kóng hō͘ i thiaⁿ,kóng hōo i thiann,講給他聽,tell me (speak that he may hear)
góa kóng hō͘ lí thiaⁿ,guá kóng hōo lí thiann,我講給你聽,listen to me!
ài thiaⁿ,ài thiann,喜歡聽,to wish to hear | to like to listen to
Góa chin ài thiaⁿ siu-im-ki.,,我很喜歡聽收音機,I like to listen to the radio very much.
thiaⁿ góa ê chhùi,thiann guá ê tshuì,聽我的話,listen to my advice!
khah thiaⁿ chhùi--leh,khah thiann tshuì--leh,聽話一點,be more obedient!
thiaⁿ ōe | thiaⁿ chhùi,thiann uē | thiann tshuì,聽話,to obey | to submit to | to be doclie
"Gín-ná nā bô thiaⁿ pē-bú ê ōe, khah gâu iā bē ēng-tit kóng sī hó gín-ná.",,孩子如果不聽父母的話，再好也不能稱為好孩子,"If children don’t obey their parents no matter how smart they are, they cannot be called good children."
thiaⁿ bēng,thiann bīng,聽命,to obey | to submit to | to be doclie
Kàu-iú kap thoân-kàu sian-siⁿ lóng tio̍h-ài thiaⁿ Sîn-hū ê bēng.,,教友和傳教先生都要聽神父的命令,Both the Christians and the catechists must obey the priest.
thiaⁿ ū,thiann ū,聽懂,to understand
"Lí nā chin-chhiūⁿ án-ni kóng, góa chiū thiaⁿ-ū.",,你如果這樣說，我就聽得懂,"When you talk that way, I can understand you."
thiaⁿ bô,thiann bô,聽不懂,not to understand
"I kóng siuⁿ sè siaⁿ koh siuⁿ kín, góa thiaⁿ lóng bô.",,他說得太小聲，我一點都聽不懂,"He talks too fast and too softly, I can’t understand him at all."
thiaⁿ-kìⁿ,thiann-kìnn,聽見,to hear (Lit. to perceive by listening) | can hear.
"Lí ū thiaⁿ-kìⁿ bô thiaⁿ-kìⁿ, tio̍h-ài si̍t-chāi kóng.",,你有聽見沒有聽見，要老實說,You should truthfully say whether you can hear or not. (Said by a speaker in a large hall).
m̄ thiaⁿ,m̄ thiann,不聽,will not listen | will not obey | will not take advice
"Khah án-chóaⁿ kiò (Koh khah kiò) (Khah kiò) I m̄-thang poa̍h-kiáu, i lóng m̄ thiaⁿ.",,再怎樣叫他不要賭博，他都不聽,"You can tell him, as much as you want, not to gamble, but he won’t listen to you at all."
bē hiáu thiaⁿ,bē hiáu thiann,不會聽,not able to understand
"Lí kóng ê ōe kî-kî-koài-koài, góa bē hiáu thiaⁿ.",,你講的話奇奇怪怪，我不會聽,"Your language is very strange, I can’t understand (it) you."
thiaⁿ bē hiáu,thiann bē hiáu,聽不懂,to hear | but unable to make out the meaning.
"I ê hoat-im bô chiàⁿ, góa thiaⁿ bē-hiáu.",,他的發音不正，我聽不懂,"His pronunciation is not correct, I don’t get what he is saying."
thiaⁿ ē tio̍h,thiann ē tio̍h,聽得到,to hear and to be able to catch what is being said | to have a chance to hear | to get to hear
Āu-bīn ê lâng thiaⁿ ē tio̍h bē?,,後面的人能聽到嗎？,Can the people in the rear hear what is being said. (What I am saying.)
thiaⁿ bē tio̍h,thiann bē tio̍h,聽不到,to hear but not to be able to catch what is being said | to miss hearing either because of distance or some obstruction | not to have a chance to hear | not to get to hear.
"Āu-bīn (nā) thiaⁿ bē tio̍h ê lâng, chhiáⁿ lín lâi chē thâu-chêng.",,後面聽不到的人，請你們來坐前面,"If the people in the rear can’t hear what is said, please sit up front."
thiaⁿ m̄ tio̍h,thiann m̄ tio̍h,聽錯,to hear incorrectly
"Lí thiaⁿ m̄ tio̍h, góa kiò lí bé tī, lí khì bé chi̍t chiah ti lâi.",,你聽錯了，我叫你買筷子，你去買一隻豬,"You heard me wrong, I told you to buy chopsticks, you went and bought a pig."
thiaⁿ bē chheng-chhó,thiann bē tshing-tshó,聽不清楚,Not to understand clearly | not to be able to hear clearly
"Sîn-hū nā ēng Eng-gí kóng tō-lí, góa chiū thiaⁿ bē chheng-chhó.",,神父如果用英語講道理，我就聽不清楚,"If Father preaches in English, I can’t (hear) understand him clearly. (Because I know very little English)."
thiaⁿ bô chheng-chhó,thiann bô tshing-tshó,沒聽清楚,Did not hear clearly
"Góa tú-tú the tok-(tuh) ku, só͘-í I kóng ê ōe góa thiaⁿ bô chheng-chhó.",,我剛剛在打盹，所以他講的話我沒聽清楚,"I was just nodding, so I did not hear clearly what he said."
thiaⁿ,thiann,,
Góa m̄ bat thiaⁿ-kìⁿ lâng án-ni kóng.,,我不曾聽見人家這樣講,I have never heard any one talk that way.
thiaⁿ bô chin | thiaⁿ bô siông-sè,thiann bô tsin | thiann bô siông-sè,聽不詳細,to make a mistake in hearing | to hear inexactly
"Góa m̄-sī kóng án-ni, lí thiaⁿ bô chin (bô siông-sè).",,我不是這麼說，你聽得不仔細,"I didn’t say that, you didn’t hear rightly."
hō͘ góa thiaⁿ-tio̍h,hōo guá thiann-tio̍h,被我聽到,overheard by me (I got to hear)
"Lín teh kóng góa ê pháiⁿ-ōe, hō͘ góa thiaⁿ-tio̍h.",,你們在說我的壞話，被我聽到,I overheard you talk about my faults.
góa ū thiaⁿ-kìⁿ lâng kóng,guá ū thiann-kìnn lâng kóng,我有聽人家說過,I heard some one say | I heard that...
bô thiaⁿ-kìⁿ,bô thiann-kìnn,沒有聽見,not to be able to hear | or did not hear
Hit lâng tāi-chì góa lóng bô thiaⁿ-kìⁿ,,那一件事情我都沒聽人家說過,I have not heard people talk about that.
chhàu-hīⁿ-lâng bô thiaⁿ-kìⁿ,tshàu-hīnn-lâng bô thiann-kìnn,聾子聽不到,a deaf man cannot hear (Lit. does not hear).
thiaⁿ,thiann,廳,large public room
tōa-thiaⁿ,tuā-thiann,正廳,the large central hall of a house
chia̍h pn̄g thiaⁿ,tsia̍h pn̄g thiann,飯廳,dining hall
lâng-kheh thiaⁿ,lâng-kheh thiann,客廳,guest hall
thiah-phòa,thiah-phuà,撕破,"to tear (paper, clothes)"
"Góa ê gín-ná kap lâng sio-phah, chi̍t niá saⁿ thiah-phòa liáu-liáu.",,我的孩子和人打架，一件衣服撕破的很利害,"My boy was fighting with people, he tore a shirt all to pieces."
thiah-khui | lì--khui,thiah-khui | lì--khui,撕開,to open by tearing (envelope)
"Chit tiuⁿ phoe, sím-mih lâng kā góa thiah-khui.",,我這封信，誰把它撕開,Who tore open this better of mine.
thiám,thiám,累 | 疲勞,to be tired | worn out | fatigued
"Góa lâng chin thiám, khùn kah m̄-chai-iáⁿ thang chhíⁿ.",,我身體很疲倦，睡得不知道醒來,"I was all fatigued, I slept so long that I did not know when it was time to get up."
thian-chú,thian-tsú,天主,God
Jīn bat Thian-chú.,,認識天主,To recognize that there is a God.
Thian-chú pó-iū.,,天主保佑,God Bless You!
Sī Thian-chú ê an-pâi.,,是天主的安排,It’s God’s plan.
thian-chú-keng,thian-tsú-king,天主經,"the ""Our Father"""
thian-chú sèng-hū,thian-tsú sìng-hū,天主聖父,God the Father
thain-chú sèng-chú,thain-tsú sìng-tsú,天主聖子,God the Son
thian-chú sèng-sîn,thian-tsú sìng-sîn,天主聖神,Sod the Holy Ghost
thian-chú-kàu,thian-tsú-kàu,天主教,Catholic religion
thian-chú-kong-kàu,thian-tsú-kong-kàu,天主公教,Universal (Catholic) religion
thian-chú kàu-tn̂g,thian-tsú kàu-tn̂g,天主教堂,Catholic Mission
thian-sîn | thiⁿ-sài,thian-sîn | thinn-sài,天神 | 天使,an angel
thian-tông,thian-tông,天堂,Heaven
seng thian-tông,sing thian-tông,升天堂,to go to Heaven
thian-châi,thian-tsâi,天才,a genius | to have a genius for | natural ability.
I sī hoat-bêng ê thian-châi.,,他是發明的天才,He is a genius for inventions.
Gí-ha̍k ê thian-châi.,,語學的天才,A natural ability to acquire languages.
thian-jiân | chū-jiân,thian-jiân | tsū-jiân,天然,natural | spontaneous
"Ji̍t-goa̍t-thâm m̄ sī thian-jiân ê thâm, sī lâng chō ê.",,日月潭不是天然的潭，是人造的,"Sun Moon Lake is not a natural lake, it is artificial."
thian-jiân-sek,thian-jiân-sik,天然色,natural color
thian-jiân-sek ê siòng,thian-jiân-sik ê siòng,天然色的相片,a colored photograph
thian-jiân sek ê nńg phìⁿ,thian-jiân sik ê nńg phìnn,天然色的軟片,colored film
thian-hoa,thian-hua,天花,smallpox | variola
"Chím-má thian-hoa teh liû-hêng, tāi-ke tio̍h chèng-chu.",,現在流行著天花，大家要種痘,"There is now an epidemic of smallpox, everyone must be vaccinated."
thian-pông,thian-pông,天花板,ceiling
thiāu-á,thiāu-á,柱,a pillar | a pole
tiān-teng thiāu | tiān-hóe thiāu,tiān-ting thiāu | tiān-hué thiāu,電燈杆,lamp posts
tiān-ōe thiāu | tiān-sìn thiāu,tiān-uē thiāu | tiān-sìn thiāu,電話杆,telegraph poles
thiàu,thiàu,跳,to jump
"Lí nā hiah gâu thiàu, chhut-khì kap lâng pí-sài, hó là!",,你若那麼會跳，何不出去和人比賽呢！,"If you’re so good at jumping, go and get into a contest with others."
thiàu--khí-lâi,thiàu--khí-lâi,跳起來,to jump up
thiàu--lo̍h-khì,thiàu--lo̍h-khì,跳下去,to jump down
Lí tùi chhù-téng káⁿ thiàu-lo̍h-khì bô?,,你從屋頂敢跳下去嗎？,Do you dare jump down from the roof?
thiau--chhut--khì,thiau--tshut--khì,跳出去,to jump out
Tùi thang-á-mn̂g thiàu-chhu-khì.,,從窗上跳出去,To jump out the window.
thiàu--kòe--khì,thiàu--kuè--khì,跳過去,to jump over
Lí ē-tàng thiàu kòe chit tiâu soh-á (khì) bē?,,你能夠跳過這條繩子嗎？,Can you jump over this rope?
thiàu-bú,thiàu-bú,跳舞,to dance
Lán lâi-khì thiàu-bú.,,我們去跳舞,Let’s have a dance.
thiàu-chúi,thiàu-tsuí,跳水,to dive | to drown oneself
"Hit ê lâng bô chîⁿ thang i pīⁿ, só͘-í khì thiàu-chúi.",,那個人沒有錢治病，所以跳水自殺,"That fellow had no money to cure his disease, so he jumped in a river (committed suicide)."
thiau-kang | choan-kang,thiau-kang | tsuan-kang,特地,especially | to take the trouble to
"Siá phoe á-sī kiò tiān-ōe lâi hō͘ góa chiū hó, m̄-bián thiau-kang (choan-kang) lâi (kā góa kóng).",,寫信或者打電話給我就好了，不必專程來,"Write a letter or phone to me, you don’t need to make a special trip (to let me know)."
thiau ì-kò͘ | thiau-kò͘-ì | thiau-tî,thiau ì-kòo | thiau-kòo-ì | thiau-tî,故意,intentionally | purposely | on purpose
"Chin sit-lé, góa m̄ sī thiau-ì-kò͘ kā lí ta̍h-tio̍h ê.",,對不起，我不是故意踩你的,"I beg your pardon, I did not purposely step on you."
thiau-chiàn,thiau-tsiàn,挑戰,to challenge
"Lán cho͘-chit chi̍t tūi pang-kiû-tūi, lâi khì tùi kò͘-būn-thoân thiau-chiàn hó bô?",,我們組織一隊棒球隊，來向顧問團挑戰好嗎？,"Let’s organize a baseball team to challenge M.A.A.G., O.K.?"
thih,thih,鐵,iron
thih-lō͘,thih-lōo,鐵路 | 鐵道,railroad
thih-bé,thih-bé,腳踏車 | 自行車,a bicycle
khiâ thih-bé,khiâ thih-bé,騎腳踏車,to ride a bicycle
thih kiô,thih kiô,鐵橋,an iron bridge
thih-kńg,thih-kńg,鐵管,an iron pipe
thih-kang-chhiúⁿ | thih-kang-tiûⁿ,thih-kang-tshiúnn | thih-kang-tiûnn,鐵工廠,an iron works | iron factory
thîn,thîn,斟酌 | 倒,to help (one to wine) | to pour out (tea) gently
Thîn chi̍t poe tê chhiáⁿ lāu-su.,,倒一杯茶來請老師,Pour out a cup of tea and serve it to the professor.
Sîn-hū ū thin chi̍t poe gōa-kok chiú chhiáⁿ góa.,,神父倒了一杯洋酒請我,Father poured out a cup of foreign liquor and treated me.
ttit-thô | chhit-thô,ttit-thô | tshit-thô,玩耍,to play | recreate
"Nā ū-chîⁿ, Hiong-káng sī chin hó chhit-thô (thit-thô) ê só͘-chai.",,要是有錢，香港是頂好玩的地方,"If one has money, Hong Kong is a nice place to go for some enjoyment."
thn̂g,thn̂g,糖,sugar
thn̂g-á,thn̂g-á,糖果,candy
thn̂g-jiō-pīⁿ,thn̂g-jiō-pīnn,糖尿病,diabetes (Lit. sugar-urine-disease)
thng,thng,湯,soup
thng-sî-á,thng-sî-á,匙,a spoon
thn̄g | thn̄g-sio,thn̄g | thn̄g-sio,烘暖,"to heat again (as soup, food)"
"Chhài-thng siuⁿ léng, koh thn̄g khah sio lè.",,菜湯過冷，再把它烙暖,"The soup is too cold, heat it up again."
thǹg,thǹg,脫,"to take off (clothes, shoes)"
tǹg-saⁿ,tǹg-sann,脫衣,to take off clothes
thǹg ê,thǹg ê,脫鞋,to take off shoes
thǹg--tio̍h,thǹg--tio̍h,以開水燒傷,to be burnt by boiling water or soup | to be scalded
"Kún-chúi nā lim siuⁿ kín, ē thǹg-tio̍h.",,滾水若喝太快，會燒燙,"If you drink boiling water too fast, you will scald yourself (your mouth)."
thó,thó,討 | 要求,to request | demand | beg
Chit ê gín-ná chi̍t ji̍t thó kúi-nā pái chîⁿ.,,這個孩子一天討了好幾次錢,This kid begs for money several times a day.
thó-lūn,thó-lūn,討論,to discuss plans | to devise ways
"Lín thó-lūn liáu, kiat-kó boeh án-chóaⁿ chò?",,你們討論之後，結果要怎麼做？,"After you finished the discussion, what did you want to do as a result. (What did you decide to do ?)"
thó-siàu,thó-siàu,討債,to demand payment
thô-á,thô-á,桃子,a peach
thò-tòng,thò-tòng,妥當,safety | safe | fortunate
thò-tòng--lo̍h,thò-tòng--lo̍h,很幸虧,I've got it! I am sure of success.
bô thò-tòng,bô thò-tòng,危險,dangerous | not safe
thô͘-kha,thôo-kha,地板 | 地面,floor or ground
sàu thô͘-kha,sàu thôo-kha,掃地,to sweep the floor
thô͘-tāu,thôo-tāu,花生米,peanuts
thô͘-tāu-iû | hóe-iû,thôo-tāu-iû | hué-iû,花生油,peanut oil
thô͘-tāu thn̂g-á,thôo-tāu thn̂g-á,花生糖,peanut candy
thó͘-tī kong,thóo-tī kong,土地公,a pagan god | guardian of fields and crops
thô͘-hún,thôo-hún,塵埃,dust
thô͘-thòaⁿ,thôo-thuànn,煤炭,coal
thô͘-thòaⁿ sái,thôo-thuànn sái,燃屑 | 煤渣,cinders
thó͘-khùi | thó͘ tōa-khùi,thóo-khuì | thóo tuā-khuì,歎息,to sigh
"Lí teh thó͘ tōa-khùi, ū sím-mih hoân-ló ê tāi-chì, sī bô?",,你在歎惜，是否有什麼煩惱的事情？,"You are sighing, are you worrying about anything?"
thô͘-chúi sai-hū,thôo-tsuí sai-hū,泥水匠,a mason
thò͘-á,thòo-á,兔子,a rabbit
thò͘,thòo,吐,to vomit
Chái-khí kàu taⁿ thò͘ saⁿ pái.,,從早上到現在吐了三次,"One cow cannot pull (this load), we must use two cows."
boeh thò͘ boeh thò͘ | ài thò͘ ài thò͘,bueh thòo bueh thòo | ài thòo ài thòo,想吐,to feel nausea.
thoa,thua,拖,to pull (as a wagon)
Tâi-oân bô lūn sím-mih só͘-chai to ū thoaⁿ-hoàn.,,身體越鍜練越強壯,"The more you train the body, the stronger it gets."
thoa chhia-á,thua tshia-á,車伕,pedicab driver
thóaⁿ-chháu,thuánn-tsháu,除雜草 | 用鋤頭,to weed with a hoe
thòaⁿ,thuànn,炭,coal
thô͘-thòaⁿ,thôo-thuànn,煤,coal
hóe-thòaⁿ,hué-thuànn,木炭,charcoal
liān thòaⁿ,liān thuànn,煉炭,a round cylinder of coal
thoaⁿ-hoán,thuann-huán,攤販,a pedlar's stand | a street stall | a small stand where pedlars sell things
"Hùi-pīⁿ ē thoân-jiám, khah chù-ì lè.",,肺病會傳染，小心一點,"Tuberculosis is contagions, be careful."
thoah-á,thuah-á,抽屜,a drawer
tī thoah-á-lāi,tī thuah-á-lāi,在抽屜裡面,in the drawer
thoân-kàu,thuân-kàu,傳教,to evangelize | to do mission work
thoân-kàu kang-chok,thuân-kàu kang-tsok,傳教工作,mission work
thoân-kàu sian-siⁿ,thuân-kàu sian-sinn,傳教先生,catechist
thoân-tō ha̍k-hāu,thuân-tō ha̍k-hāu,傳到學校,catechist school
thoân-tō ha̍k-seng,thuân-tō ha̍k-sing,傳到學生,catechist students
thoàn-liān,thuàn-liān,鍛鍊,to cultivate | training
Thoân-soat kap le̍k-sú bô kāng-khoán.,,傳說和歷史不同,A legend is not the same as history.
thoân-jiám,thuân-jiám,傳染,to be infectious | to infect | contagious
Tâi-oân hō͘ Ji̍t-pún thóng-tī gō͘ cha̍p gōa nî.,,台灣給日本統治五十多年,Formosa was ruled over by the Japanese for over fifty years.
thoân-jiám pīⁿ,thuân-jiám pīnn,傳染病,an infectious or contagious disease
thoân-soat,thuân-suat,傳說,a tradition | a legend
Thoân-soat kap le̍k-sú bô kāng-khoán.,,傳說和歷史不同,A legend is not the same as history.
thok-jî-só͘,thok-jî-sóo,托兒所,a creche | a public nursery
thong-ha̍k-sneg,thong-ha̍k-sneg,通學生,day pupils
thóng-tī,thóng-tī,統治,to rule over (country or people)
Tâi-oân hō͘ Ji̍t-pún thóng-tī gō͘ cha̍p gōa nî.,,台灣給日本統治五十多年,Formosa was ruled over by the Japanese for over fifty years.
thóng-it,thóng-it,統一,to unify | to standardize to rule
Pak-hân kap Lâm-hân bē-tàng thóng-it.,,北韓和南韓不能統一,North and South Korea cannot be unified.
thong-ti,thong-ti,通知,to inform
"I tang-sî boeh khì Bí-kok, chhiáⁿ lí kā góa thong-ti lè.",,他何時要到美國去，請你給我通知一下,Please inform me when he is going to America.
thong-kòe,thong-kuè,通過,to pass an exam
Lí khó-chhì ū thong-kòe bô?,,你考試通過了嗎？,Did you pass your exam?
thong-e̍k,thong-i̍k,通譯,interpret | interpretation
"Góa siūⁿ boeh kap hit ê lâng kóng kúi kù á ōe, pài-thok lí kā góa (chò) thong-e̍k hó bô?",,我想要跟那個人講幾句話，請你給我（做）翻譯好不好？,"I should like to speak a few words with that lad, will you interpret for me?"
thong-sìn,thong-sìn,通信,correspondence | to correspond with
Hit ê pêng-iú góa chin kú m̄ bat kap i thong-sìn.,,那個朋友我很久沒有跟他通信,I have not corresponded with that friend for a long time.
thong-siong,thong-siong,通商,trade | commercial relations
Bí-kok bô kap Tiong-kiōng (or Tiong-kok kiōng-sán-tóng) thong-siong.,,美國沒有和中共通商,The United States does not trade with Communist China.
thong-kan,thong-kan,通姦,adultery | to commit adultery
thòng-hòe,thòng-huè,痛悔,to be contrite | contrition | to regret
thòng-hòe-keng,thòng-huè-king,痛悔經,the act of contrition
thòng-khó͘,thòng-khóo,痛苦,anguish | passion | musery | suffering
Chèng-hú tio̍h-ài chai-iáⁿ peh-sìⁿ ê thòng-khó͘.,,政府須了解老百姓的痛苦,The government must know the misery of the ordinary people.
thòng-hīn,thòng-hīn,痛恨,deeply regret
Góa teh thòng-hīn góa ê kòe-sit.,,我痛恨我的過失,I deeply regret my faults.
thuh,thuh,剷,to shovel up | to pick
"Ke-nn̄g nā chian hó, thuh chi̍t lia̍p hō͘ góa chia̍h.",,雞蛋若煎好，扒一個來給我吃,"When the eggs are fried, take one out with the spatula and give it to me to eat."
thuh chhùi-khí,thuh tshuì-khí,以牙籤除牙縫內之殘渣,to pick the teeth
Ēng chhùi-khí-thok thuh chhùi-khí.,,用牙籤剷牙齒,To pick the teeth with a toothpick.
thui | lâu-thui,thui | lâu-thui,梯 | 樓梯,a ladder | stairs
thúi | kha-thúi,thuí | kha-thuí,腿,the thigh
Gín-ná ài chia̍h ke-thúi.,,小孩子喜歡吃雞腿,Kids like to eat chicken legs.
ti thùi,ti thuì,豬腿,a ham
hóe-thúi,hué-thuí,火腿,a ham
thûi-á | kòng-thûi-á,thuî-á | kòng-thuî-á,槌,a hammer
thun,thun,吞,to swallow
thun--lo̍h-khì,thun--lo̍h-khì,吞下去,to swallow down
thun bē lo̍h-khì,thun bē lo̍h-khì,吞不下去,cannot swallow
thūn,thūn,填 | 埋,to fill (a blank or hole)
Chit ê hî-tî boeh thūn-khí-lâi khí chhù.,,這個魚池要把它填起來築房屋,This fish pond will be filled in to build a house.
thun-lún | jím-nāi,thun-lún | jím-nāi,忍耐,to endure
Sió-khóa tāi-chì tio̍h thun-lún chiah hó.,,些小的事情要能忍耐才好,"If it is a trivial affair, you must endure it (have patience)."
tī,tī,在,to be in or at | to be present
tī sèng-tn̂g lāi,tī sìng-tn̂g lāi,在聖堂內,in (inside) the church
tī snèg-tn̂g gōa,tī snèg-tn̂g guā,在聖堂外,outside the church
tī sèng-tn̂g piⁿ | tī sèng-tn̂g ê piⁿ-á,tī sìng-tn̂g pinn | tī sìng-tn̂g ê pinn-á,在聖堂邊,at the side of the church
tī sèng-tn̂g āu,tī sìng-tn̂g āu,在聖堂後面,behind the church
tī snèg-tn̂g chêng,tī snèg-tn̂g tsîng,在聖堂前面,in front of the church
tī sèng-tn̂g ê chhù-téng,tī sìng-tn̂g ê tshù-tíng,在聖堂的屋頂上,on the roof of the church
tī sèng-tm̂g kha,tī sìng-tm̂g kha,在聖堂的屋腳下,under the church
tī chia,tī tsia,在這裡,here | in this place
tī hia,tī hia,在那裡,there | in that place
ū tī--leh,ū tī--leh,在家裡,present | at home
bô tī--leh,bô tī--leh,不再,not present | not in | not at home
tī toh-kha,tī toh-kha,在桌下,undder the table
tī toh-téng,tī toh-tíng,在桌上,on the table
tī thô͘-kha,tī thôo-kha,在地上,on the ground | on the floor
tī-sî | tang-sî,tī-sî | tang-sî,何時,When?
ti,ti,豬,a pig
ti-bah,ti-bah,豬肉,pork
ti-koaⁿ,ti-kuann,豬肝,liver
ti-iû,ti-iû,豬油,lard
tī,tī,筷子 | 箸,chopsticks
ēng tī chia̍h pn̄g,īng tī tsia̍h pn̄g,用筷子吃飯,to eat with chopsticks
ti-tu,ti-tu,蜘蛛,a spider
ti-tu-si | ti-tu-be̍h-bāng,ti-tu-si | ti-tu-be̍h-bāng,蜘蛛網,cobwebs
"Ti-tu-si chin chē, tio̍h-ài keⁿ (kiⁿ)-khì-lâi.",,蜘蛛網很多，要把它弄清（拆除）,"There are many spider webs here, they must be cleared away."
tī,tī,痔,piles | hemorrhoids
"Góa tī teh thiàⁿ, bē kiâⁿ lō͘.",,我的痔在通，不能走,"My piles are paining me, I can’t walk."
tì,tì,戴,to wear (a cap or hat)
tī-thâu,tī-thâu,鋤頭,to wear a cap or a hat
Gia̍h chi̍t ki tî-thâu lâi ku̍t hoe-hn̂g.,,拿一把鋤頭來掘花園,Take a hoe and dig up the garden.
tî,tî,池,a hoe (a farming tool)
hî-tî,hî-tî,魚池,a fish pind
khui hî-tî,khui hî-tî,挖魚池,to make a pond
ku̍t hî-tî,ku̍t hî-tî,掘魚池,to dig a pond
chheng hî-tî,tshing hî-tî,清魚池,to clean out a pond
tiān-tî,tiān-tî,電池,batteries (either wet or dry)
tî-liáu...í gōa...,tî-liáu...í guā...,除了...以外,besides | outside of
"Tī chit keng, tî-liáu Chú-kàu kap Sîn-hū í-gōa, iáu ū chin chē kong-bū-oân.",,在這裏除了主教和神父以外，還有很多公務員,Besides the Bishop and the priests there were also many officials in this room.
tì-sek,tì-sik,知識,knowledge
"Lí tio̍h tha̍k-chheh, tì-sek chiah ē hoat-ta̍t.",,你要讀書知識才會發達,You must study if you are to increase your knowledge.
tī-liâu,tī-liâu,治療,medical treatment (N.V.)
Chit ê pīⁿ (chit khí chhùi-khí) ài tī-liâu nn̄g lé-pài chiah ē hó.,,這種病（這一顆牙齒）須治療兩星期才會好,This disease (this tooth) must be treated for two weeks before it will be cured.
tiⁿ,tinn,甜,sweet
tīⁿ,tīnn,滿,to be full
chi̍t poe tīⁿ tīⁿ,tsi̍t pue tīnn tīnn,一杯滿滿地,a cupful
tîⁿ,tînn,纏 | 捲,"to wind | roll (string, thread, rope)"
Chiah ê soh-á tîⁿ-tîⁿ siu-khí-lâi khǹg.,,把這些繩捲起來以便收放,Wind up this cord and put it away.
"Góa chin bô-êng, lí m̄-thang kap góa ko-ko-tîⁿ.",,我很忙，你不要和我嚕哩嚕囌,"I am very busy, don’t pester me."
ko-ko-tîⁿ,ko-ko-tînn,糾纏,to pester | to annoy
tìⁿ,tìnn,假裝,to pertend (usually combined with negative)
tìⁿ m̄ chai,tìnn m̄ tsai,假裝不知道,to pertend not to know
tìⁿ m̄ bat,tìnn m̄ bat,假裝不認識,to pretend not to recognize
tìⁿ bô thiaⁿ--kìⁿ,tìnn bô thiann--kìnn,假裝沒有聽到,to pretend not to hear
tì khong | tìⁿ khong tìⁿ gōng,tì khong | tìnn khong tìnn gōng,裝出怪模怪樣,to droll | to jest | to act as if one were crazy
I siông-siông ài tìⁿ khong tìⁿ-gōng hō͘ lâng chhiò.,,他常常喜歡裝出怪魔怪樣使人發笑,He always acts as if he is crazy in order to make people laugh.
tiāⁿ-tiāⁿ,tiānn-tiānn,常常,always
"Tiāⁿ-tiāⁿ chia̍h bah, chia̍h-liáu mā ē siān.",,常常吃肉，吃多了就會厭,"If one is always eating meat, he will get tired of it."
tiāⁿ-tio̍h,tiānn-tio̍h,決定,to decide | to determine
"Iáu bōe tiāⁿ-tio̍h ê tāi-chì, m̄-thang lām-sú kóng.",,還沒決定的事情，不可亂講,Don’t blab about things that are not definitely settled.
tiāⁿ-kim,tiānn-kim,訂約金,payment in advance
"Lí nā ū tiāⁿ-tio̍h boeh kā góa bé, tāi-seng the̍h chi̍t su̍t-lá tiāⁿ-kim hō͘ góa.",,你若已決定要向我買，先拿一些約金給我,"If you are definite that you want to buy from me, then give me a little money in advance."
tiàⁿ,tiànn,鍋,a pan | pot (for cooking)
tiâⁿ,tiânn,庭,a yard | a courtyard
"Thâu-chêng tiâⁿ, chèng chi̍t kóa hoe khah hó khòaⁿ.",,前庭種些花比較好看,Plant some flowers in the front yard and it will look nicer.
tia̍h,tia̍h,買 | 穀類,to buy any kind of grain
tia̍h-bí,tia̍h-bí,買米,to buy rice
tia̍h thô͘-tāu,tia̍h thôo-tāu,買花生米,to buy peanuts
tia̍h be̍h-á,tia̍h be̍h-á,買麥,to buy wheat
tiám,tiám,點,a dot | a spot | an hour | to light
chi̍t tiám-á-kiáⁿ,tsi̍t tiám-á-kiánn,一點兒,just a teeny bit
Chit jī “O” ū chi̍t tiám bô?,,這個O字有一點嗎？,Has this word “O” a dot on it?
chi̍t tiám-cheng,tsi̍t tiám-tsing,一點鐘 | 一節,an hour | a period of class | a class | one o'clock
tiám pòaⁿ,tiám puànn,一點半,an hour and a half 1:30 o'clock
kúi tiám-cheng,kuí tiám-tsing,幾點鐘,What time? How many hours?
saⁿ tiám-cheng,sann tiám-tsing,三點鐘,three o'clock | three hours
saⁿ tiám gōa,sann tiám guā,三點多鐘,sometime after three o'clock
la̍k tiám sì cha̍p gō͘ hun,la̍k tiám sì tsa̍p gōo hun,六點四十五分,six forty five
tē kúi tiám-cheng,tē kuí tiám-tsing,第幾堂 | 第幾節,What class? What period?
nn̄g tiám cheng kú,nn̄g tiám tsing kú,兩點鐘,for two hours
thâu tiám-cheng,thâu tiám-tsing,第一節 | 頭一節,the first class
chòe āu hit tiám-cheng,tsuè āu hit tiám-tsing,最後那一節,the last class
tiám la̍h-chek,tiám la̍h-tsik,點蠟燭,to light a candle
tiám tiān-hóe,tiám tiān-hué,點電燈,to turn on a light
tiám-teng,tiám-ting,點燈,to light a lamp
tiàm,tiàm,住,to live in | to stay in
lí tiàm tī toh-ūi,lí tiàm tī toh-uī,你住在哪裡？,Where do you live?
tiàm,tiàm,店,a shop
chheh-tiàm,tsheh-tiàm,書店,a bookstore
thì thâu tiàm,thì thâu tiàm,理髮店,a barber shop
cha̍p-hòe-tiàm,tsa̍p-huè-tiàm,雜貨店,a general store | a haberdashery
piáⁿ-tiàm,piánn-tiàm,餅店,a baker shop
pn̄g tiàm | si̍t-tn̂g,pn̄g tiàm | si̍t-tn̂g,飯店,a restaurant
chhài-tiàm,tshài-tiàm,公共食堂 | 酒家,a restaurant (very often a place of ill-repute)
tê-tiàm-á,tê-tiàm-á,茶室,a tea house (almost always a brothel)
pah-hòe-tiàm,pah-huè-tiàm,百貨店,a department store
tiàm-thâu,tiàm-thâu,店,a shop
tiàm oân,tiàm uân,店員,a clerk
tiàm miâ,tiàm miâ,店名,the name of the store
tiám miâ,tiám miâ,點名,to call the roll
Sèng-Bó-Kun khai (khui) hōe ê sî tio̍h-ài tiám miâ.,,聖母軍開會的時候要點名,At a Legion a Mary meeting there must be a roll call.
tiám-sim,tiám-sim,點心,a snack | a morsel between meals
chia̍h tiám-sim,tsia̍h tiám-sim,吃點心,to take refreshments
tiām,tiām,靜,quiet
Goán chia àm-sî chin tiām.,,我們這裏晚上很清靜,It is very quiet here at our place at night.
Tiām-tiām (or khah tiām lè)!,,安靜一點！,Quiet!
tiām--khì,tiām--khì,停了,(a machine) stopprd (stops) | to stop talking (or crying)
Chit ê sî-pió chang-àm (or tiāⁿ-tiāⁿ ē) tiām-khì.,,這個錶昨天晚上停了(常常會停),This watch stopped last night (or always stops).
"Sian-siⁿ chi̍t ē lâi, ha̍k-seng lóng tiām-khì.",,老師一來，學生都安靜下來,"As soon as the teacher came, the students all stopped talking."
tiān-thô͘,tiān-thôo,電土,carbide | acetylene
Bô tiān-hóe ê só͘-chai lóng tiám tiān-thô͘ á-sī hoan-ná-iû (or chúi-iû).,,沒有電燈的地方都點（燃）電土或者煤油,"In places where there is no electricity, they burn carbide or kerosene."
tiān | tiān-tō͘,tiān | tiān-tōo,電 | 電鍍,to electroplate
"Chit ê pió m̄ sī kim ê, sī tiān kim ê.",,這個錶不是金的，是鍍金的,"This watch is not gold, it is plated with gold."
tiān--tio̍h,tiān--tio̍h,感電 | 受電擊,to feel an electric shock
"Lí nā bong tiān-sòaⁿ, ē tiān-tio̍h.",,你若觸電線，你會受電擊,"If you touch an electric wire, you will get a shock."
tiān-iáⁿ,tiān-iánn,電影,a movie
khì khòaⁿ tiān-iáⁿ,khì khuànn tiān-iánn,去看電影,to go to a movie
tiān-khì,tiān-khì,電氣,electricity
tiān-pò,tiān-pò,電報,a telegram
phah tiān-pò | kòng tiān-pò,phah tiān-pò | kòng tiān-pò,打電報,to send a telegram
tiān-pò-chîⁿ,tiān-pò-tsînn,電報費,cost of sending a telegram
tiān-sìn-kio̍k,tiān-sìn-kio̍k,電信局,telegram coffice
tiān-sìn-thiâu | tiān-ōe-thiâu,tiān-sìn-thiâu | tiān-uē-thiâu,電信杆,telegraph poles
tiān-teng,tiān-ting,電燈,electric lights
tiān-hóe,tiān-hué,電燈,electric lights
tiān-hòe-thiāu | tiān-teng-thiāu,tiān-huè-thiāu | tiān-ting-thiāu,電燈杆,an electric lamp post
khan tiān-hóe,khan tiān-hué,裝電線,to wire (a room or a house)
khan tiān-hóe sai-hū,khan tiān-hué sai-hū,電氣工匠,an electrician
tiān-pió | pōng-pió,tiān-pió | pōng-pió,電錶,an electrician meter
tiān-ōe,tiān-uē,電話,telephone
phah tiān-ōe | kòng tiān-ōe | khà tiān-ōe,phah tiān-uē | kòng tiān-uē | khà tiān-uē,打電話,to telephone
tiān-ōe-hoan | tiān-ōe-hō,tiān-uē-huan | tiān-uē-hō,電話號碼,telephone number
tiān-sòaⁿ,tiān-suànn,電線,eletric wire
tiān-kiû,tiān-kiû,電燈泡,electric bulb
tiān-lêng,tiān-lîng,電鈴,an electric bell
ji̍h tiān-lêng,ji̍h tiān-lîng,按電鈴,to press a door bell
tiān-sìⁿ,tiān-sìnn,電扇,an electric fan
tiān-tî,tiān-tî,電池,a battery | wet or dry
hoat-tiān,huat-tiān,發電,producing eletricity | giving off a spark
hoat-tiān-ki,huat-tiān-ki,發電機,a generator
pī-lûi-chiam,pī-luî-tsiam,避雷針,a lightning rod | (avoiding thunder needle)
thau-tiān,thau-tiān,偷電,the make stealthy use of electricity
tiān liáu--khì | bô tiān,tiān liáu--khì | bô tiān,沒有電,the battery is exhausted
tiān bô lâi,tiān bô lâi,電沒有通,the electricity is not on
sit tiān,sit tiān,停電,the electricity has gone off
lāu tiān,lāu tiān,漏電,there is a short circult
tiān-hóe ê chhah-thâu,tiān-hué ê tshah-thâu,電插,an electric or socket
"Tī tha̍k-chheh-lâng ê piah kha ū chi̍t ê tiān-hóe ê chhah-thâu, the̍h chit phā tiān-hóe khì chhah hō͘ to̍h.",,在書房的壁下面有一個電燈的插頭，拿這個電燈去把它點亮,"Take this lamp to the study hall, at the bottom of the wall there is a floor plug, plug this lamp in and light it."
tiān-hóe-tàu | tiān-hóe-tà,tiān-hué-tàu | tiān-hué-tà,電燈罩,a lamp shade
tiān-sī,tiān-sī,電視,television
khòaⁿ tiān-sī,khuànn tiān-sī,看電視,to watch television
tián-lám-hōe,tián-lám-huē,展覽會,an exhibition
"Tâi-pak ū bí-su̍t tián-lám-hōe, lí boeh khì khòaⁿ bô?",,台北有美術展覽會，你要去看嗎？,"Taipei has an exhibition of art, are you going to see it?"
tián,tián,誇示,to flaunt | be proud of | to brag about
I tiāⁿ-tiāⁿ tián in lāu-pē teh chò chhī-tiúⁿ.,,他常常誇示他的父親當市長,He is always bragging about the fact that his father is the mayor.
tian-tò,tian-tò,顛倒 | 反而,to upset | on the contrary
"Lí kóng teh phòa-pēⁿ, tian-tò chia̍h khah chē!",,你說你在生病，反而吃得多,You say you are sick and you eat more than you ever did! (Lit. on the contrary you eat more.)
tián-lé,tián-lé,典禮,a ceremony | celebration | exercises
Chhiáⁿ lí chham-ka pit-gia̍p tián-lé.,,請你參加畢業典禮,Please join us in the graduation exercise.
tiân-tiong,tiân-tiong,田中,Tienchung (name of place)
chi̍t tiap-á-kú | chi̍t tiap-kú-á,tsi̍t tiap-á-kú | tsi̍t tiap-kú-á,一會兒,a very short time
tiàu,tiàu,吊 | 掛,to hang
"Lí nā kóng bē thiaⁿ, boeh kā lí tiàu-khí-lâi phah",,你若講不聽的話，要把你吊起來打,"If you don’t listen to me, I’ll hang you up and beat you."
tiàu saⁿ,tiàu sann,掛衣服,to hang up clothes
Saⁿ tio̍h-ài tiàu-khí-lâi.,,衣服要吊起來,Clothes must be hung up.
tiàu-sí,tiàu-sí,吊死,to hang oneself | to commit suicide
Chit bô lōa kú tī kong-hn̂g ū chi̍t ê lâng tiàu-sí.,,最近在公園有一個人吊死,Not so long ago a man hanged himself in the park.
tiàu-lô͘,tiàu-lôo,吊爐,a censer | a thurible
tiâu,tiâu,着,fixed | fastened | successfully
"Lí tio̍h-ài tàu hō͘ tiâu, chiah bē koh lak-khì.",,你要接着緊，才不會再落下來,"You must fix it tight, then it won’t come loose again."
tiau-cha | tiau-chhâ,tiau-tsa | tiau-tshâ,調查,to investigate
"Chit hāng tāi-chì tio̍h ài tiau-cha (chhâ) khòaⁿ-bāi-lè, chiah thang chò.",,這件事情必要調查看看，才可以做,"This affair must be investing (looked into), before it may be done."
tiau-cha hō͘-kháu,tiau-tsa hōo-kháu,調查戶口,a census taking
Chi̍t ê kèng-chhat lâi tī lâu-kha boeh tiau-cha hō͘-kháu.,,一個警察在樓下欲調查戶口,A policeman came downstairs and wants to check over the census.
tiâu-kiāⁿ,tiâu-kiānn,條件,a condition (term) | on condition that...
"Lí nā boeh chia̍h thâu-lō͘, ū (or ài) sím-mih tiâu-kiāⁿ.",,如果你要奉職有什麼條件,"If you wish to be employed, what are your terms?"
"Lí nā boeh chhiàⁿ góa, góa bô tiâu-kiāⁿ kap lí tòa.",,如果你要僱我，我無條件受你僱用,"If you will hire me, I will work for you without any conditions."
tiau kó͘-tóng,tiau kóo-tóng,戲弄,to kid | to play a trick on
"Lí chin gâu kā góa tiau-kó͘-tóng, sîn-hū bô iá teh kiò góa, lí hāi góa peh khit-khì kàu lâu-téng.",,你真會戲弄我，神父沒有再叫我，你害得我跑到樓上,"You are always kidding me, when Father is not calling me at all, you make me go all the way upstairs."
tiāu,tiāu,掉,"a suffix | (means away, out, off)"
kiat-tiāu,kiat-tiāu,丟掉,to throw away
chhit-tiāu,tshit-tiāu,擦掉,to wipe off
chia̍h-tiāu,tsia̍h-tiāu,吃掉,to eat up
tih,tih,滴 | 滴下,a drop | to drop (as drops of some liquid)
Chi̍t tih chi̍t tih ê chúi iā ē pìⁿ chò tōa-hái.,,一滴一滴的水會變成大海,Many drops of water make the ocean.
"Chhù-téng teh lāu ê khoán, chúi ti̍t-ti̍t tih-lo̍h-lâi.",,也許屋頂有漏洞，水一直漏下來,"It seems as through the roof leaks, water is continually dripping down."
ti̍h | tīⁿ,ti̍h | tīnn,要,to need | to want (usually preceded by [boeh] or [m7])
Chit niá saⁿ iáu boeh ti̍h bô? Nā m̄ ti̍h góa boeh hiaⁿh lâi-khì hō͘ sàn-lâng chhēng.,,這件衣服還要不要？如果不要我要拿給窮人穿,"Do you still want this coat? If you don’t want it, I want to take it and give it to some poor person to wear."
boeh ti̍h,bueh ti̍h,要,to want | have need of
m̄ ti̍h,m̄ ti̍h,不要,not wanted | to forsake
tìm | tàn,tìm | tàn,投 | 拋 | 丟,to throw
tìm-kiû,tìm-kiû,投球,to throw (toss) a ball
tîm--lo̍h-khì,tîm--lo̍h-khì,沈下去,to sink | to drown
Góa ū khòaⁿ kìⁿ hit ê sè-hàn gín-ná tîm-lo̍h-khì.,,我有看見那個小孩子沈下去,I saw that little child drown.
tín-tāng,tín-tāng,動 | 振動,to move | to shake
"Góa teh siá-jī, toh-á m̄-thang phah tín-tāng.",,我在寫字，桌子不可打動,"I am writing, don’t shake the table."
tīn,tīn,陣,a crowd | a camp
chò-tīn,tsò-tīn,一起,together (Lit. to make a group or crowd)
Sîn-hū kap thoân-kàu-sian-siⁿ kap kàu-iú lóng boeh chò tīn khì.,,神父和傳教先生和教友都要一起去,The priest and the catechists and the Catholics will all go together. (go in a group)
chi̍t tīn lâng,tsi̍t tīn lâng,一群人,a crowd of men
chi̍t tīn ke,tsi̍t tīn ke,一群雞,a crowd of chickens
chi̍t tīn gû,tsi̍t tīn gû,一群牛,a crowd of cows
tìn,tìn,占位置,to occupy space | to block off
"Lí m̄-thang tìn tòa hia, hāi lâng bē tàng kòe.",,你不要占在那個地方使人不能過去,Don’t block that place so that people cannot get by.
tìn-ūi | tìn-tè,tìn-uī | tìn-tè,占位置,to take up space (room)
Sím-mih lâng giâ khang siuⁿ-á lâi chia teh tìn-ūi (or tìn-tè)?,,誰拿空箱子來這裏占位置,Who put this empty trunk (or box) here and took up this space?
tìn-lō͘,tìn-lōo,妨礙交通,to block passage
"Lí m̄-thang chē tòa mn̂g-chhùi, ē tìn-lō͘.",,你不要坐在門口，會妨礙通行,Don’t sit in the doorway and block it.
tîn,tîn,藤,rattan | cane
tîn-í,tîn-í,藤椅,a cane chair
tîn-nâ,tîn-nâ,藤籃,a rattan basket
tiò,tiò,釣,fish with rod and line
tiò-hî,tiò-hî,釣魚,fish with rod and line
Góa boeh lâi-khì āu-bīn ê hî-tî-á tiò-hî.,,我要去後面的魚池釣魚,I am going back there to the fish pond and fish.
tio̍h-ài,tio̍h-ài,要 | 必須,must
tio̍h-ài ē kì--tit,tio̍h-ài ē kì--tit,要記著,you must remember
èng-kai tio̍h-ài chò,ìng-kai tio̍h-ài tsò,必須做,you are obliged to do it.
tio̍h,tio̍h,對 | 正確 | 要,correct | O.K. Must
tio̍h-kiaⁿ,tio̍h-kiann,受驚,to become frightened
Lí m̄-bián tio̍h-kiaⁿ.,,你不要驚怕,There is no need of being frightened.
"Kiōng-sán-tóng ê hui-ki nā kâi, lí ē tio̍h-kiaⁿ bē?",,共產黨的飛機若來了，你會驚怕嗎？,Would you become frightened if the Communist planes should come?
tio̍h,tio̍h,,
lia̍h--tio̍h,lia̍h--tio̍h,捉到,caught (past participle)
Cha-hng góa (ū) lia̍h-tio̍h chi̍t chiah niáu-chhí.,,昨天我有捉到一隻老鼠,Yesterday I caught a rat.
Hit chiah niáu-chhí lí ū lia̍h-tio̍h bô?,,那隻老鼠你捉到了嗎？,Did you catch that rat?
Hit chiah niáu-chhí góa ū lia̍h-tio̍h.,,那隻老鼠我捉到了,I caught that rat.
lia̍h ē tio̍h,lia̍h ē tio̍h,,can catch
lia̍h bē tio̍h,lia̍h bē tio̍h,,cannot catch
lia̍h ū tio̍h,lia̍h ū tio̍h,,did catch
Hit chiah niáu-chhí lí ū lia̍h-tio̍h bô?,,那隻老鼠你有沒有捉到？,"Did you catch that rat? (Here the emphasis is on the verb ""[liah8]"")."
Hit chiah niáu-chhí lí lia̍h ū tio̍h bô?,,那隻老鼠你捉到了嗎？,"Did you actually catch that rat or not? (Here the emphasis is on the word ""[tioh8]"")"
lia̍h bô tio̍h,lia̍h bô tio̍h,,did not catch
khòaⁿ--tio̍h,khuànn--tio̍h,看到 | 看見,the same meaning as [khuann3-kinn3]
thiaⁿ--tio̍h,thiann--tio̍h,聽到 | 聽見,the same meaning as [thiann kinn3]
tio̍h,tio̍h,輪到,one's turn comes round
Kòe-khì tio̍h sím-mih lâng tha̍k?,,下一個該誰唸？,Whose turn is it next?
Kin-ná-ji̍t tio̍h siáⁿ lâng (ài) sàu thô͘-kha?,,今天該誰掃地？,Whose turn is it today to sweep the floor?
tio̍h--tio̍h | tio̍h,tio̍h--tio̍h | tio̍h,患 | 中,fall (taken) ill | to draw a prize in a lottery
"Nā tio̍h-tio̍h thn̂g-jiō-pīⁿ, chia̍h-mi̍h chin hùi-khì.",,患上糖尿病，食東西很麻煩,"If one gets diabetes, eating is a real problem."
"Chit tiuⁿ chiúⁿ-koàn nā tio̍h-tio̍h jī-cha̍p bān, góa boeh bé chi̍t tâi B.S.A.",,這張獎券要是中了二十萬，要買一輛B.S.A.,"If this lottery ticket wins $200,000.00 I will buy a B.S.A. (motorbike)"
tiong-kok,tiong-kok,中國,China
tiong-kok-lâng,tiong-kok-lâng,中國人,Chinese
tiong-kok-ōe,tiong-kok-uē,中國話,Chinese | Mandarin
tiong-ng,tiong-ng,中央,middle of
"Boeh hip-siòng, chhiáⁿ lí chē tòa tiong-ng.",,要照相，請你坐在中央,"I want to take a picture, please sit in the center."
tiong-o̍h,tiong-o̍h,中學,middle school
chho͘-tiong,tshoo-tiong,初中,Junior middle school
ko-tiong,ko-tiong,高中,Senior middle school
tiong-kan,tiong-kan,中間,among | between
Tī chhù-nih kap hóe-chhia-thâu ê tiong-kan phàng-kìⁿ-khì.,,在家裏與火車站之中間遺失的,I lost it somewhere between my house and the station.
tī sim tiong,tī sim tiong,在心中,in the mind or heart
tiòng-to̍k,tiòng-to̍k,中毒,poisoning | be poisoned
Chia̍h àu ê hî-á ē tiòng-to̍k.,,吃腐敗了的魚會中毒,"If one eats rotten fish, he will be poisoned."
tio̍ng-iàu,tio̍ng-iàu,重要,importance | important
"Chit hāng tāi-chì chin tiōng-iàu, lí m̄ thang khòaⁿ khin.",,這件事情很重要，你不要看輕,"This is a very important matter, don’t consider it very trivial."
tiong-kó͘,tiong-kóo,中古,slightly old | second-hand | used (Lit. middle-old)
"Góa bô chîⁿ thang chò sin-saⁿ, siūⁿ boeh bé tiong-kó͘ ê.",,我沒有錢做新衣，想要買半舊的,"I have no money to buy new clothes, I think I’ll buy some used ones."
tiong-li̍p,tiong-li̍p,中立,neutral | to stand neutral
"Góa bô ài óa lí, iā bô ài óa i, góa boeh tiong-li̍p.",,我不附和你，也不附和他，我要中立,"I am not for you, nor am I for him, I want to be neutral."
tiong-kiōng | tiong-kok kiōng-sán-tóng,tiong-kiōng | tiong-kok kiōng-sán-tóng,中共,Red China
tiong-liû,tiong-liû,中流,middle class
"I iā m̄ sī siōng-liû, iā m̄ sī hā-liû ê lâng, i sī tiong-liû ê (lâng).",,它既不是上流，也不是下層階級，他是中流階級,"He is not a high class person, nor is he a low class person, he is of the middle class."
tiòng-siong,tiòng-siong,中傷,calumny | to slander | to calumniate
"Che sī lâng ê tiòng-siong, lí m̄ thang sìn.",,這是人家的重傷，你不要信,"Don’t believe that, it is some one calumniating."
tit,tit,得,can
"Sîn-hū, góa iáu ē kì-tit líê kàu-hùn.",,神父，我還記得你的教訓,"Father, I still remember your instructions."
Góa iáu ē jīn-tit lí ê bīn kap lí ê siaⁿ.,,我還認得你的臉和你的聲,I still recognize your face and your voice.
ē chia̍h--tit,ē tsia̍h--tit,可以吃 | 可食的,edible
bē chia̍h--tit,bē tsia̍h--tit,不可以吃 | 不可食的,not fit to be eaten
tit--tio̍h,tit--tio̍h,得到,to obtain
Nâ-kiû ê pí-sài Sèng-Sim-Tūi tit-tio̍h tē it miâ (or koan-kun).,,籃球比賽聖心隊得到第一名（冠軍）,The Sacred Heart team took the first place in the basket tournament.
ti̍t-ti̍t,ti̍t-ti̍t,一直,straight ahead
"Lí ti̍t-ti̍t kóng, góa ti̍t-ti̍t siá.",,你一直講，我一直講寫,"You talk right along, and I’ll write it out."
Lí tio̍h-ài ti̍t-ti̍t kóng,,你要一直講,you must talk up
ti̍t-ti̍t khì,ti̍t-ti̍t khì,一直去,go straight ahead
ti̍t,ti̍t,直,straight
Lí siá jī tio̍h-ài siá hō͘ ti̍t.,,你寫字要寫直,"When you write, you should write in straight lines."
ū ti̍t,ū ti̍t,直,straight
bô ti̍t,bô ti̍t,不直,not straight
"Lí siá jī lóng bô ti̍t, tio̍h siá hō͘ (ū) ti̍t chiah hó khòaⁿ.",,你寫字都沒有直，要寫得直才好看,"Your writing isn’t straight at all, you must write in straight lines then it will look nice."
tiū-á,tiū-á,稻,rice plants
koah tiū-á,kuah tiū-á,收割稻禾,to harvest
pò͘ tiū-á,pòo tiū-á,插秧,to plant fields
tiû-á,tiû-á,綢 | 絹 | 絲,silk
Góa chit niá saⁿ sī tiû-á chò ê.,,我這件衣服是綢子做的,This gown of mine is made of silk.
tiû-á sòaⁿ | siù-sòaⁿ,tiû-á suànn | siù-suànn,絹線,silk thread
tiū-pī,tiū-pī,籌備,to plan | to prepare
tiuⁿ,tiunn,張 | 輛,Cl. for paper | car or bed
tiuⁿ,tiunn,慍怒,to pout | to sulk | sulky
Chit ê gín-ná liâm-piⁿ tiuⁿ boeh khòaⁿ tiān-iáⁿ liâm-piⁿ tiuⁿ boeh bé piáⁿ.,,這個孩子一會兒吵著要看電影，一會兒吵著要買餅,"One minute this youngster is pouting because he wants to see a movie, the next minute he is pouting because he wants to buy cakes."
tiúⁿ,tiúnn,長,a senior | a superior | a leader | a manager
hāu-tiúⁿ,hāu-tiúnn,校長,a school principal
ka-tiúⁿ,ka-tiúnn,家長,the head of a family
siú-tiúⁿ,siú-tiúnn,首長,a leader
thoân-tiúⁿ,thuân-tiúnn,團長,president of a praesidium in the Legion of Mary.
hōe-tiúⁿ,huē-tiúnn,會長,president of some society. This term is also used in some areas for the head Catholic | also the chairman of a meeting
īⁿ-tiúⁿ,īnn-tiúnn,院長,a religious superior | rector of seminary | the head of a hospital
séng-tiúⁿ,síng-tiúnn,省長,ruler of a Province
koān-tiúⁿ,kuān-tiúnn,縣長,ruler of Hsien
chhī-tiúⁿ,tshī-tiúnn,市長,ruler of City
khu-tiúⁿ,khu-tiúnn,區長,"a ""[khu]"" is a subdivision of a municipality"
tìn-tiúⁿ,tìn-tiúnn,鎮長,"a ""[tin3]"" is a subdivision of a ""Hsien"""
hiong-tiúⁿ,hiong-tiúnn,鄉長,"a ""[hiong]"" is a subdivision of a ""Hsien"""
lí-tiúⁿ,lí-tiúnn,里長,"a ""[li2]"" is a subdivision of a ""[khu]"" or a ""[kuan7-hat-tshi7]"" | or a ""[tin3]"""
chhoan-tiúⁿ,tshuan-tiúnn,村長,"a ""[tshuan]"" is a subdivision of a ""[Hiong]"""
tn̂g,tn̂g,長,long
tn̄g,tn̄g,丈,ten feet
tǹg,tǹg,餐,a meal
Góa saⁿ tǹg tòe lâng lóng bē-tio̍h.,,我三餐都趕不上他人,I can’t eat three meals as ordinary people generally do. (I am making very little money.)
tn̄g,tn̄g,斷,"severed | to snap (as pencils, ropes) to break"
Phah tn̄g chhiú-kut khì-tò ióng.,,打斷手骨反而勇,(Lit. Break your arm and it’s stronger than before) “khì-tò” here is the same meaning as “tian-tò”; to be better off than you were before some calamity or accident.
tng,tng,設陷阱,to catch with a trap | to set a trap
niau-chhí-tng,niau-tshí-tng,捕鼠機,a rattrap
Khǹg chi̍t tè ti-bah tòa niáu-chhí-tng thang tng niáu-chhí.,,放一塊豬肉在捕鼠機以便捉老鼠,Put a piece of pork in the rattrap to catch rats.
tńg,tńg,轉,to go round | to revolve | spin
Chit ê chhia-lián chin gâu tńg.,,這個車輪很會轉,This wheel really spins.
tńg--lâi,tńg--lâi,回來,to come back
tńg--khì,tńg--khì,回去,to go back
tǹg,tǹg,蓋,to stamp
tǹg-ìn,tǹg-ìn,蓋章,to stamp with a seal or a personal chop.
to-siā | kám-siā,to-siā | kám-siā,多謝 | 謝謝,thanks
to-á,to-á,刀子,thank you
to-siā--kí,to-siā--kí,謝謝你,a knife | (as a table knife or a pocket knife)
to,to,刀,a knife | a sword
chhài-to,tshài-to,菜刀,a kitchen knife
chhâ-to,tshâ-to,手斧,a hatchet
thì-thâu-to,thì-thâu-to,剃刀,a razor
ko-san-cho̍k ê to,ko-san-tso̍k ê to,高山族的刀,The sword | which the aborigines carry around with them.
to-chio̍h,to-tsio̍h,磨石刀,a whetstone | a grindstone (Lit. knife stone)
Lí ū to-chio̍h thang bôa to-á bô?,,你有磨刀石可供磨刀嗎？,Have you a whetstone to grind a knife?
tò-pêng,tò-pîng,左邊,left side
tò-chhiú-pêng,tò-tshiú-pîng,左手邊,left hand side
oat tò chhiú-pêng,uat tò tshiú-pîng,向左轉,turn to the left
tó,tó,倒 | 臥,to lie down
"Lí teh phòa-pīⁿ, tio̍h-ài tó-lè, m̄-thang khí-lâi.",,你在生病，要臥著，不可爬起來,"You are sick, you must lie down, don’t get up."
tō-lí,tō-lí,道理,doctrine
o̍h tō-lí | tha̍k tō-lí,o̍h tō-lí | tha̍k tō-lí,學道理,to study the doctrine
kóng tō-lí,kóng tō-lí,講道理,to preach
soat-bêng tō-lí | soeh-bêng tō-lí,suat-bîng tō-lí | sueh-bîng tō-lí,說明道理,to explain the doctrine
tō-lí chheh,tō-lí tsheh,道理書,doctrine books
kà tō-lí,kà tō-lí,教道理,to teach the doctrine
ēng hoàn-teng soah-bêng to̍-lí,īng huàn-ting suah-bîng to̍-lí,用幻燈說明道理,To explain the doctrine with slides (a small projector)
tò,tò,倒,to pour out
"Hit kha tháng ê chúi lóng tò-chhut-lâi, pha̍k hō͘ ta.",,那個桶的水都倒出來洒乾,Pour out all the water in that bucket and dry it in the sun.
tō-tek,tō-tik,,morality | morals
"Sím-mih lâng chiah bô tō-tek, chiú-kan-á-phòe hiat tòa lō͘-tiong-ng.",,什麼人這麼缺德，玻璃屑丟在路上？,What person was so inhuman as to throw a piece of a wine bottle in the middle of the road?
tò-thè,tò-thè,後退,to retreat | go backward
Chit ê gín-ná lú tha̍k lú tò-thè.,,這個孩子愈讀書愈倒退,The more this youngster studies the worse he gets. (Lit. the more he goes backwards)
tō-lō͘,tō-lōo,道路,a road
tó,tó,島,an island
tâi-oân-tó͘,tâi-uân-tóo,台灣島,The island of Formosa
tô͘,tôo,圖 | 畫,a drawn picture
ēng tō ké-soeh tō-lí,īng tō ké-sueh tō-lí,用圖解釋道理,to explain the doctrine with pictures
ang-á-tô͘,ang-á-tôo,卡通,cartoons | comics
"Góa khòaⁿ cha̍p-chì, kan-taⁿ khòaⁿ ang-á-tô͘ niā-tiāⁿ, bô khòaⁿ jī.",,我看雜誌，只看圖畫，不看字,"I only look at the pictures in magazines, I don’t read them."
tô͘-su-koán,tôo-su-kuán,圖書館,library
tô͘-su-sek,tôo-su-sik,圖書室,small library (Lit. book and chart room)
so͘-chhī,soo-tshī,都市,big cities
Tâi-pak sī chin lāu-jia̍t ê to͘-chhī.,,台北是很熱鬧的都市,Taipei is a very exciting city.
tō͘,tōo,度,"moderation | degree (of temperature, specific gravity)"
kòe-tō͘,kuè-tōo,過度,to go beyond of the bounds of moderation
Khang-khòe nā chò kòe-tō͘ ē phòa-pīⁿ.,,工作過度會害病,"If one works beyond the proper measure, he will get sick."
Kiám khòaⁿ ū kúi tō͘? Saⁿ cha̍p káu tō͘ nn̄g hun.,,檢檢看有幾度？三十九度二分,Investigate and see what the temperature is? Thirty nine and two tenths degrees.
tō͘,tōo,度,to bear | to keep up
Góa kā lâng sé saⁿ teh tō͘ saⁿ tǹg. Chhun chit cha̍p kho͘ ná ē tàng tō͘ kàu goe̍h-bóe?,,我給人家洗衣服以度三餐,I wash for people and I make my three meals. (keep up three meals).
,,剩這十塊錢怎能維持到月底？,"There is a ten dollar bill left, how can we keep going to the end of the month?"
tò͘,tòo,浸透,to spread (as ink)
"Chit khoán ê chóa bô thang hó, siá-tio̍h jī ē tò͘.",,這種紙不太好，寫字會浸透,"This kind of paper is not so hot (good), when one writes the words spread out."
tōa,tuā,大,big cities
tōa hàn,tuā hàn,長大,tall | grown up
tōa-lâng,tuā-lâng,成人,an adult
tōa-hàn gín-á,tuā-hàn gín-á,大孩子,a big kid
tòa,tuà,住,to live | to stay in a place
Góa khí Tâi-pak tòa saⁿ ji̍t.,,我去台北住三天,I went to Taipei and stayed for three days.
tòa,tuà,帶 | 腰帶,girdle | belt | ribbon
ê tòa,ê tuà,鞋帶,shoe strings
khò͘-tòa,khòo-tuà,褲帶,belt (of trousers)
niá-tòa,niá-tuà,領帶,a necktie
phôe-tòa,phuê-tuà,皮帶 | 調帶,"belt (of machine, Lit. leather belt)"
sèng-tòa,sìng-tuà,聖帶,a stole
tòa-á,tuà-á,帶子,tape
chi̍t kńg tòa-á,tsi̍t kńg tuà-á,一卷帶子,a reel of tape
tòa,tuà,帶,to take or bring along
"Chit pau hêng-lí, sòa kā góa tòa-khì.",,這包行李順便給我帶去,"Take this bundle of baggage along with you, (when you go; dpnt make a special trip)."
tòa--khì,tuà--khì,帶去,to take along
tòa--lâi,tuà--lâi,帶來,to bring along
tòa,tuà,服務,to work for | be employed
Góa tòa tī chhī chèng-hú (or kok-bîn-ha̍k-hāu).,,我服務於市政府（國民學校）,I work for the city government. (or at an elementary school.)
tōa-bē,tuā-bē,批發,wholesale
tōa-bē-kè,tuā-bē-kè,批發價,wholesale price
Góa chiàu tōa-bē-kè bē lí.,,我照批發價賣你,I’ll sell this to you at wholesale price.
tōa-pō͘-hūn,tuā-pōo-hūn,大部分,the greater part | the majority
Hiān-chāi tōa-pō͘-hūn ê Tâi-oân-lâng sìn hu̍t-kàu.,,現在大部分的人信佛教,At present the majority of the Taiwanese believe in Buddhism.
toaⁿ,tuann,單 | 票,a ticket | a bill
chhài-toaⁿ,tshài-tuann,菜單,a menu
chhia-toaⁿ,tshia-tuann,車單,train or bus ticket
chiam-lé-toaⁿ,tsiam-lé-tuann,瞻禮單 | 瞻禮表,Church calendar
khui-toaⁿ,khui-tuann,開單,make out a bill
phōe-toaⁿ,phuē-tuann,被單,a bed sheet
hì-toaⁿ,hì-tuann,戲單 | 戲票,a theater ticket
soan-thoân-toaⁿ,suan-thuân-tuann,宣傳單,propaganda leaflets
tôaⁿ,tuânn,彈,to play on (a piano or a guitar)
"Sió-chiá, thiaⁿ-kìⁿ kóng lí chin gâu tôaⁿ kǹg-khîm, tôaⁿ chi̍t tiâu (or khek) hō͘ góa thiaⁿ hó bô?",,小姐，聽說你很會彈鋼琴，彈一曲給我聽，好不好？,"Miss, I hear that you are very good at playing the piano; how about playing a piece for me."
tòe,tuè,跟 | 隨,to follow
"Lí nā m̄-chai ūi, tòe góa lâi.",,你若不知道路，跟我來,"If you don’t know the way, follow me."
tòe lâng sî kiâⁿ | tòe liû-hêng,tuè lâng sî kiânn | tuè liû-hîng,追流行,to follow the fashion.
toh-á,toh-á,桌子,a table
cháu-toh--ê,tsáu-toh--ê,侍者,a waiter (of a restaurant)
toh-kin,toh-kin,桌巾,a table cloth
toh-ūi,toh-uī,何處 | 哪裡,Where?
to̍h,to̍h,燃燒 | 燃著,to be ablaze | to be burning
La̍h-chek chhiáⁿ lí tiám hō͘ to̍h.,,請你點燒蠟燭,Light the candles.
toh-pò͘,toh-pòo,抹布,a cloth duster | dust rag
to̍k-li̍p,to̍k-li̍p,獨立,independent
"I chím-má ū teh chia̍h thâu-lō͘, ē-tàng to̍k-li̍p.",,他現在有職業了，可以獨立,"He has a job now, he can shift for himself."
to̍k-li̍p-kì-liām-ji̍t,to̍k-li̍p-kì-liām-ji̍t,獨立紀念日,Independence Day
to̍k,to̍k,毒,poison
Hit ê lâng chia̍h to̍k-io̍h chū-sat.,,那個人服毒藥自殺,He committed suicide by poisoning himself.
ū to̍k,ū to̍k,有毒,poisonous
tok,tok,切碎 | 琢,to mince | to chop up
Tok bah chò bah-oân.,,切碎肉做肉丸,Chop up some meat and make meat balls.
piān-tong,piān-tong,便當,one of those cold lunch boxes you buy on the train
"Góa e-tàu bē-tàng tńg lâi chia̍h, (góa) boeh tòa piān-tong lâi-khì.",,我中午不能回來吃，我要帶便當去,"I shall not be able to go home to eat at noon, I’ll bring my lunch along."
tòng,tòng,堪 | 停 | 煞車,to bear | to stop
Chhia m̄-thang tòng-tòa ke-á-lō͘ ê tiong-ng.,,車子不可停在街道中央,Don’t stop the car in the middle of the street.
tòng bē tiâu,tòng bē tiâu,堪不住 | 過不去,cannot bear | cannot help but
"I chin iau-kúi, bô chia̍h tòng bē tiâu.",,他很餓鬼，沒吃就過不去,"He’s as hungry as the devil, if he doesn’t eat he just can’t stand it."
kha-tòng,kha-tòng,腳煞 | 腳的制動機,foot brake
chhiú-tòng,tshiú-tòng,手煞 | 手的制動機,hand brake
tōng,tōng,洞,a cave
"Hut-jiân, chi̍t chiah sai tùi tōng-lāi cháu chhut-lâi.",,忽然一隻獅子從洞裏跑出來,All of the sudden a lion ran out of a cave.
hông khong tōng,hông khong tōng,防空洞,a bomb shelter an air raid shelter
tōng-bu̍t,tōng-bu̍t,動物,an animal
tōng-bu̍t-ha̍k,tōng-bu̍t-ha̍k,動物學,zoology
tōng-bu̍t-hn̂g,tōng-bu̍t-hn̂g,動物園,a zoo
tong-jiân,tong-jiân,當然,of course
tông-chhong,tông-tshong,同學,a schoolmate
tông-hiong,tông-hiong,同鄉,a person from the same neighborhood
tông-chêng,tông-tsîng,同情,sympathy | to sympathize
Lâng tio̍h-ài tông-chêng lâi tông-chêng khì.,,人必須互相同情,Men should sympathize with each other.
tông-liâu | tông-sū,tông-liâu | tông-sū,同僚 | 同事,a fellow officer | a colleague
Góa ê tông-sū (or tông-liâu) tāi-ke tùi góa chin hó.,,我的同事大家待我很好,My colleagues are all very nice to me.
tông-ì | chàng-sêng,tông-ì | tsàng-sîng,同意,to consent | approve
Tāi-ke ū tông-ì bô?,,大家同意嗎？,Does everybody approve?
tōng-ki,tōng-ki,動機,a motive
Lí boeh sî-chit sī ūi-tio̍h sím-mih tōng-ki?,,你要辭職是為了什麼動機？,What is your motive for wanting to resign?
tòng-soán,tòng-suán,當選,to be elected | to win an election
"Lí siūⁿ siáⁿ-lâng ē tòng-soán (Chóng-thóng, Chhī-tiúⁿ)?",,你想誰會當選（總統，市長）？,Who do you think will be elected (president or mayor)?
tóng,tóng,黨,a party
Lí sio̍k tī sím-mih tóng?,,你屬於什麼黨？,What party do you belong to?
kok-bîn-tóng,kok-bîn-tóng,國民黨,the National Patry
kiōng-sán-tóng,kiōng-sán-tóng,共產黨,the Communist Party
bîn-chú-tóng,bîn-tsú-tóng,民主黨,the Democratic Party
kiōng-hô-tóng,kiōng-hô-tóng,共和黨,the Republican Party
lô͘-môa-tóng,lôo-muâ-tóng,流氓黨,the gang of loafers
tông-chú-kun,tông-tsú-kun,童子軍,(boy) scout
tùi,tuì,,
I tùi góa ê chheh the̍h-khì. I the̍h góa ê chheh khì.,,他把我的書拿去,He took my books away.
"Tùi chit ê ji̍h-lo̍h-khì, chiū ē to̍h. (a switch, a lighter) Ji̍h chit ê lo̍h-khì, chiū ē to̍h.",,把這個擦下去就會點上,Press this down and it will light.
Chi̍t ē tùi hit téng âng bō-á liù-khí-lâi khòaⁿ - (L. 32) Chi̍t ē liù hit téng âng bō-á khí-lâi khòaⁿ…,,一把那頂紅帽子脫起來看,As soos as they lifed the red hat and took a look….
"Tùi kha-tòng ta̍h-lo̍h-khì, chhia chiū ē tòng-tiām. Ta̍h kha-tòng lo̍h-khì, chhia chiū ē tòng-tiām.",,把腳剎車機踩下去，車子就會停止,Push down the foot brake and the car (or any vehicle) will stop.
tùi-hoán,tuì-huán,相反,the opposite
Thian-tông ê tùi-hoán sī tē-ga̍k (ge̍k).,,天堂的對反是地獄,The opposite of the heaven is hell.
bô-tùi,bô-tuì,不對,wrong | incorrect
Lí nā án-ni kóng chiū bô-tùi.,,你若這樣講就不對了,"If you say that, you are wrong."
tùi,tuì,對 | 從,from | by | facing | a pair
Lí tùi toh-ūi lâi?,,你從那裡來？,Where did you come from?
tùi-bīn,tuì-bīn,對面,opposite
tùi,tuì,對照 | 校對,to collate | to check
Chhiáⁿ lí tùi khòaⁿ ū m̄-tio̍h bô?,,請你叫對看看有沒錯,Please check it over and see if there are any mistakes.
tùi sî-kan,tuì sî-kan,對時間,to set a watch
tūi,tuī,隊,a team
pâng-kiû tūi | iá-kiû-tūi,pâng-kiû tuī | iá-kiû-tuī,棒球隊,a baseball team
nâ-kiû-tūi,nâ-kiû-tuī,籃球隊,a basketball team
bāng-kiû-tūi,bāng-kiû-tuī,網球隊,a tennis team
kha-kiû-tūi,kha-kiû-tuī,足球隊,a football team
kun-tūi | peng-tūi,kun-tuī | ping-tuī,軍隊,an army
im-ga̍k-tūi | ga̍k-tūi,im-ga̍k-tuī | ga̍k-tuī,音樂隊,an orchestra
ko-keng-tūi,ko-king-tuī,歌經隊,a Church choir
ha̍p-chhiù-tūi,ha̍p-tshiù-tuī,合唱隊,a choir
tùi-put-chū | sit-lé,tuì-put-tsū | sit-lé,對不住,I beg your pardon | excuse me
"Góa siuⁿ bān lâi, chin tùi-put-chū.",,我來遲了，真對不起,"I came too late, excuse me."
tú-tú,tú-tú,正好 | 剛剛 | 剛才,just
I tú-tú chím-má lâi.,,他現在剛剛來,He just came now.
tú-tú-hó,tú-tú-hó,恰好,just right
tú-chiàⁿ | tú-chiah,tú-tsiànn | tú-tsiah,剛纔,a little before
I tú-chiàⁿ (tú-chiah) lâi.,,他剛剛纔來,He just came (a minute ago).
tú,tú,支持,to support (from falling down)
"Chit phìⁿ piah giōng-giōng boeh tó-lo̍h-lâi, ài giâ chi̍t ki thiāu-á tú-lè.",,這牆壁幾乎要塌下來，拿一根柱子來支住,"This wall is just about ready to tumble down, it must be supported with a pole."
tû,tû,櫥,a cabinet
chhài-tû,tshài-tû,菜櫥,a kitchen cabinet
chheh-tû,tsheh-tû,書架,a bookcase
chè-i tî,tsè-i tî,祭衣櫥,a vestment case
saⁿ-á tû,sann-á tû,衣櫥,a clothes closet
tú--tio̍h,tú--tio̍h,遇到,to meet
"Lí nā tú-tio̍h Sîn-hū, chhiáⁿ lí thè góa kā i chhéng-an.",,如果你遇到神父，請你代我向他請安,"If you meet Father, will you please greet him for me? (remember me to him)"
tú-tú boeh,tú-tú bueh,剛剛要,about to
"Góa tú-tú boeh khì lín chhù, lí tú-tú lâi, chin tú hó.",,我剛剛要去你家，你剛好來，真湊巧,"I was just going to your house, and you just came, this is just right."
tû-pâng | chóng-phò͘,tû-pâng | tsóng-phòo,廚房,a cook (polite term)
tun,tun,鈍,dull (instruments)
tùn,tùn,頓,a ton
Bîn-ná-chài boeh chhut-phâng ê hòe-bu̍t-chûn ū chi̍t bān tùn.,,明天將要起航的貨船有一萬頓,"The cargo boat, which will sail tomorrow has a capacity of 10,000 tons."
tūn | hâm-bān,tūn | hâm-bān,愚笨,stupid
chi̍t tun | chi̍t tui,tsi̍t tun | tsi̍t tui,一堆,a pile
Chit tun (tui) keng-chio bē lí gō͘ kho͘ tio̍h hó.,,這堆香蕉賣給你五元就好,I’ll sell you this pile of bananas for five dollars.
ū,ū,有,have | has | there is | there are
ū chîⁿ,ū tsînn,有錢 | 富有,wealthy
ū-iáⁿ,ū-iánn,真的,true | a fact
I kóng ê khah ū iáⁿ; lí kóng ê khah bô iáⁿ.,,他講的比較真實，你講得比較不真實,There is more truth to what he says; there is less truth to what you say.
ū kui-kí,ū kui-kí,守規的,well-mannered
ū lé-sò͘,ū lé-sòo,有禮貌,polite
ū-miâ,ū-miâ,有名的,famous
ū miâ bô si̍t | iú bêng bû-si̍t,ū miâ bô si̍t | iú bîng bû-si̍t,有名無實,having a name | but no realiry.
ū sî-á | ū tang sî-á,ū sî-á | ū tang sî-á,有時 | 往往,sometimes
ū ê,ū ê,有的,there are some
ū ê lâng,ū ê lâng,有些人,some people
ū ê só͘-chai ê lâng sī án-ni kóng.,,有的地方的人是這麼講,People in some places talk that way.
ú-tiū,ú-tiū,宇宙,thr universe
"Thian-chú í-gōa, sím-mih lâng ē-tàng chō chiah-ni̍h tōa ê ú-tiū.",,天主之外，什麼人能夠造出這麼大的宇宙,"Who, but God, could make such a great universe!"
ù-peng,ù-ping,以冰覆蓋,to apply ice to a wound
"Jia̍t chin koân, ài ù-peng kap khùn peng-chím chiah hó.",,熱度很高，必須以冰覆蓋和睡冰枕才好,"The fever is very high, you must apply ice and sleep on an ice pillow."
ūi-tio̍h,uī-tio̍h,為了,for the sake of | on account of
ūi,uī,位,place | seat | (honorific cl. for persons)
kok-ūi,,各位,everybody (polite term)
ūi,uī,胃,the stomach
Lí bat ūi thiàⁿ bô?,,你曾胃痛嗎？,Have you ever had a stomach-ache?
ui,ui,穿孔,to bore (a hole)
"Ēng chǹg-á ui chi̍t khang, thang chhng soh-á.",,用鑽子穿一個洞，以便穿繩子,Bore a hole with a drill so that a cord can be put through.
ui-giâm,ui-giâm,威嚴,dignity | majesty
"Bó͘-bó͘ lâng chin ū ui-giâm, ta̍k-ê kàu-iú lóng chin kiaⁿ i.",,某某人很有威嚴，每個教友都很怕他,"So-and-so is very dignified, all the Christians revere him."
úi-jīm,uí-jīm,委任,to entrust | to delegate
Góa chit hāng tāi-chì úi-jīm lu̍t-su teh pān-lí.,,我這件事情委任律師在辦理,I entrusted this matter to a lawyer to take care of.
úi-thok,uí-thok,委托,to entrust | to delegate
ùi-an | an-ùi,uì-an | an-uì,慰安 | 安慰,to comfort | to console | consolation
Hit ê hoān-lâng lí tio̍h-ài siông-siông kā an-ùi.,,那個犯人你要常常安慰他,You should frequently go and console that prisoner.
ùi,uì,厭倦,to be sick of (food) | to dread | to fear | to be disgudted with
"Ta̍k-ji̍t chia̍h chhe-chhau (or chheⁿ-chhau), só͘-í chím-má khòaⁿ-tio̍h bah chiū ē ùi.",,每天吃盛餐所以現在看到肉就會厭倦,"We have a baquet every day, so now when I see meat, I become disgusted."
ùi-kôaⁿ,uì-kuânn,惡寒戰慄,feel a chill (shivery) | have a cold fit
"Chím-má teh ùi-kôaⁿ, tāi-khài ū jia̍t.",,正感惡寒戰慄恐怕有熱度,"I am now shivering, I most probably have a fever."
ûi,uî,圍,to enclose | fence off | rope off
"Chit ê hî-tî-á bô ûi-khí-lâi bē ēng-tit bē ēng-tit, àm-sî lâng tiāⁿ-tiāⁿ lâi thau lia̍h hî.",,這個魚池非圍起來不可，晚上常有他人來偷魚,"If this fish pond is not fenced off, it just won’t do, there are always people coming at night to steal the fish."
"Tú-chiah boah âng-mô͘-thô͘ ê só͘-chai, ài ēng soh-á ûi-khí-lâi, khah bē hō͘ lâng ta̍h-tio̍h.",,剛才塗上水泥的地方須用繩子圍起來，才不致被人踩上,"A place where concrete has just been laid, should be roped off, then it will not so easily be tramped on by people."
ún-tàng,ún-tàng,安全 | 穩當,safe
"Lāu-su bô lâi, gín-ná ún-tàng chhit-thô.",,老師沒來，孩子們定在遊玩,"The teacher did not come, the children can play very safely (freely)."
ùn (tāu-iû),ùn (tāu-iû),沾 | 醬油,to dip in (soya sauce)
Lí chia̍h thō͘-ma-tò͘ ài ùn thn̂g bô?,,你吃蕃茄，要不要抹糖,Do you dip your tomatoes in sugar when you eat them?
un-tō͘,un-tōo,溫度,temperature
kiám un-tō͘,kiám un-tōo,檢溫度,to take the temperature
ūn,ūn,運氣,fate | destiny | fortune
hó-ūn,hó-ūn,好運氣,fortunate
pháiⁿ ūn,pháinn ūn,運氣壞,unfortunate (also used as adv.)
"Góa chin pháiⁿ ūn, phàng-kìⁿ chi̍t pah kho͘.",,我的運氣很壞，丟掉了一百元,I have had some very bad luck; I lost a hundred dollars.
ūn-tōng,ūn-tōng,運動,athletics | sports
I tùi ūn-tōng chin ū chhù-bī.,,他對運動很有趣味,He is very much interested in sports.
ūn-tōng-hōe,ūn-tōng-huē,運動會,athletic meeting
ūn-tōng-tiûⁿ,ūn-tōng-tiûnn,運動場,athletic field
ūn-tiōng ê,ūn-tiōng ê,運動鞋,sports shoes
ūn-tōng ka,ūn-tōng ka,運動家,a sportsman
ūn-hô,ūn-hô,運河,a canal | a watercourse
ūn-poaⁿ,ūn-puann,運搬,transport (N.V.)
ūn-hùi | ūn-kim | ūn-chîⁿ,ūn-huì | ūn-kim | ūn-tsînn,運費,cost of transportation
"Chiah ê mi̍h-kiāⁿ boeh ūn-poaⁿ khì Tâi-pak, ūn-kim ài lōa chē?",,這些東西搬運到台北，運輸費要多少,What would be the cost of transportation to transport these things to Taipei?
ūn-choán | kà-sú,ūn-tsuán | kà-sú,運轉 | 駕駛,"to put in motion (a car, machine) | to drive"
Khì-chhia lí ē hiáu ūn-choán bē?,,你會不會駕駛汽車？,Do you know how to drive a car?
ūn-choán chhiú | su-ki,ūn-tsuán tshiú | su-ki,車夫,a chauffeur | a driver
ûn-á-sī,ûn-á-sī,慢慢的,slowly
"Chhiáⁿ lí ûn-ná-sī, m̄-bián siuⁿ kóaⁿ-kín.",,請你慢慢地，不必過急,"Take your time, no need of such a rush."
ûn-ûn-á,ûn-ûn-á,慢慢的 | 小心,slowly | carefully
"Chhiáⁿ lí ûn-ûn-ná chia̍h, chia̍h hō͘ pá",,請你慢慢吃，吃飽一點,"Take your time eating, and stuff yourself."
un-sûn,un-sûn,溫順,meek
Tùi sī-tōa tio̍h-ài khah un-sûn lè!,,對長輩要溫順一點,You should be more meek towards your superiors.
un-chôaⁿ,un-tsuânn,溫泉,hot springs
Chiong-hòa ê Pat-kòa soaⁿ ū un-chôaⁿ.,,彰化的八卦山上有溫泉,There are hot springs in Changhua on Pat Koa Mountain.
ut-saⁿ,ut-sann,熨衣服 | 燙衣服,to iron clothes
Saⁿ ut hó bōe?,,衣服燙（熨）好了嗎？,Are the clothes ironed yet?
ut-táu,ut-táu,熨斗,an iron
tiān-khì ut-táu,tiān-khì ut-táu,電器熨斗,electric iron
